# Sample robot (metres, Y-up)
mtllib robot.mtl
o body
usemtl robot_body
v 0.5 1.900000023841858 0.30000001192092896
v 0.5 1.900000023841858 -0.30000001192092896
v 0.5 0.6999999761581421 0.30000001192092896
v 0.5 0.6999999761581421 -0.30000001192092896
v -0.5 1.900000023841858 -0.30000001192092896
v -0.5 1.900000023841858 0.30000001192092896
v -0.5 0.6999999761581421 -0.30000001192092896
v -0.5 0.6999999761581421 0.30000001192092896
v -0.5 1.900000023841858 -0.30000001192092896
v 0.5 1.900000023841858 -0.30000001192092896
v -0.5 1.900000023841858 0.30000001192092896
v 0.5 1.900000023841858 0.30000001192092896
v -0.5 0.6999999761581421 0.30000001192092896
v 0.5 0.6999999761581421 0.30000001192092896
v -0.5 0.6999999761581421 -0.30000001192092896
v 0.5 0.6999999761581421 -0.30000001192092896
v -0.5 1.900000023841858 0.30000001192092896
v 0.5 1.900000023841858 0.30000001192092896
v -0.5 0.6999999761581421 0.30000001192092896
v 0.5 0.6999999761581421 0.30000001192092896
v 0.5 1.900000023841858 -0.30000001192092896
v -0.5 1.900000023841858 -0.30000001192092896
v 0.5 0.6999999761581421 -0.30000001192092896
v -0.5 0.6999999761581421 -0.30000001192092896
vt 0 1
vt 1 1
vt 0 0
vt 1 0
vt 0 1
vt 1 1
vt 0 0
vt 1 0
vt 0 1
vt 1 1
vt 0 0
vt 1 0
vt 0 1
vt 1 1
vt 0 0
vt 1 0
vt 0 1
vt 1 1
vt 0 0
vt 1 0
vt 0 1
vt 1 1
vt 0 0
vt 1 0
vn 1 0 0
vn 1 0 0
vn 1 0 0
vn 1 0 0
vn -1 0 0
vn -1 0 0
vn -1 0 0
vn -1 0 0
vn 0 1 0
vn 0 1 0
vn 0 1 0
vn 0 1 0
vn 0 -1 0
vn 0 -1 0
vn 0 -1 0
vn 0 -1 0
vn 0 0 1
vn 0 0 1
vn 0 0 1
vn 0 0 1
vn 0 0 -1
vn 0 0 -1
vn 0 0 -1
vn 0 0 -1
f 1/1/1 3/3/3 2/2/2
f 3/3/3 4/4/4 2/2/2
f 5/5/5 7/7/7 6/6/6
f 7/7/7 8/8/8 6/6/6
f 9/9/9 11/11/11 10/10/10
f 11/11/11 12/12/12 10/10/10
f 13/13/13 15/15/15 14/14/14
f 15/15/15 16/16/16 14/14/14
f 17/17/17 19/19/19 18/18/18
f 19/19/19 20/20/20 18/18/18
f 21/21/21 23/23/23 22/22/22
f 23/23/23 24/24/24 22/22/22
o head
usemtl robot_head
v 0 2.5499999940395357 0
v 0 2.5499999940395357 0
v 0 2.5499999940395357 0
v 0 2.5499999940395357 0
v 0 2.5499999940395357 0
v 0 2.5499999940395357 0
v 0 2.5499999940395357 0
v 0 2.5499999940395357 0
v 0 2.5499999940395357 0
v 0 2.5499999940395357 0
v 0 2.5499999940395357 0
v 0 2.5499999940395357 0
v 0 2.5499999940395357 0
v 0 2.5499999940395357 0
v 0 2.5499999940395357 0
v 0 2.5499999940395357 0
v 0 2.5499999940395357 0
v 0 2.5499999940395357 0
v 0 2.5499999940395357 0
v 0 2.5499999940395357 0
v 0 2.5499999940395357 0
v 0 2.5499999940395357 0
v 0 2.5499999940395357 0
v 0 2.5499999940395357 0
v 0 2.5499999940395357 0
v -0.0682816132903099 2.543274861574173 0
v -0.06595497578382492 2.543274861574173 0.01767258159816265
v -0.059133611619472504 2.543274861574173 0.03414080664515495
v -0.04828239232301712 2.543274861574173 0.04828239232301712
v -0.03414080664515495 2.543274861574173 0.059133611619472504
v -0.01767258159816265 2.543274861574173 0.06595497578382492
v -4.181042722382463e-18 2.543274861574173 0.0682816132903099
v 0.01767258159816265 2.543274861574173 0.06595497578382492
v 0.03414080664515495 2.543274861574173 0.059133611619472504
v 0.04828239232301712 2.543274861574173 0.04828239232301712
v 0.059133611619472504 2.543274861574173 0.03414080664515495
v 0.06595497578382492 2.543274861574173 0.01767258159816265
v 0.0682816132903099 2.543274861574173 8.362085444764927e-18
v 0.06595497578382492 2.543274861574173 -0.01767258159816265
v 0.059133611619472504 2.543274861574173 -0.03414080664515495
v 0.04828239232301712 2.543274861574173 -0.04828239232301712
v 0.03414080664515495 2.543274861574173 -0.059133611619472504
v 0.01767258159816265 2.543274861574173 -0.06595497578382492
v 1.2543128580737696e-17 2.543274861574173 -0.0682816132903099
v -0.01767258159816265 2.543274861574173 -0.06595497578382492
v -0.03414080664515495 2.543274861574173 -0.059133611619472504
v -0.04828239232301712 2.543274861574173 -0.04828239232301712
v -0.059133611619472504 2.543274861574173 -0.03414080664515495
v -0.06595497578382492 2.543274861574173 -0.01767258159816265
v -0.0682816132903099 2.543274861574173 -1.6724170889529853e-17
v -0.1339392066001892 2.523357850313187 0
v -0.12937533855438232 2.523357850313187 0.034666016697883606
v -0.11599475145339966 2.523357850313187 0.0669696033000946
v -0.09470931440591812 2.523357850313187 0.09470931440591812
v -0.0669696033000946 2.523357850313187 0.11599475145339966
v -0.034666016697883606 2.523357850313187 0.12937533855438232
v -8.201410573860176e-18 2.523357850313187 0.1339392066001892
v 0.034666016697883606 2.523357850313187 0.12937533855438232
v 0.0669696033000946 2.523357850313187 0.11599475145339966
v 0.09470931440591812 2.523357850313187 0.09470931440591812
v 0.11599475145339966 2.523357850313187 0.0669696033000946
v 0.12937533855438232 2.523357850313187 0.034666016697883606
v 0.1339392066001892 2.523357850313187 1.6402821147720353e-17
v 0.12937533855438232 2.523357850313187 -0.034666016697883606
v 0.11599475145339966 2.523357850313187 -0.0669696033000946
v 0.09470931440591812 2.523357850313187 -0.09470931440591812
v 0.0669696033000946 2.523357850313187 -0.11599475145339966
v 0.034666016697883606 2.523357850313187 -0.12937533855438232
v 2.4604232548761142e-17 2.523357850313187 -0.1339392066001892
v -0.034666016697883606 2.523357850313187 -0.12937533855438232
v -0.0669696033000946 2.523357850313187 -0.11599475145339966
v -0.09470931440591812 2.523357850313187 -0.09470931440591812
v -0.11599475145339966 2.523357850313187 -0.0669696033000946
v -0.12937533855438232 2.523357850313187 -0.034666016697883606
v -0.1339392066001892 2.523357850313187 -3.2805642295440706e-17
v -0.19444958865642548 2.49101437330246 0
v -0.18782387673854828 2.49101437330246 0.05032725632190704
v -0.16839827597141266 2.49101437330246 0.09722479432821274
v -0.13749662041664124 2.49101437330246 0.13749662041664124
v -0.09722479432821274 2.49101437330246 0.16839827597141266
v -0.05032725632190704 2.49101437330246 0.18782387673854828
v -1.1906603173210791e-17 2.49101437330246 0.19444958865642548
v 0.05032725632190704 2.49101437330246 0.18782387673854828
v 0.09722479432821274 2.49101437330246 0.16839827597141266
v 0.13749662041664124 2.49101437330246 0.13749662041664124
v 0.16839827597141266 2.49101437330246 0.09722479432821274
v 0.18782387673854828 2.49101437330246 0.05032725632190704
v 0.19444958865642548 2.49101437330246 2.3813206346421582e-17
v 0.18782387673854828 2.49101437330246 -0.05032725632190704
v 0.16839827597141266 2.49101437330246 -0.09722479432821274
v 0.13749662041664124 2.49101437330246 -0.13749662041664124
v 0.09722479432821274 2.49101437330246 -0.16839827597141266
v 0.05032725632190704 2.49101437330246 -0.18782387673854828
v 3.571980951963237e-17 2.49101437330246 -0.19444958865642548
v -0.05032725632190704 2.49101437330246 -0.18782387673854828
v -0.09722479432821274 2.49101437330246 -0.16839827597141266
v -0.13749662041664124 2.49101437330246 -0.13749662041664124
v -0.16839827597141266 2.49101437330246 -0.09722479432821274
v -0.18782387673854828 2.49101437330246 -0.05032725632190704
v -0.19444958865642548 2.49101437330246 -4.7626412692843164e-17
v -0.2474873661994934 2.4474873661994936 0
v -0.23905444145202637 2.4474873661994936 0.0640544444322586
v -0.21433034539222717 2.4474873661994936 0.1237436830997467
v -0.17499999701976776 2.4474873661994936 0.17499999701976776
v -0.1237436830997467 2.4474873661994936 0.21433034539222717
v -0.0640544444322586 2.4474873661994936 0.23905444145202637
v -1.515423171774096e-17 2.4474873661994936 0.2474873661994934
v 0.0640544444322586 2.4474873661994936 0.23905444145202637
v 0.1237436830997467 2.4474873661994936 0.21433034539222717
v 0.17499999701976776 2.4474873661994936 0.17499999701976776
v 0.21433034539222717 2.4474873661994936 0.1237436830997467
v 0.23905444145202637 2.4474873661994936 0.0640544444322586
v 0.2474873661994934 2.4474873661994936 3.030846343548192e-17
v 0.23905444145202637 2.4474873661994936 -0.0640544444322586
v 0.21433034539222717 2.4474873661994936 -0.1237436830997467
v 0.17499999701976776 2.4474873661994936 -0.17499999701976776
v 0.1237436830997467 2.4474873661994936 -0.21433034539222717
v 0.0640544444322586 2.4474873661994936 -0.23905444145202637
v 4.5462693498861655e-17 2.4474873661994936 -0.2474873661994934
v -0.0640544444322586 2.4474873661994936 -0.23905444145202637
v -0.1237436830997467 2.4474873661994936 -0.21433034539222717
v -0.17499999701976776 2.4474873661994936 -0.17499999701976776
v -0.21433034539222717 2.4474873661994936 -0.1237436830997467
v -0.23905444145202637 2.4474873661994936 -0.0640544444322586
v -0.2474873661994934 2.4474873661994936 -6.061692687096384e-17
v -0.2910143733024597 2.3944495886564257 0
v -0.28109827637672424 2.3944495886564257 0.0753200575709343
v -0.252025842666626 2.3944495886564257 0.14550718665122986
v -0.20577822625637054 2.3944495886564257 0.20577822625637054
v -0.14550718665122986 2.3944495886564257 0.252025842666626
v -0.0753200575709343 2.3944495886564257 0.28109827637672424
v -1.781949036944807e-17 2.3944495886564257 0.2910143733024597
v 0.0753200575709343 2.3944495886564257 0.28109827637672424
v 0.14550718665122986 2.3944495886564257 0.252025842666626
v 0.20577822625637054 2.3944495886564257 0.20577822625637054
v 0.252025842666626 2.3944495886564257 0.14550718665122986
v 0.28109827637672424 2.3944495886564257 0.0753200575709343
v 0.2910143733024597 2.3944495886564257 3.563898073889614e-17
v 0.28109827637672424 2.3944495886564257 -0.0753200575709343
v 0.252025842666626 2.3944495886564257 -0.14550718665122986
v 0.20577822625637054 2.3944495886564257 -0.20577822625637054
v 0.14550718665122986 2.3944495886564257 -0.252025842666626
v 0.0753200575709343 2.3944495886564257 -0.28109827637672424
v 5.345847276270544e-17 2.3944495886564257 -0.2910143733024597
v -0.0753200575709343 2.3944495886564257 -0.28109827637672424
v -0.14550718665122986 2.3944495886564257 -0.252025842666626
v -0.20577822625637054 2.3944495886564257 -0.20577822625637054
v -0.252025842666626 2.3944495886564257 -0.14550718665122986
v -0.28109827637672424 2.3944495886564257 -0.0753200575709343
v -0.2910143733024597 2.3944495886564257 -7.127796147779228e-17
v -0.32335785031318665 2.3339392066001894 0
v -0.3123396933078766 2.3339392066001894 0.08369116485118866
v -0.2800360918045044 2.3339392066001894 0.16167892515659332
v -0.22864851355552673 2.3339392066001894 0.22864851355552673
v -0.16167892515659332 2.3339392066001894 0.2800360918045044
v -0.08369116485118866 2.3339392066001894 0.3123396933078766
v -1.9799957624885806e-17 2.3339392066001894 0.32335785031318665
v 0.08369116485118866 2.3339392066001894 0.3123396933078766
v 0.16167892515659332 2.3339392066001894 0.2800360918045044
v 0.22864851355552673 2.3339392066001894 0.22864851355552673
v 0.2800360918045044 2.3339392066001894 0.16167892515659332
v 0.3123396933078766 2.3339392066001894 0.08369116485118866
v 0.32335785031318665 2.3339392066001894 3.959991524977161e-17
v 0.3123396933078766 2.3339392066001894 -0.08369116485118866
v 0.2800360918045044 2.3339392066001894 -0.16167892515659332
v 0.22864851355552673 2.3339392066001894 -0.22864851355552673
v 0.16167892515659332 2.3339392066001894 -0.2800360918045044
v 0.08369116485118866 2.3339392066001894 -0.3123396933078766
v 5.939987287465742e-17 2.3339392066001894 -0.32335785031318665
v -0.08369116485118866 2.3339392066001894 -0.3123396933078766
v -0.16167892515659332 2.3339392066001894 -0.2800360918045044
v -0.22864851355552673 2.3339392066001894 -0.22864851355552673
v -0.2800360918045044 2.3339392066001894 -0.16167892515659332
v -0.3123396933078766 2.3339392066001894 -0.08369116485118866
v -0.32335785031318665 2.3339392066001894 -7.919983049954323e-17
v -0.343274861574173 2.26828161329031 0
v -0.3315780460834503 2.26828161329031 0.08884606510400772
v -0.2972847521305084 2.26828161329031 0.1716374307870865
v -0.242731973528862 2.26828161329031 0.242731973528862
v -0.1716374307870865 2.26828161329031 0.2972847521305084
v -0.08884606510400772 2.26828161329031 0.3315780460834503
v -2.101952294153194e-17 2.26828161329031 0.343274861574173
v 0.08884606510400772 2.26828161329031 0.3315780460834503
v 0.1716374307870865 2.26828161329031 0.2972847521305084
v 0.242731973528862 2.26828161329031 0.242731973528862
v 0.2972847521305084 2.26828161329031 0.1716374307870865
v 0.3315780460834503 2.26828161329031 0.08884606510400772
v 0.343274861574173 2.26828161329031 4.203904588306388e-17
v 0.3315780460834503 2.26828161329031 -0.08884606510400772
v 0.2972847521305084 2.26828161329031 -0.1716374307870865
v 0.242731973528862 2.26828161329031 -0.242731973528862
v 0.1716374307870865 2.26828161329031 -0.2972847521305084
v 0.08884606510400772 2.26828161329031 -0.3315780460834503
v 6.305856551587337e-17 2.26828161329031 -0.343274861574173
v -0.08884606510400772 2.26828161329031 -0.3315780460834503
v -0.1716374307870865 2.26828161329031 -0.2972847521305084
v -0.242731973528862 2.26828161329031 -0.242731973528862
v -0.2972847521305084 2.26828161329031 -0.1716374307870865
v -0.3315780460834503 2.26828161329031 -0.08884606510400772
v -0.343274861574173 2.26828161329031 -8.407809176612775e-17
v -0.3499999940395355 2.2 0
v -0.3380740284919739 2.2 0.09058666229248047
v -0.30310890078544617 2.2 0.17499999701976776
v -0.2474873661994934 2.2 0.2474873661994934
v -0.17499999701976776 2.2 0.30310890078544617
v -0.09058666229248047 2.2 0.3380740284919739
v -2.1431318265879212e-17 2.2 0.3499999940395355
v 0.09058666229248047 2.2 0.3380740284919739
v 0.17499999701976776 2.2 0.30310890078544617
v 0.2474873661994934 2.2 0.2474873661994934
v 0.30310890078544617 2.2 0.17499999701976776
v 0.3380740284919739 2.2 0.09058666229248047
v 0.3499999940395355 2.2 4.2862636531758425e-17
v 0.3380740284919739 2.2 -0.09058666229248047
v 0.30310890078544617 2.2 -0.17499999701976776
v 0.2474873661994934 2.2 -0.2474873661994934
v 0.17499999701976776 2.2 -0.30310890078544617
v 0.09058666229248047 2.2 -0.3380740284919739
v 6.429395645199886e-17 2.2 -0.3499999940395355
v -0.09058666229248047 2.2 -0.3380740284919739
v -0.17499999701976776 2.2 -0.30310890078544617
v -0.2474873661994934 2.2 -0.2474873661994934
v -0.30310890078544617 2.2 -0.17499999701976776
v -0.3380740284919739 2.2 -0.09058666229248047
v -0.3499999940395355 2.2 -8.572527306351685e-17
v -0.343274861574173 2.1317183867096903 0
v -0.3315780460834503 2.1317183867096903 0.08884606510400772
v -0.2972847521305084 2.1317183867096903 0.1716374307870865
v -0.242731973528862 2.1317183867096903 0.242731973528862
v -0.1716374307870865 2.1317183867096903 0.2972847521305084
v -0.08884606510400772 2.1317183867096903 0.3315780460834503
v -2.101952294153194e-17 2.1317183867096903 0.343274861574173
v 0.08884606510400772 2.1317183867096903 0.3315780460834503
v 0.1716374307870865 2.1317183867096903 0.2972847521305084
v 0.242731973528862 2.1317183867096903 0.242731973528862
v 0.2972847521305084 2.1317183867096903 0.1716374307870865
v 0.3315780460834503 2.1317183867096903 0.08884606510400772
v 0.343274861574173 2.1317183867096903 4.203904588306388e-17
v 0.3315780460834503 2.1317183867096903 -0.08884606510400772
v 0.2972847521305084 2.1317183867096903 -0.1716374307870865
v 0.242731973528862 2.1317183867096903 -0.242731973528862
v 0.1716374307870865 2.1317183867096903 -0.2972847521305084
v 0.08884606510400772 2.1317183867096903 -0.3315780460834503
v 6.305856551587337e-17 2.1317183867096903 -0.343274861574173
v -0.08884606510400772 2.1317183867096903 -0.3315780460834503
v -0.1716374307870865 2.1317183867096903 -0.2972847521305084
v -0.242731973528862 2.1317183867096903 -0.242731973528862
v -0.2972847521305084 2.1317183867096903 -0.1716374307870865
v -0.3315780460834503 2.1317183867096903 -0.08884606510400772
v -0.343274861574173 2.1317183867096903 -8.407809176612775e-17
v -0.32335785031318665 2.066060793399811 0
v -0.3123396933078766 2.066060793399811 0.08369116485118866
v -0.2800360918045044 2.066060793399811 0.16167892515659332
v -0.22864851355552673 2.066060793399811 0.22864851355552673
v -0.16167892515659332 2.066060793399811 0.2800360918045044
v -0.08369116485118866 2.066060793399811 0.3123396933078766
v -1.9799957624885806e-17 2.066060793399811 0.32335785031318665
v 0.08369116485118866 2.066060793399811 0.3123396933078766
v 0.16167892515659332 2.066060793399811 0.2800360918045044
v 0.22864851355552673 2.066060793399811 0.22864851355552673
v 0.2800360918045044 2.066060793399811 0.16167892515659332
v 0.3123396933078766 2.066060793399811 0.08369116485118866
v 0.32335785031318665 2.066060793399811 3.959991524977161e-17
v 0.3123396933078766 2.066060793399811 -0.08369116485118866
v 0.2800360918045044 2.066060793399811 -0.16167892515659332
v 0.22864851355552673 2.066060793399811 -0.22864851355552673
v 0.16167892515659332 2.066060793399811 -0.2800360918045044
v 0.08369116485118866 2.066060793399811 -0.3123396933078766
v 5.939987287465742e-17 2.066060793399811 -0.32335785031318665
v -0.08369116485118866 2.066060793399811 -0.3123396933078766
v -0.16167892515659332 2.066060793399811 -0.2800360918045044
v -0.22864851355552673 2.066060793399811 -0.22864851355552673
v -0.2800360918045044 2.066060793399811 -0.16167892515659332
v -0.3123396933078766 2.066060793399811 -0.08369116485118866
v -0.32335785031318665 2.066060793399811 -7.919983049954323e-17
v -0.2910143733024597 2.0055504113435747 0
v -0.28109827637672424 2.0055504113435747 0.0753200575709343
v -0.252025842666626 2.0055504113435747 0.14550718665122986
v -0.20577822625637054 2.0055504113435747 0.20577822625637054
v -0.14550718665122986 2.0055504113435747 0.252025842666626
v -0.0753200575709343 2.0055504113435747 0.28109827637672424
v -1.781949036944807e-17 2.0055504113435747 0.2910143733024597
v 0.0753200575709343 2.0055504113435747 0.28109827637672424
v 0.14550718665122986 2.0055504113435747 0.252025842666626
v 0.20577822625637054 2.0055504113435747 0.20577822625637054
v 0.252025842666626 2.0055504113435747 0.14550718665122986
v 0.28109827637672424 2.0055504113435747 0.0753200575709343
v 0.2910143733024597 2.0055504113435747 3.563898073889614e-17
v 0.28109827637672424 2.0055504113435747 -0.0753200575709343
v 0.252025842666626 2.0055504113435747 -0.14550718665122986
v 0.20577822625637054 2.0055504113435747 -0.20577822625637054
v 0.14550718665122986 2.0055504113435747 -0.252025842666626
v 0.0753200575709343 2.0055504113435747 -0.28109827637672424
v 5.345847276270544e-17 2.0055504113435747 -0.2910143733024597
v -0.0753200575709343 2.0055504113435747 -0.28109827637672424
v -0.14550718665122986 2.0055504113435747 -0.252025842666626
v -0.20577822625637054 2.0055504113435747 -0.20577822625637054
v -0.252025842666626 2.0055504113435747 -0.14550718665122986
v -0.28109827637672424 2.0055504113435747 -0.0753200575709343
v -0.2910143733024597 2.0055504113435747 -7.127796147779228e-17
v -0.2474873661994934 1.9525126338005068 0
v -0.23905444145202637 1.9525126338005068 0.0640544444322586
v -0.21433034539222717 1.9525126338005068 0.1237436830997467
v -0.17499999701976776 1.9525126338005068 0.17499999701976776
v -0.1237436830997467 1.9525126338005068 0.21433034539222717
v -0.0640544444322586 1.9525126338005068 0.23905444145202637
v -1.515423171774096e-17 1.9525126338005068 0.2474873661994934
v 0.0640544444322586 1.9525126338005068 0.23905444145202637
v 0.1237436830997467 1.9525126338005068 0.21433034539222717
v 0.17499999701976776 1.9525126338005068 0.17499999701976776
v 0.21433034539222717 1.9525126338005068 0.1237436830997467
v 0.23905444145202637 1.9525126338005068 0.0640544444322586
v 0.2474873661994934 1.9525126338005068 3.030846343548192e-17
v 0.23905444145202637 1.9525126338005068 -0.0640544444322586
v 0.21433034539222717 1.9525126338005068 -0.1237436830997467
v 0.17499999701976776 1.9525126338005068 -0.17499999701976776
v 0.1237436830997467 1.9525126338005068 -0.21433034539222717
v 0.0640544444322586 1.9525126338005068 -0.23905444145202637
v 4.5462693498861655e-17 1.9525126338005068 -0.2474873661994934
v -0.0640544444322586 1.9525126338005068 -0.23905444145202637
v -0.1237436830997467 1.9525126338005068 -0.21433034539222717
v -0.17499999701976776 1.9525126338005068 -0.17499999701976776
v -0.21433034539222717 1.9525126338005068 -0.1237436830997467
v -0.23905444145202637 1.9525126338005068 -0.0640544444322586
v -0.2474873661994934 1.9525126338005068 -6.061692687096384e-17
v -0.19444958865642548 1.9089856266975405 0
v -0.18782387673854828 1.9089856266975405 0.05032725632190704
v -0.16839827597141266 1.9089856266975405 0.09722479432821274
v -0.13749662041664124 1.9089856266975405 0.13749662041664124
v -0.09722479432821274 1.9089856266975405 0.16839827597141266
v -0.05032725632190704 1.9089856266975405 0.18782387673854828
v -1.1906603173210791e-17 1.9089856266975405 0.19444958865642548
v 0.05032725632190704 1.9089856266975405 0.18782387673854828
v 0.09722479432821274 1.9089856266975405 0.16839827597141266
v 0.13749662041664124 1.9089856266975405 0.13749662041664124
v 0.16839827597141266 1.9089856266975405 0.09722479432821274
v 0.18782387673854828 1.9089856266975405 0.05032725632190704
v 0.19444958865642548 1.9089856266975405 2.3813206346421582e-17
v 0.18782387673854828 1.9089856266975405 -0.05032725632190704
v 0.16839827597141266 1.9089856266975405 -0.09722479432821274
v 0.13749662041664124 1.9089856266975405 -0.13749662041664124
v 0.09722479432821274 1.9089856266975405 -0.16839827597141266
v 0.05032725632190704 1.9089856266975405 -0.18782387673854828
v 3.571980951963237e-17 1.9089856266975405 -0.19444958865642548
v -0.05032725632190704 1.9089856266975405 -0.18782387673854828
v -0.09722479432821274 1.9089856266975405 -0.16839827597141266
v -0.13749662041664124 1.9089856266975405 -0.13749662041664124
v -0.16839827597141266 1.9089856266975405 -0.09722479432821274
v -0.18782387673854828 1.9089856266975405 -0.05032725632190704
v -0.19444958865642548 1.9089856266975405 -4.7626412692843164e-17
v -0.1339392066001892 1.8766421496868135 0
v -0.12937533855438232 1.8766421496868135 0.034666016697883606
v -0.11599475145339966 1.8766421496868135 0.0669696033000946
v -0.09470931440591812 1.8766421496868135 0.09470931440591812
v -0.0669696033000946 1.8766421496868135 0.11599475145339966
v -0.034666016697883606 1.8766421496868135 0.12937533855438232
v -8.201410573860176e-18 1.8766421496868135 0.1339392066001892
v 0.034666016697883606 1.8766421496868135 0.12937533855438232
v 0.0669696033000946 1.8766421496868135 0.11599475145339966
v 0.09470931440591812 1.8766421496868135 0.09470931440591812
v 0.11599475145339966 1.8766421496868135 0.0669696033000946
v 0.12937533855438232 1.8766421496868135 0.034666016697883606
v 0.1339392066001892 1.8766421496868135 1.6402821147720353e-17
v 0.12937533855438232 1.8766421496868135 -0.034666016697883606
v 0.11599475145339966 1.8766421496868135 -0.0669696033000946
v 0.09470931440591812 1.8766421496868135 -0.09470931440591812
v 0.0669696033000946 1.8766421496868135 -0.11599475145339966
v 0.034666016697883606 1.8766421496868135 -0.12937533855438232
v 2.4604232548761142e-17 1.8766421496868135 -0.1339392066001892
v -0.034666016697883606 1.8766421496868135 -0.12937533855438232
v -0.0669696033000946 1.8766421496868135 -0.11599475145339966
v -0.09470931440591812 1.8766421496868135 -0.09470931440591812
v -0.11599475145339966 1.8766421496868135 -0.0669696033000946
v -0.12937533855438232 1.8766421496868135 -0.034666016697883606
v -0.1339392066001892 1.8766421496868135 -3.2805642295440706e-17
v -0.0682816132903099 1.8567251384258272 0
v -0.06595497578382492 1.8567251384258272 0.01767258159816265
v -0.059133611619472504 1.8567251384258272 0.03414080664515495
v -0.04828239232301712 1.8567251384258272 0.04828239232301712
v -0.03414080664515495 1.8567251384258272 0.059133611619472504
v -0.01767258159816265 1.8567251384258272 0.06595497578382492
v -4.181042722382463e-18 1.8567251384258272 0.0682816132903099
v 0.01767258159816265 1.8567251384258272 0.06595497578382492
v 0.03414080664515495 1.8567251384258272 0.059133611619472504
v 0.04828239232301712 1.8567251384258272 0.04828239232301712
v 0.059133611619472504 1.8567251384258272 0.03414080664515495
v 0.06595497578382492 1.8567251384258272 0.01767258159816265
v 0.0682816132903099 1.8567251384258272 8.362085444764927e-18
v 0.06595497578382492 1.8567251384258272 -0.01767258159816265
v 0.059133611619472504 1.8567251384258272 -0.03414080664515495
v 0.04828239232301712 1.8567251384258272 -0.04828239232301712
v 0.03414080664515495 1.8567251384258272 -0.059133611619472504
v 0.01767258159816265 1.8567251384258272 -0.06595497578382492
v 1.2543128580737696e-17 1.8567251384258272 -0.0682816132903099
v -0.01767258159816265 1.8567251384258272 -0.06595497578382492
v -0.03414080664515495 1.8567251384258272 -0.059133611619472504
v -0.04828239232301712 1.8567251384258272 -0.04828239232301712
v -0.059133611619472504 1.8567251384258272 -0.03414080664515495
v -0.06595497578382492 1.8567251384258272 -0.01767258159816265
v -0.0682816132903099 1.8567251384258272 -1.6724170889529853e-17
v 0 1.8500000059604647 0
v 0 1.8500000059604647 0
v 0 1.8500000059604647 0
v 0 1.8500000059604647 0
v 0 1.8500000059604647 0
v 0 1.8500000059604647 0
v 0 1.8500000059604647 0
v 0 1.8500000059604647 0
v 0 1.8500000059604647 0
v 0 1.8500000059604647 0
v 0 1.8500000059604647 0
v 0 1.8500000059604647 0
v 0 1.8500000059604647 0
v 0 1.8500000059604647 0
v 0 1.8500000059604647 0
v 0 1.8500000059604647 0
v 0 1.8500000059604647 0
v 0 1.8500000059604647 0
v 0 1.8500000059604647 0
v 0 1.8500000059604647 0
v 0 1.8500000059604647 0
v 0 1.8500000059604647 0
v 0 1.8500000059604647 0
v 0 1.8500000059604647 0
v 0 1.8500000059604647 0
vt 0.02083333395421505 1
vt 0.0625 1
vt 0.1041666641831398 1
vt 0.1458333283662796 1
vt 0.1875 1
vt 0.2291666716337204 1
vt 0.2708333432674408 1
vt 0.3125 1
vt 0.3541666567325592 1
vt 0.3958333432674408 1
vt 0.4375 1
vt 0.4791666567325592 1
vt 0.5208333134651184 1
vt 0.5625 1
vt 0.6041666865348816 1
vt 0.6458333134651184 1
vt 0.6875 1
vt 0.7291666865348816 1
vt 0.7708333134651184 1
vt 0.8125 1
vt 0.8541666865348816 1
vt 0.8958333134651184 1
vt 0.9375 1
vt 0.9791666865348816 1
vt 1.0208333730697632 1
vt 0 0.9375
vt 0.0416666679084301 0.9375
vt 0.0833333358168602 0.9375
vt 0.125 0.9375
vt 0.1666666716337204 0.9375
vt 0.2083333283662796 0.9375
vt 0.25 0.9375
vt 0.2916666567325592 0.9375
vt 0.3333333432674408 0.9375
vt 0.375 0.9375
vt 0.4166666567325592 0.9375
vt 0.4583333432674408 0.9375
vt 0.5 0.9375
vt 0.5416666865348816 0.9375
vt 0.5833333134651184 0.9375
vt 0.625 0.9375
vt 0.6666666865348816 0.9375
vt 0.7083333134651184 0.9375
vt 0.75 0.9375
vt 0.7916666865348816 0.9375
vt 0.8333333134651184 0.9375
vt 0.875 0.9375
vt 0.9166666865348816 0.9375
vt 0.9583333134651184 0.9375
vt 1 0.9375
vt 0 0.875
vt 0.0416666679084301 0.875
vt 0.0833333358168602 0.875
vt 0.125 0.875
vt 0.1666666716337204 0.875
vt 0.2083333283662796 0.875
vt 0.25 0.875
vt 0.2916666567325592 0.875
vt 0.3333333432674408 0.875
vt 0.375 0.875
vt 0.4166666567325592 0.875
vt 0.4583333432674408 0.875
vt 0.5 0.875
vt 0.5416666865348816 0.875
vt 0.5833333134651184 0.875
vt 0.625 0.875
vt 0.6666666865348816 0.875
vt 0.7083333134651184 0.875
vt 0.75 0.875
vt 0.7916666865348816 0.875
vt 0.8333333134651184 0.875
vt 0.875 0.875
vt 0.9166666865348816 0.875
vt 0.9583333134651184 0.875
vt 1 0.875
vt 0 0.8125
vt 0.0416666679084301 0.8125
vt 0.0833333358168602 0.8125
vt 0.125 0.8125
vt 0.1666666716337204 0.8125
vt 0.2083333283662796 0.8125
vt 0.25 0.8125
vt 0.2916666567325592 0.8125
vt 0.3333333432674408 0.8125
vt 0.375 0.8125
vt 0.4166666567325592 0.8125
vt 0.4583333432674408 0.8125
vt 0.5 0.8125
vt 0.5416666865348816 0.8125
vt 0.5833333134651184 0.8125
vt 0.625 0.8125
vt 0.6666666865348816 0.8125
vt 0.7083333134651184 0.8125
vt 0.75 0.8125
vt 0.7916666865348816 0.8125
vt 0.8333333134651184 0.8125
vt 0.875 0.8125
vt 0.9166666865348816 0.8125
vt 0.9583333134651184 0.8125
vt 1 0.8125
vt 0 0.75
vt 0.0416666679084301 0.75
vt 0.0833333358168602 0.75
vt 0.125 0.75
vt 0.1666666716337204 0.75
vt 0.2083333283662796 0.75
vt 0.25 0.75
vt 0.2916666567325592 0.75
vt 0.3333333432674408 0.75
vt 0.375 0.75
vt 0.4166666567325592 0.75
vt 0.4583333432674408 0.75
vt 0.5 0.75
vt 0.5416666865348816 0.75
vt 0.5833333134651184 0.75
vt 0.625 0.75
vt 0.6666666865348816 0.75
vt 0.7083333134651184 0.75
vt 0.75 0.75
vt 0.7916666865348816 0.75
vt 0.8333333134651184 0.75
vt 0.875 0.75
vt 0.9166666865348816 0.75
vt 0.9583333134651184 0.75
vt 1 0.75
vt 0 0.6875
vt 0.0416666679084301 0.6875
vt 0.0833333358168602 0.6875
vt 0.125 0.6875
vt 0.1666666716337204 0.6875
vt 0.2083333283662796 0.6875
vt 0.25 0.6875
vt 0.2916666567325592 0.6875
vt 0.3333333432674408 0.6875
vt 0.375 0.6875
vt 0.4166666567325592 0.6875
vt 0.4583333432674408 0.6875
vt 0.5 0.6875
vt 0.5416666865348816 0.6875
vt 0.5833333134651184 0.6875
vt 0.625 0.6875
vt 0.6666666865348816 0.6875
vt 0.7083333134651184 0.6875
vt 0.75 0.6875
vt 0.7916666865348816 0.6875
vt 0.8333333134651184 0.6875
vt 0.875 0.6875
vt 0.9166666865348816 0.6875
vt 0.9583333134651184 0.6875
vt 1 0.6875
vt 0 0.625
vt 0.0416666679084301 0.625
vt 0.0833333358168602 0.625
vt 0.125 0.625
vt 0.1666666716337204 0.625
vt 0.2083333283662796 0.625
vt 0.25 0.625
vt 0.2916666567325592 0.625
vt 0.3333333432674408 0.625
vt 0.375 0.625
vt 0.4166666567325592 0.625
vt 0.4583333432674408 0.625
vt 0.5 0.625
vt 0.5416666865348816 0.625
vt 0.5833333134651184 0.625
vt 0.625 0.625
vt 0.6666666865348816 0.625
vt 0.7083333134651184 0.625
vt 0.75 0.625
vt 0.7916666865348816 0.625
vt 0.8333333134651184 0.625
vt 0.875 0.625
vt 0.9166666865348816 0.625
vt 0.9583333134651184 0.625
vt 1 0.625
vt 0 0.5625
vt 0.0416666679084301 0.5625
vt 0.0833333358168602 0.5625
vt 0.125 0.5625
vt 0.1666666716337204 0.5625
vt 0.2083333283662796 0.5625
vt 0.25 0.5625
vt 0.2916666567325592 0.5625
vt 0.3333333432674408 0.5625
vt 0.375 0.5625
vt 0.4166666567325592 0.5625
vt 0.4583333432674408 0.5625
vt 0.5 0.5625
vt 0.5416666865348816 0.5625
vt 0.5833333134651184 0.5625
vt 0.625 0.5625
vt 0.6666666865348816 0.5625
vt 0.7083333134651184 0.5625
vt 0.75 0.5625
vt 0.7916666865348816 0.5625
vt 0.8333333134651184 0.5625
vt 0.875 0.5625
vt 0.9166666865348816 0.5625
vt 0.9583333134651184 0.5625
vt 1 0.5625
vt 0 0.5
vt 0.0416666679084301 0.5
vt 0.0833333358168602 0.5
vt 0.125 0.5
vt 0.1666666716337204 0.5
vt 0.2083333283662796 0.5
vt 0.25 0.5
vt 0.2916666567325592 0.5
vt 0.3333333432674408 0.5
vt 0.375 0.5
vt 0.4166666567325592 0.5
vt 0.4583333432674408 0.5
vt 0.5 0.5
vt 0.5416666865348816 0.5
vt 0.5833333134651184 0.5
vt 0.625 0.5
vt 0.6666666865348816 0.5
vt 0.7083333134651184 0.5
vt 0.75 0.5
vt 0.7916666865348816 0.5
vt 0.8333333134651184 0.5
vt 0.875 0.5
vt 0.9166666865348816 0.5
vt 0.9583333134651184 0.5
vt 1 0.5
vt 0 0.4375
vt 0.0416666679084301 0.4375
vt 0.0833333358168602 0.4375
vt 0.125 0.4375
vt 0.1666666716337204 0.4375
vt 0.2083333283662796 0.4375
vt 0.25 0.4375
vt 0.2916666567325592 0.4375
vt 0.3333333432674408 0.4375
vt 0.375 0.4375
vt 0.4166666567325592 0.4375
vt 0.4583333432674408 0.4375
vt 0.5 0.4375
vt 0.5416666865348816 0.4375
vt 0.5833333134651184 0.4375
vt 0.625 0.4375
vt 0.6666666865348816 0.4375
vt 0.7083333134651184 0.4375
vt 0.75 0.4375
vt 0.7916666865348816 0.4375
vt 0.8333333134651184 0.4375
vt 0.875 0.4375
vt 0.9166666865348816 0.4375
vt 0.9583333134651184 0.4375
vt 1 0.4375
vt 0 0.375
vt 0.0416666679084301 0.375
vt 0.0833333358168602 0.375
vt 0.125 0.375
vt 0.1666666716337204 0.375
vt 0.2083333283662796 0.375
vt 0.25 0.375
vt 0.2916666567325592 0.375
vt 0.3333333432674408 0.375
vt 0.375 0.375
vt 0.4166666567325592 0.375
vt 0.4583333432674408 0.375
vt 0.5 0.375
vt 0.5416666865348816 0.375
vt 0.5833333134651184 0.375
vt 0.625 0.375
vt 0.6666666865348816 0.375
vt 0.7083333134651184 0.375
vt 0.75 0.375
vt 0.7916666865348816 0.375
vt 0.8333333134651184 0.375
vt 0.875 0.375
vt 0.9166666865348816 0.375
vt 0.9583333134651184 0.375
vt 1 0.375
vt 0 0.3125
vt 0.0416666679084301 0.3125
vt 0.0833333358168602 0.3125
vt 0.125 0.3125
vt 0.1666666716337204 0.3125
vt 0.2083333283662796 0.3125
vt 0.25 0.3125
vt 0.2916666567325592 0.3125
vt 0.3333333432674408 0.3125
vt 0.375 0.3125
vt 0.4166666567325592 0.3125
vt 0.4583333432674408 0.3125
vt 0.5 0.3125
vt 0.5416666865348816 0.3125
vt 0.5833333134651184 0.3125
vt 0.625 0.3125
vt 0.6666666865348816 0.3125
vt 0.7083333134651184 0.3125
vt 0.75 0.3125
vt 0.7916666865348816 0.3125
vt 0.8333333134651184 0.3125
vt 0.875 0.3125
vt 0.9166666865348816 0.3125
vt 0.9583333134651184 0.3125
vt 1 0.3125
vt 0 0.25
vt 0.0416666679084301 0.25
vt 0.0833333358168602 0.25
vt 0.125 0.25
vt 0.1666666716337204 0.25
vt 0.2083333283662796 0.25
vt 0.25 0.25
vt 0.2916666567325592 0.25
vt 0.3333333432674408 0.25
vt 0.375 0.25
vt 0.4166666567325592 0.25
vt 0.4583333432674408 0.25
vt 0.5 0.25
vt 0.5416666865348816 0.25
vt 0.5833333134651184 0.25
vt 0.625 0.25
vt 0.6666666865348816 0.25
vt 0.7083333134651184 0.25
vt 0.75 0.25
vt 0.7916666865348816 0.25
vt 0.8333333134651184 0.25
vt 0.875 0.25
vt 0.9166666865348816 0.25
vt 0.9583333134651184 0.25
vt 1 0.25
vt 0 0.1875
vt 0.0416666679084301 0.1875
vt 0.0833333358168602 0.1875
vt 0.125 0.1875
vt 0.1666666716337204 0.1875
vt 0.2083333283662796 0.1875
vt 0.25 0.1875
vt 0.2916666567325592 0.1875
vt 0.3333333432674408 0.1875
vt 0.375 0.1875
vt 0.4166666567325592 0.1875
vt 0.4583333432674408 0.1875
vt 0.5 0.1875
vt 0.5416666865348816 0.1875
vt 0.5833333134651184 0.1875
vt 0.625 0.1875
vt 0.6666666865348816 0.1875
vt 0.7083333134651184 0.1875
vt 0.75 0.1875
vt 0.7916666865348816 0.1875
vt 0.8333333134651184 0.1875
vt 0.875 0.1875
vt 0.9166666865348816 0.1875
vt 0.9583333134651184 0.1875
vt 1 0.1875
vt 0 0.125
vt 0.0416666679084301 0.125
vt 0.0833333358168602 0.125
vt 0.125 0.125
vt 0.1666666716337204 0.125
vt 0.2083333283662796 0.125
vt 0.25 0.125
vt 0.2916666567325592 0.125
vt 0.3333333432674408 0.125
vt 0.375 0.125
vt 0.4166666567325592 0.125
vt 0.4583333432674408 0.125
vt 0.5 0.125
vt 0.5416666865348816 0.125
vt 0.5833333134651184 0.125
vt 0.625 0.125
vt 0.6666666865348816 0.125
vt 0.7083333134651184 0.125
vt 0.75 0.125
vt 0.7916666865348816 0.125
vt 0.8333333134651184 0.125
vt 0.875 0.125
vt 0.9166666865348816 0.125
vt 0.9583333134651184 0.125
vt 1 0.125
vt 0 0.0625
vt 0.0416666679084301 0.0625
vt 0.0833333358168602 0.0625
vt 0.125 0.0625
vt 0.1666666716337204 0.0625
vt 0.2083333283662796 0.0625
vt 0.25 0.0625
vt 0.2916666567325592 0.0625
vt 0.3333333432674408 0.0625
vt 0.375 0.0625
vt 0.4166666567325592 0.0625
vt 0.4583333432674408 0.0625
vt 0.5 0.0625
vt 0.5416666865348816 0.0625
vt 0.5833333134651184 0.0625
vt 0.625 0.0625
vt 0.6666666865348816 0.0625
vt 0.7083333134651184 0.0625
vt 0.75 0.0625
vt 0.7916666865348816 0.0625
vt 0.8333333134651184 0.0625
vt 0.875 0.0625
vt 0.9166666865348816 0.0625
vt 0.9583333134651184 0.0625
vt 1 0.0625
vt -0.02083333395421505 0
vt 0.02083333395421505 0
vt 0.0625 0
vt 0.1041666641831398 0
vt 0.1458333283662796 0
vt 0.1875 0
vt 0.2291666716337204 0
vt 0.2708333432674408 0
vt 0.3125 0
vt 0.3541666567325592 0
vt 0.3958333432674408 0
vt 0.4375 0
vt 0.4791666567325592 0
vt 0.5208333134651184 0
vt 0.5625 0
vt 0.6041666865348816 0
vt 0.6458333134651184 0
vt 0.6875 0
vt 0.7291666865348816 0
vt 0.7708333134651184 0
vt 0.8125 0
vt 0.8541666865348816 0
vt 0.8958333134651184 0
vt 0.9375 0
vt 0.9791666865348816 0
vn 0 1 0
vn 0 1 0
vn 0 1 0
vn 0 1 0
vn 0 1 0
vn 0 1 0
vn 0 1 0
vn 0 1 0
vn 0 1 0
vn 0 1 0
vn 0 1 0
vn 0 1 0
vn 0 1 0
vn 0 1 0
vn 0 1 0
vn 0 1 0
vn 0 1 0
vn 0 1 0
vn 0 1 0
vn 0 1 0
vn 0 1 0
vn 0 1 0
vn 0 1 0
vn 0 1 0
vn 0 1 0
vn -0.19509032931342324 0.9807852789517083 0
vn -0.1884427870212915 0.9807852790486393 0.050493092806152697
vn -0.1689531850728157 0.9807852782941859 0.09754516459131696
vn -0.1379496942243388 0.980785279114049 0.1379496942243388
vn -0.09754516459131696 0.9807852782941859 0.1689531850728157
vn -0.050493092806152697 0.9807852790486393 0.1884427870212915
vn -1.1945837521388368e-17 0.9807852789517083 0.19509032931342324
vn 0.050493092806152697 0.9807852790486393 0.1884427870212915
vn 0.09754516459131696 0.9807852782941859 0.1689531850728157
vn 0.1379496942243388 0.980785279114049 0.1379496942243388
vn 0.1689531850728157 0.9807852782941859 0.09754516459131696
vn 0.1884427870212915 0.9807852790486393 0.050493092806152697
vn 0.19509032931342324 0.9807852789517083 2.3891675042776736e-17
vn 0.1884427870212915 0.9807852790486393 -0.050493092806152697
vn 0.1689531850728157 0.9807852782941859 -0.09754516459131696
vn 0.1379496942243388 0.980785279114049 -0.1379496942243388
vn 0.09754516459131696 0.9807852782941859 -0.1689531850728157
vn 0.050493092806152697 0.9807852790486393 -0.1884427870212915
vn 3.583751173698447e-17 0.9807852789517083 -0.19509032931342324
vn -0.050493092806152697 0.9807852790486393 -0.1884427870212915
vn -0.09754516459131696 0.9807852782941859 -0.1689531850728157
vn -0.1379496942243388 0.980785279114049 -0.1379496942243388
vn -0.1689531850728157 0.9807852782941859 -0.09754516459131696
vn -0.1884427870212915 0.9807852790486393 -0.050493092806152697
vn -0.19509032931342324 0.9807852789517083 -4.778335008555347e-17
vn -0.3826834370613369 0.9238795305660377 0
vn -0.3696438175018387 0.9238795294241295 0.09904576363336468
vn -0.3314135766963612 0.9238795310497564 0.1913417186308499
vn -0.2705980604439119 0.9238795264362049 0.2705980604439119
vn -0.1913417186308499 0.9238795310497564 0.3314135766963612
vn -0.09904576363336468 0.9238795294241295 0.3696438175018387
vn -2.3432603017245014e-17 0.9238795305660377 0.3826834370613369
vn 0.09904576363336468 0.9238795294241295 0.3696438175018387
vn 0.1913417186308499 0.9238795310497564 0.3314135766963612
vn 0.2705980604439119 0.9238795264362049 0.2705980604439119
vn 0.3314135766963612 0.9238795310497564 0.1913417186308499
vn 0.3696438175018387 0.9238795294241295 0.09904576363336468
vn 0.3826834370613369 0.9238795305660377 4.686520603449003e-17
vn 0.3696438175018387 0.9238795294241295 -0.09904576363336468
vn 0.3314135766963612 0.9238795310497564 -0.1913417186308499
vn 0.2705980604439119 0.9238795264362049 -0.2705980604439119
vn 0.1913417186308499 0.9238795310497564 -0.3314135766963612
vn 0.09904576363336468 0.9238795294241295 -0.3696438175018387
vn 7.029780739737377e-17 0.9238795305660377 -0.3826834370613369
vn -0.09904576363336468 0.9238795294241295 -0.3696438175018387
vn -0.1913417186308499 0.9238795310497564 -0.3314135766963612
vn -0.2705980604439119 0.9238795264362049 -0.2705980604439119
vn -0.3314135766963612 0.9238795310497564 -0.1913417186308499
vn -0.3696438175018387 0.9238795294241295 -0.09904576363336468
vn -0.3826834370613369 0.9238795305660377 -9.373041206898005e-17
vn -0.555570248949409 0.8314696016585884 0
vn -0.536639640303563 0.8314696101655875 0.14379215495272413
vn -0.48113793824331974 0.8314696073502129 0.27778512637621555
vn -0.3928474841483584 0.8314696076205134 0.3928474841483584
vn -0.27778512637621555 0.8314696073502129 0.48113793824331974
vn -0.14379215495272413 0.8314696101655875 0.536639640303563
vn -3.401886504589378e-17 0.8314696016585884 0.555570248949409
vn 0.14379215495272413 0.8314696101655875 0.536639640303563
vn 0.27778512637621555 0.8314696073502129 0.48113793824331974
vn 0.3928474841483584 0.8314696076205134 0.3928474841483584
vn 0.48113793824331974 0.8314696073502129 0.27778512637621555
vn 0.536639640303563 0.8314696101655875 0.14379215495272413
vn 0.555570248949409 0.8314696016585884 6.803773009178756e-17
vn 0.536639640303563 0.8314696101655875 -0.14379215495272413
vn 0.48113793824331974 0.8314696073502129 -0.27778512637621555
vn 0.3928474841483584 0.8314696076205134 -0.3928474841483584
vn 0.27778512637621555 0.8314696073502129 -0.48113793824331974
vn 0.14379215495272413 0.8314696101655875 -0.536639640303563
vn 1.0205659844640382e-16 0.8314696016585884 -0.555570248949409
vn -0.14379215495272413 0.8314696101655875 -0.536639640303563
vn -0.27778512637621555 0.8314696073502129 -0.48113793824331974
vn -0.3928474841483584 0.8314696076205134 -0.3928474841483584
vn -0.48113793824331974 0.8314696073502129 -0.27778512637621555
vn -0.536639640303563 0.8314696101655875 -0.14379215495272413
vn -0.555570248949409 0.8314696016585884 -1.3607546018357512e-16
vn -0.7071067811865476 0.7071067811865476 0
vn -0.68301271859882 0.707106763573214 0.18301270759503102
vn -0.6123724561743086 0.7071067669986164 0.3535533834993082
vn -0.5000000042785677 0.7071067751357388 0.5000000042785677
vn -0.3535533834993082 0.7071067669986164 0.6123724561743086
vn -0.18301270759503102 0.707106763573214 0.68301271859882
vn -4.329780375814312e-17 0.7071067811865476 0.7071067811865476
vn 0.18301270759503102 0.707106763573214 0.68301271859882
vn 0.3535533834993082 0.7071067669986164 0.6123724561743086
vn 0.5000000042785677 0.7071067751357388 0.5000000042785677
vn 0.6123724561743086 0.7071067669986164 0.3535533834993082
vn 0.68301271859882 0.707106763573214 0.18301270759503102
vn 0.7071067811865476 0.7071067811865476 8.659560751628624e-17
vn 0.68301271859882 0.707106763573214 -0.18301270759503102
vn 0.6123724561743086 0.7071067669986164 -0.3535533834993082
vn 0.5000000042785677 0.7071067751357388 -0.5000000042785677
vn 0.3535533834993082 0.7071067669986164 -0.6123724561743086
vn 0.18301270759503102 0.707106763573214 -0.68301271859882
vn 1.2989340465698435e-16 0.7071067811865476 -0.7071067811865476
vn -0.18301270759503102 0.707106763573214 -0.68301271859882
vn -0.3535533834993082 0.7071067669986164 -0.6123724561743086
vn -0.5000000042785677 0.7071067751357388 -0.5000000042785677
vn -0.6123724561743086 0.7071067669986164 -0.3535533834993082
vn -0.68301271859882 0.707106763573214 -0.18301270759503102
vn -0.7071067811865476 0.7071067811865476 -1.7319121503257247e-16
vn -0.8314696016585884 0.555570248949409 0
vn -0.8031379620253624 0.5555702475392345 0.2152001719398513
vn -0.7200738105312913 0.5555702381313198 0.4157347927340872
vn -0.5879377884340418 0.555570260059496 0.5879377884340418
vn -0.4157347927340872 0.5555702381313198 0.7200738105312913
vn -0.2152001719398513 0.5555702475392345 0.8031379620253624
vn -5.091283142626975e-17 0.555570248949409 0.8314696016585884
vn 0.2152001719398513 0.5555702475392345 0.8031379620253624
vn 0.4157347927340872 0.5555702381313198 0.7200738105312913
vn 0.5879377884340418 0.555570260059496 0.5879377884340418
vn 0.7200738105312913 0.5555702381313198 0.4157347927340872
vn 0.8031379620253624 0.5555702475392345 0.2152001719398513
vn 0.8314696016585884 0.555570248949409 1.018256628525395e-16
vn 0.8031379620253624 0.5555702475392345 -0.2152001719398513
vn 0.7200738105312913 0.5555702381313198 -0.4157347927340872
vn 0.5879377884340418 0.555570260059496 -0.5879377884340418
vn 0.4157347927340872 0.5555702381313198 -0.7200738105312913
vn 0.2152001719398513 0.5555702475392345 -0.8031379620253624
vn 1.5273849097008678e-16 0.555570248949409 -0.8314696016585884
vn -0.2152001719398513 0.5555702475392345 -0.8031379620253624
vn -0.4157347927340872 0.5555702381313198 -0.7200738105312913
vn -0.5879377884340418 0.555570260059496 -0.5879377884340418
vn -0.7200738105312913 0.5555702381313198 -0.4157347927340872
vn -0.8031379620253624 0.5555702475392345 -0.2152001719398513
vn -0.8314696016585884 0.555570248949409 -2.03651325705079e-16
vn -0.9238795305660377 0.3826834370613369 0
vn -0.8923990963690794 0.38268343631432944 0.23911762873177525
vn -0.8001031461262758 0.3826834348322611 0.4619397625922863
vn -0.653281488012237 0.38268341333409667 0.653281488012237
vn -0.4619397625922863 0.3826834348322611 0.8001031461262758
vn -0.23911762873177525 0.38268343631432944 0.8923990963690794
vn -5.657130722319695e-17 0.3826834370613369 0.9238795305660377
vn 0.23911762873177525 0.38268343631432944 0.8923990963690794
vn 0.4619397625922863 0.3826834348322611 0.8001031461262758
vn 0.653281488012237 0.38268341333409667 0.653281488012237
vn 0.8001031461262758 0.3826834348322611 0.4619397625922863
vn 0.8923990963690794 0.38268343631432944 0.23911762873177525
vn 0.9238795305660377 0.3826834370613369 1.131426144463939e-16
vn 0.8923990963690794 0.38268343631432944 -0.23911762873177525
vn 0.8001031461262758 0.3826834348322611 -0.4619397625922863
vn 0.653281488012237 0.38268341333409667 -0.653281488012237
vn 0.4619397625922863 0.3826834348322611 -0.8001031461262758
vn 0.23911762873177525 0.38268343631432944 -0.8923990963690794
vn 1.6971392166959086e-16 0.3826834370613369 -0.9238795305660377
vn -0.23911762873177525 0.38268343631432944 -0.8923990963690794
vn -0.4619397625922863 0.3826834348322611 -0.8001031461262758
vn -0.653281488012237 0.38268341333409667 -0.653281488012237
vn -0.8001031461262758 0.3826834348322611 -0.4619397625922863
vn -0.8923990963690794 0.38268343631432944 -0.23911762873177525
vn -0.9238795305660377 0.3826834370613369 -2.262852288927878e-16
vn -0.9807852789517083 0.19509032931342324 0
vn -0.9473658331163575 0.19509032630364945 0.2538459037023945
vn -0.8493849730182996 0.19509032586995012 0.4903926308201003
vn -0.6935199234722761 0.19509031624869655 0.6935199234722761
vn -0.4903926308201003 0.19509032586995012 0.8493849730182996
vn -0.2538459037023945 0.19509032630364945 0.9473658331163575
vn -6.005578251043524e-17 0.19509032931342324 0.9807852789517083
vn 0.2538459037023945 0.19509032630364945 0.9473658331163575
vn 0.4903926308201003 0.19509032586995012 0.8493849730182996
vn 0.6935199234722761 0.19509031624869655 0.6935199234722761
vn 0.8493849730182996 0.19509032586995012 0.4903926308201003
vn 0.9473658331163575 0.19509032630364945 0.2538459037023945
vn 0.9807852789517083 0.19509032931342324 1.2011156502087048e-16
vn 0.9473658331163575 0.19509032630364945 -0.2538459037023945
vn 0.8493849730182996 0.19509032586995012 -0.4903926308201003
vn 0.6935199234722761 0.19509031624869655 -0.6935199234722761
vn 0.4903926308201003 0.19509032586995012 -0.8493849730182996
vn 0.2538459037023945 0.19509032630364945 -0.9473658331163575
vn 1.801673409138606e-16 0.19509032931342324 -0.9807852789517083
vn -0.2538459037023945 0.19509032630364945 -0.9473658331163575
vn -0.4903926308201003 0.19509032586995012 -0.8493849730182996
vn -0.6935199234722761 0.19509031624869655 -0.6935199234722761
vn -0.8493849730182996 0.19509032586995012 -0.4903926308201003
vn -0.9473658331163575 0.19509032630364945 -0.2538459037023945
vn -0.9807852789517083 0.19509032931342324 -2.4022313004174096e-16
vn -1 6.123234262925839e-17 0
vn -0.9659258257467466 6.123234345497556e-17 0.2588190471264927
vn -0.8660253998985324 6.12323434535176e-17 0.5000000067305869
vn -0.7071067811865476 6.123234367720532e-17 0.7071067811865476
vn -0.5000000067305869 6.12323434535176e-17 0.8660253998985324
vn -0.2588190471264927 6.123234345497556e-17 0.9659258257467466
vn -6.123234262925839e-17 6.123234262925839e-17 1
vn 0.2588190471264927 6.123234345497556e-17 0.9659258257467466
vn 0.5000000067305869 6.12323434535176e-17 0.8660253998985324
vn 0.7071067811865476 6.123234367720532e-17 0.7071067811865476
vn 0.8660253998985324 6.12323434535176e-17 0.5000000067305869
vn 0.9659258257467466 6.123234345497556e-17 0.2588190471264927
vn 1 6.123234262925839e-17 1.2246468525851679e-16
vn 0.9659258257467466 6.123234345497556e-17 -0.2588190471264927
vn 0.8660253998985324 6.12323434535176e-17 -0.5000000067305869
vn 0.7071067811865476 6.123234367720532e-17 -0.7071067811865476
vn 0.5000000067305869 6.12323434535176e-17 -0.8660253998985324
vn 0.2588190471264927 6.123234345497556e-17 -0.9659258257467466
vn 1.8369701465288538e-16 6.123234262925839e-17 -1
vn -0.2588190471264927 6.123234345497556e-17 -0.9659258257467466
vn -0.5000000067305869 6.12323434535176e-17 -0.8660253998985324
vn -0.7071067811865476 6.123234367720532e-17 -0.7071067811865476
vn -0.8660253998985324 6.12323434535176e-17 -0.5000000067305869
vn -0.9659258257467466 6.123234345497556e-17 -0.2588190471264927
vn -1 6.123234262925839e-17 -2.4492937051703357e-16
vn -0.9807852789517083 -0.19509032931342324 0
vn -0.9473658331163575 -0.19509032630364945 0.2538459037023945
vn -0.8493849730182996 -0.19509032586995012 0.4903926308201003
vn -0.6935199234722761 -0.19509031624869655 0.6935199234722761
vn -0.4903926308201003 -0.19509032586995012 0.8493849730182996
vn -0.2538459037023945 -0.19509032630364945 0.9473658331163575
vn -6.005578251043524e-17 -0.19509032931342324 0.9807852789517083
vn 0.2538459037023945 -0.19509032630364945 0.9473658331163575
vn 0.4903926308201003 -0.19509032586995012 0.8493849730182996
vn 0.6935199234722761 -0.19509031624869655 0.6935199234722761
vn 0.8493849730182996 -0.19509032586995012 0.4903926308201003
vn 0.9473658331163575 -0.19509032630364945 0.2538459037023945
vn 0.9807852789517083 -0.19509032931342324 1.2011156502087048e-16
vn 0.9473658331163575 -0.19509032630364945 -0.2538459037023945
vn 0.8493849730182996 -0.19509032586995012 -0.4903926308201003
vn 0.6935199234722761 -0.19509031624869655 -0.6935199234722761
vn 0.4903926308201003 -0.19509032586995012 -0.8493849730182996
vn 0.2538459037023945 -0.19509032630364945 -0.9473658331163575
vn 1.801673409138606e-16 -0.19509032931342324 -0.9807852789517083
vn -0.2538459037023945 -0.19509032630364945 -0.9473658331163575
vn -0.4903926308201003 -0.19509032586995012 -0.8493849730182996
vn -0.6935199234722761 -0.19509031624869655 -0.6935199234722761
vn -0.8493849730182996 -0.19509032586995012 -0.4903926308201003
vn -0.9473658331163575 -0.19509032630364945 -0.2538459037023945
vn -0.9807852789517083 -0.19509032931342324 -2.4022313004174096e-16
vn -0.9238795305660377 -0.3826834370613369 0
vn -0.8923990963690794 -0.38268343631432944 0.23911762873177525
vn -0.8001031461262758 -0.3826834348322611 0.4619397625922863
vn -0.653281488012237 -0.38268341333409667 0.653281488012237
vn -0.4619397625922863 -0.3826834348322611 0.8001031461262758
vn -0.23911762873177525 -0.38268343631432944 0.8923990963690794
vn -5.657130722319695e-17 -0.3826834370613369 0.9238795305660377
vn 0.23911762873177525 -0.38268343631432944 0.8923990963690794
vn 0.4619397625922863 -0.3826834348322611 0.8001031461262758
vn 0.653281488012237 -0.38268341333409667 0.653281488012237
vn 0.8001031461262758 -0.3826834348322611 0.4619397625922863
vn 0.8923990963690794 -0.38268343631432944 0.23911762873177525
vn 0.9238795305660377 -0.3826834370613369 1.131426144463939e-16
vn 0.8923990963690794 -0.38268343631432944 -0.23911762873177525
vn 0.8001031461262758 -0.3826834348322611 -0.4619397625922863
vn 0.653281488012237 -0.38268341333409667 -0.653281488012237
vn 0.4619397625922863 -0.3826834348322611 -0.8001031461262758
vn 0.23911762873177525 -0.38268343631432944 -0.8923990963690794
vn 1.6971392166959086e-16 -0.3826834370613369 -0.9238795305660377
vn -0.23911762873177525 -0.38268343631432944 -0.8923990963690794
vn -0.4619397625922863 -0.3826834348322611 -0.8001031461262758
vn -0.653281488012237 -0.38268341333409667 -0.653281488012237
vn -0.8001031461262758 -0.3826834348322611 -0.4619397625922863
vn -0.8923990963690794 -0.38268343631432944 -0.23911762873177525
vn -0.9238795305660377 -0.3826834370613369 -2.262852288927878e-16
vn -0.8314696016585884 -0.555570248949409 0
vn -0.8031379620253624 -0.5555702475392345 0.2152001719398513
vn -0.7200738105312913 -0.5555702381313198 0.4157347927340872
vn -0.5879377884340418 -0.555570260059496 0.5879377884340418
vn -0.4157347927340872 -0.5555702381313198 0.7200738105312913
vn -0.2152001719398513 -0.5555702475392345 0.8031379620253624
vn -5.091283142626975e-17 -0.555570248949409 0.8314696016585884
vn 0.2152001719398513 -0.5555702475392345 0.8031379620253624
vn 0.4157347927340872 -0.5555702381313198 0.7200738105312913
vn 0.5879377884340418 -0.555570260059496 0.5879377884340418
vn 0.7200738105312913 -0.5555702381313198 0.4157347927340872
vn 0.8031379620253624 -0.5555702475392345 0.2152001719398513
vn 0.8314696016585884 -0.555570248949409 1.018256628525395e-16
vn 0.8031379620253624 -0.5555702475392345 -0.2152001719398513
vn 0.7200738105312913 -0.5555702381313198 -0.4157347927340872
vn 0.5879377884340418 -0.555570260059496 -0.5879377884340418
vn 0.4157347927340872 -0.5555702381313198 -0.7200738105312913
vn 0.2152001719398513 -0.5555702475392345 -0.8031379620253624
vn 1.5273849097008678e-16 -0.555570248949409 -0.8314696016585884
vn -0.2152001719398513 -0.5555702475392345 -0.8031379620253624
vn -0.4157347927340872 -0.5555702381313198 -0.7200738105312913
vn -0.5879377884340418 -0.555570260059496 -0.5879377884340418
vn -0.7200738105312913 -0.5555702381313198 -0.4157347927340872
vn -0.8031379620253624 -0.5555702475392345 -0.2152001719398513
vn -0.8314696016585884 -0.555570248949409 -2.03651325705079e-16
vn -0.7071067811865476 -0.7071067811865476 0
vn -0.68301271859882 -0.707106763573214 0.18301270759503102
vn -0.6123724561743086 -0.7071067669986164 0.3535533834993082
vn -0.5000000042785677 -0.7071067751357388 0.5000000042785677
vn -0.3535533834993082 -0.7071067669986164 0.6123724561743086
vn -0.18301270759503102 -0.707106763573214 0.68301271859882
vn -4.329780375814312e-17 -0.7071067811865476 0.7071067811865476
vn 0.18301270759503102 -0.707106763573214 0.68301271859882
vn 0.3535533834993082 -0.7071067669986164 0.6123724561743086
vn 0.5000000042785677 -0.7071067751357388 0.5000000042785677
vn 0.6123724561743086 -0.7071067669986164 0.3535533834993082
vn 0.68301271859882 -0.707106763573214 0.18301270759503102
vn 0.7071067811865476 -0.7071067811865476 8.659560751628624e-17
vn 0.68301271859882 -0.707106763573214 -0.18301270759503102
vn 0.6123724561743086 -0.7071067669986164 -0.3535533834993082
vn 0.5000000042785677 -0.7071067751357388 -0.5000000042785677
vn 0.3535533834993082 -0.7071067669986164 -0.6123724561743086
vn 0.18301270759503102 -0.707106763573214 -0.68301271859882
vn 1.2989340465698435e-16 -0.7071067811865476 -0.7071067811865476
vn -0.18301270759503102 -0.707106763573214 -0.68301271859882
vn -0.3535533834993082 -0.7071067669986164 -0.6123724561743086
vn -0.5000000042785677 -0.7071067751357388 -0.5000000042785677
vn -0.6123724561743086 -0.7071067669986164 -0.3535533834993082
vn -0.68301271859882 -0.707106763573214 -0.18301270759503102
vn -0.7071067811865476 -0.7071067811865476 -1.7319121503257247e-16
vn -0.555570248949409 -0.8314696016585884 0
vn -0.536639640303563 -0.8314696101655875 0.14379215495272413
vn -0.48113793824331974 -0.8314696073502129 0.27778512637621555
vn -0.3928474841483584 -0.8314696076205134 0.3928474841483584
vn -0.27778512637621555 -0.8314696073502129 0.48113793824331974
vn -0.14379215495272413 -0.8314696101655875 0.536639640303563
vn -3.401886504589378e-17 -0.8314696016585884 0.555570248949409
vn 0.14379215495272413 -0.8314696101655875 0.536639640303563
vn 0.27778512637621555 -0.8314696073502129 0.48113793824331974
vn 0.3928474841483584 -0.8314696076205134 0.3928474841483584
vn 0.48113793824331974 -0.8314696073502129 0.27778512637621555
vn 0.536639640303563 -0.8314696101655875 0.14379215495272413
vn 0.555570248949409 -0.8314696016585884 6.803773009178756e-17
vn 0.536639640303563 -0.8314696101655875 -0.14379215495272413
vn 0.48113793824331974 -0.8314696073502129 -0.27778512637621555
vn 0.3928474841483584 -0.8314696076205134 -0.3928474841483584
vn 0.27778512637621555 -0.8314696073502129 -0.48113793824331974
vn 0.14379215495272413 -0.8314696101655875 -0.536639640303563
vn 1.0205659844640382e-16 -0.8314696016585884 -0.555570248949409
vn -0.14379215495272413 -0.8314696101655875 -0.536639640303563
vn -0.27778512637621555 -0.8314696073502129 -0.48113793824331974
vn -0.3928474841483584 -0.8314696076205134 -0.3928474841483584
vn -0.48113793824331974 -0.8314696073502129 -0.27778512637621555
vn -0.536639640303563 -0.8314696101655875 -0.14379215495272413
vn -0.555570248949409 -0.8314696016585884 -1.3607546018357512e-16
vn -0.3826834370613369 -0.9238795305660377 0
vn -0.3696438175018387 -0.9238795294241295 0.09904576363336468
vn -0.3314135766963612 -0.9238795310497564 0.1913417186308499
vn -0.2705980604439119 -0.9238795264362049 0.2705980604439119
vn -0.1913417186308499 -0.9238795310497564 0.3314135766963612
vn -0.09904576363336468 -0.9238795294241295 0.3696438175018387
vn -2.3432603017245014e-17 -0.9238795305660377 0.3826834370613369
vn 0.09904576363336468 -0.9238795294241295 0.3696438175018387
vn 0.1913417186308499 -0.9238795310497564 0.3314135766963612
vn 0.2705980604439119 -0.9238795264362049 0.2705980604439119
vn 0.3314135766963612 -0.9238795310497564 0.1913417186308499
vn 0.3696438175018387 -0.9238795294241295 0.09904576363336468
vn 0.3826834370613369 -0.9238795305660377 4.686520603449003e-17
vn 0.3696438175018387 -0.9238795294241295 -0.09904576363336468
vn 0.3314135766963612 -0.9238795310497564 -0.1913417186308499
vn 0.2705980604439119 -0.9238795264362049 -0.2705980604439119
vn 0.1913417186308499 -0.9238795310497564 -0.3314135766963612
vn 0.09904576363336468 -0.9238795294241295 -0.3696438175018387
vn 7.029780739737377e-17 -0.9238795305660377 -0.3826834370613369
vn -0.09904576363336468 -0.9238795294241295 -0.3696438175018387
vn -0.1913417186308499 -0.9238795310497564 -0.3314135766963612
vn -0.2705980604439119 -0.9238795264362049 -0.2705980604439119
vn -0.3314135766963612 -0.9238795310497564 -0.1913417186308499
vn -0.3696438175018387 -0.9238795294241295 -0.09904576363336468
vn -0.3826834370613369 -0.9238795305660377 -9.373041206898005e-17
vn -0.19509032931342324 -0.9807852789517083 0
vn -0.1884427870212915 -0.9807852790486393 0.050493092806152697
vn -0.1689531850728157 -0.9807852782941859 0.09754516459131696
vn -0.1379496942243388 -0.980785279114049 0.1379496942243388
vn -0.09754516459131696 -0.9807852782941859 0.1689531850728157
vn -0.050493092806152697 -0.9807852790486393 0.1884427870212915
vn -1.1945837521388368e-17 -0.9807852789517083 0.19509032931342324
vn 0.050493092806152697 -0.9807852790486393 0.1884427870212915
vn 0.09754516459131696 -0.9807852782941859 0.1689531850728157
vn 0.1379496942243388 -0.980785279114049 0.1379496942243388
vn 0.1689531850728157 -0.9807852782941859 0.09754516459131696
vn 0.1884427870212915 -0.9807852790486393 0.050493092806152697
vn 0.19509032931342324 -0.9807852789517083 2.3891675042776736e-17
vn 0.1884427870212915 -0.9807852790486393 -0.050493092806152697
vn 0.1689531850728157 -0.9807852782941859 -0.09754516459131696
vn 0.1379496942243388 -0.980785279114049 -0.1379496942243388
vn 0.09754516459131696 -0.9807852782941859 -0.1689531850728157
vn 0.050493092806152697 -0.9807852790486393 -0.1884427870212915
vn 3.583751173698447e-17 -0.9807852789517083 -0.19509032931342324
vn -0.050493092806152697 -0.9807852790486393 -0.1884427870212915
vn -0.09754516459131696 -0.9807852782941859 -0.1689531850728157
vn -0.1379496942243388 -0.980785279114049 -0.1379496942243388
vn -0.1689531850728157 -0.9807852782941859 -0.09754516459131696
vn -0.1884427870212915 -0.9807852790486393 -0.050493092806152697
vn -0.19509032931342324 -0.9807852789517083 -4.778335008555347e-17
vn 0 -1 0
vn 0 -1 0
vn 0 -1 0
vn 0 -1 0
vn 0 -1 0
vn 0 -1 0
vn 0 -1 0
vn 0 -1 0
vn 0 -1 0
vn 0 -1 0
vn 0 -1 0
vn 0 -1 0
vn 0 -1 0
vn 0 -1 0
vn 0 -1 0
vn 0 -1 0
vn 0 -1 0
vn 0 -1 0
vn 0 -1 0
vn 0 -1 0
vn 0 -1 0
vn 0 -1 0
vn 0 -1 0
vn 0 -1 0
vn 0 -1 0
f 25/25/25 50/50/50 51/51/51
f 26/26/26 51/51/51 52/52/52
f 27/27/27 52/52/52 53/53/53
f 28/28/28 53/53/53 54/54/54
f 29/29/29 54/54/54 55/55/55
f 30/30/30 55/55/55 56/56/56
f 31/31/31 56/56/56 57/57/57
f 32/32/32 57/57/57 58/58/58
f 33/33/33 58/58/58 59/59/59
f 34/34/34 59/59/59 60/60/60
f 35/35/35 60/60/60 61/61/61
f 36/36/36 61/61/61 62/62/62
f 37/37/37 62/62/62 63/63/63
f 38/38/38 63/63/63 64/64/64
f 39/39/39 64/64/64 65/65/65
f 40/40/40 65/65/65 66/66/66
f 41/41/41 66/66/66 67/67/67
f 42/42/42 67/67/67 68/68/68
f 43/43/43 68/68/68 69/69/69
f 44/44/44 69/69/69 70/70/70
f 45/45/45 70/70/70 71/71/71
f 46/46/46 71/71/71 72/72/72
f 47/47/47 72/72/72 73/73/73
f 48/48/48 73/73/73 74/74/74
f 51/51/51 50/50/50 76/76/76
f 50/50/50 75/75/75 76/76/76
f 52/52/52 51/51/51 77/77/77
f 51/51/51 76/76/76 77/77/77
f 53/53/53 52/52/52 78/78/78
f 52/52/52 77/77/77 78/78/78
f 54/54/54 53/53/53 79/79/79
f 53/53/53 78/78/78 79/79/79
f 55/55/55 54/54/54 80/80/80
f 54/54/54 79/79/79 80/80/80
f 56/56/56 55/55/55 81/81/81
f 55/55/55 80/80/80 81/81/81
f 57/57/57 56/56/56 82/82/82
f 56/56/56 81/81/81 82/82/82
f 58/58/58 57/57/57 83/83/83
f 57/57/57 82/82/82 83/83/83
f 59/59/59 58/58/58 84/84/84
f 58/58/58 83/83/83 84/84/84
f 60/60/60 59/59/59 85/85/85
f 59/59/59 84/84/84 85/85/85
f 61/61/61 60/60/60 86/86/86
f 60/60/60 85/85/85 86/86/86
f 62/62/62 61/61/61 87/87/87
f 61/61/61 86/86/86 87/87/87
f 63/63/63 62/62/62 88/88/88
f 62/62/62 87/87/87 88/88/88
f 64/64/64 63/63/63 89/89/89
f 63/63/63 88/88/88 89/89/89
f 65/65/65 64/64/64 90/90/90
f 64/64/64 89/89/89 90/90/90
f 66/66/66 65/65/65 91/91/91
f 65/65/65 90/90/90 91/91/91
f 67/67/67 66/66/66 92/92/92
f 66/66/66 91/91/91 92/92/92
f 68/68/68 67/67/67 93/93/93
f 67/67/67 92/92/92 93/93/93
f 69/69/69 68/68/68 94/94/94
f 68/68/68 93/93/93 94/94/94
f 70/70/70 69/69/69 95/95/95
f 69/69/69 94/94/94 95/95/95
f 71/71/71 70/70/70 96/96/96
f 70/70/70 95/95/95 96/96/96
f 72/72/72 71/71/71 97/97/97
f 71/71/71 96/96/96 97/97/97
f 73/73/73 72/72/72 98/98/98
f 72/72/72 97/97/97 98/98/98
f 74/74/74 73/73/73 99/99/99
f 73/73/73 98/98/98 99/99/99
f 76/76/76 75/75/75 101/101/101
f 75/75/75 100/100/100 101/101/101
f 77/77/77 76/76/76 102/102/102
f 76/76/76 101/101/101 102/102/102
f 78/78/78 77/77/77 103/103/103
f 77/77/77 102/102/102 103/103/103
f 79/79/79 78/78/78 104/104/104
f 78/78/78 103/103/103 104/104/104
f 80/80/80 79/79/79 105/105/105
f 79/79/79 104/104/104 105/105/105
f 81/81/81 80/80/80 106/106/106
f 80/80/80 105/105/105 106/106/106
f 82/82/82 81/81/81 107/107/107
f 81/81/81 106/106/106 107/107/107
f 83/83/83 82/82/82 108/108/108
f 82/82/82 107/107/107 108/108/108
f 84/84/84 83/83/83 109/109/109
f 83/83/83 108/108/108 109/109/109
f 85/85/85 84/84/84 110/110/110
f 84/84/84 109/109/109 110/110/110
f 86/86/86 85/85/85 111/111/111
f 85/85/85 110/110/110 111/111/111
f 87/87/87 86/86/86 112/112/112
f 86/86/86 111/111/111 112/112/112
f 88/88/88 87/87/87 113/113/113
f 87/87/87 112/112/112 113/113/113
f 89/89/89 88/88/88 114/114/114
f 88/88/88 113/113/113 114/114/114
f 90/90/90 89/89/89 115/115/115
f 89/89/89 114/114/114 115/115/115
f 91/91/91 90/90/90 116/116/116
f 90/90/90 115/115/115 116/116/116
f 92/92/92 91/91/91 117/117/117
f 91/91/91 116/116/116 117/117/117
f 93/93/93 92/92/92 118/118/118
f 92/92/92 117/117/117 118/118/118
f 94/94/94 93/93/93 119/119/119
f 93/93/93 118/118/118 119/119/119
f 95/95/95 94/94/94 120/120/120
f 94/94/94 119/119/119 120/120/120
f 96/96/96 95/95/95 121/121/121
f 95/95/95 120/120/120 121/121/121
f 97/97/97 96/96/96 122/122/122
f 96/96/96 121/121/121 122/122/122
f 98/98/98 97/97/97 123/123/123
f 97/97/97 122/122/122 123/123/123
f 99/99/99 98/98/98 124/124/124
f 98/98/98 123/123/123 124/124/124
f 101/101/101 100/100/100 126/126/126
f 100/100/100 125/125/125 126/126/126
f 102/102/102 101/101/101 127/127/127
f 101/101/101 126/126/126 127/127/127
f 103/103/103 102/102/102 128/128/128
f 102/102/102 127/127/127 128/128/128
f 104/104/104 103/103/103 129/129/129
f 103/103/103 128/128/128 129/129/129
f 105/105/105 104/104/104 130/130/130
f 104/104/104 129/129/129 130/130/130
f 106/106/106 105/105/105 131/131/131
f 105/105/105 130/130/130 131/131/131
f 107/107/107 106/106/106 132/132/132
f 106/106/106 131/131/131 132/132/132
f 108/108/108 107/107/107 133/133/133
f 107/107/107 132/132/132 133/133/133
f 109/109/109 108/108/108 134/134/134
f 108/108/108 133/133/133 134/134/134
f 110/110/110 109/109/109 135/135/135
f 109/109/109 134/134/134 135/135/135
f 111/111/111 110/110/110 136/136/136
f 110/110/110 135/135/135 136/136/136
f 112/112/112 111/111/111 137/137/137
f 111/111/111 136/136/136 137/137/137
f 113/113/113 112/112/112 138/138/138
f 112/112/112 137/137/137 138/138/138
f 114/114/114 113/113/113 139/139/139
f 113/113/113 138/138/138 139/139/139
f 115/115/115 114/114/114 140/140/140
f 114/114/114 139/139/139 140/140/140
f 116/116/116 115/115/115 141/141/141
f 115/115/115 140/140/140 141/141/141
f 117/117/117 116/116/116 142/142/142
f 116/116/116 141/141/141 142/142/142
f 118/118/118 117/117/117 143/143/143
f 117/117/117 142/142/142 143/143/143
f 119/119/119 118/118/118 144/144/144
f 118/118/118 143/143/143 144/144/144
f 120/120/120 119/119/119 145/145/145
f 119/119/119 144/144/144 145/145/145
f 121/121/121 120/120/120 146/146/146
f 120/120/120 145/145/145 146/146/146
f 122/122/122 121/121/121 147/147/147
f 121/121/121 146/146/146 147/147/147
f 123/123/123 122/122/122 148/148/148
f 122/122/122 147/147/147 148/148/148
f 124/124/124 123/123/123 149/149/149
f 123/123/123 148/148/148 149/149/149
f 126/126/126 125/125/125 151/151/151
f 125/125/125 150/150/150 151/151/151
f 127/127/127 126/126/126 152/152/152
f 126/126/126 151/151/151 152/152/152
f 128/128/128 127/127/127 153/153/153
f 127/127/127 152/152/152 153/153/153
f 129/129/129 128/128/128 154/154/154
f 128/128/128 153/153/153 154/154/154
f 130/130/130 129/129/129 155/155/155
f 129/129/129 154/154/154 155/155/155
f 131/131/131 130/130/130 156/156/156
f 130/130/130 155/155/155 156/156/156
f 132/132/132 131/131/131 157/157/157
f 131/131/131 156/156/156 157/157/157
f 133/133/133 132/132/132 158/158/158
f 132/132/132 157/157/157 158/158/158
f 134/134/134 133/133/133 159/159/159
f 133/133/133 158/158/158 159/159/159
f 135/135/135 134/134/134 160/160/160
f 134/134/134 159/159/159 160/160/160
f 136/136/136 135/135/135 161/161/161
f 135/135/135 160/160/160 161/161/161
f 137/137/137 136/136/136 162/162/162
f 136/136/136 161/161/161 162/162/162
f 138/138/138 137/137/137 163/163/163
f 137/137/137 162/162/162 163/163/163
f 139/139/139 138/138/138 164/164/164
f 138/138/138 163/163/163 164/164/164
f 140/140/140 139/139/139 165/165/165
f 139/139/139 164/164/164 165/165/165
f 141/141/141 140/140/140 166/166/166
f 140/140/140 165/165/165 166/166/166
f 142/142/142 141/141/141 167/167/167
f 141/141/141 166/166/166 167/167/167
f 143/143/143 142/142/142 168/168/168
f 142/142/142 167/167/167 168/168/168
f 144/144/144 143/143/143 169/169/169
f 143/143/143 168/168/168 169/169/169
f 145/145/145 144/144/144 170/170/170
f 144/144/144 169/169/169 170/170/170
f 146/146/146 145/145/145 171/171/171
f 145/145/145 170/170/170 171/171/171
f 147/147/147 146/146/146 172/172/172
f 146/146/146 171/171/171 172/172/172
f 148/148/148 147/147/147 173/173/173
f 147/147/147 172/172/172 173/173/173
f 149/149/149 148/148/148 174/174/174
f 148/148/148 173/173/173 174/174/174
f 151/151/151 150/150/150 176/176/176
f 150/150/150 175/175/175 176/176/176
f 152/152/152 151/151/151 177/177/177
f 151/151/151 176/176/176 177/177/177
f 153/153/153 152/152/152 178/178/178
f 152/152/152 177/177/177 178/178/178
f 154/154/154 153/153/153 179/179/179
f 153/153/153 178/178/178 179/179/179
f 155/155/155 154/154/154 180/180/180
f 154/154/154 179/179/179 180/180/180
f 156/156/156 155/155/155 181/181/181
f 155/155/155 180/180/180 181/181/181
f 157/157/157 156/156/156 182/182/182
f 156/156/156 181/181/181 182/182/182
f 158/158/158 157/157/157 183/183/183
f 157/157/157 182/182/182 183/183/183
f 159/159/159 158/158/158 184/184/184
f 158/158/158 183/183/183 184/184/184
f 160/160/160 159/159/159 185/185/185
f 159/159/159 184/184/184 185/185/185
f 161/161/161 160/160/160 186/186/186
f 160/160/160 185/185/185 186/186/186
f 162/162/162 161/161/161 187/187/187
f 161/161/161 186/186/186 187/187/187
f 163/163/163 162/162/162 188/188/188
f 162/162/162 187/187/187 188/188/188
f 164/164/164 163/163/163 189/189/189
f 163/163/163 188/188/188 189/189/189
f 165/165/165 164/164/164 190/190/190
f 164/164/164 189/189/189 190/190/190
f 166/166/166 165/165/165 191/191/191
f 165/165/165 190/190/190 191/191/191
f 167/167/167 166/166/166 192/192/192
f 166/166/166 191/191/191 192/192/192
f 168/168/168 167/167/167 193/193/193
f 167/167/167 192/192/192 193/193/193
f 169/169/169 168/168/168 194/194/194
f 168/168/168 193/193/193 194/194/194
f 170/170/170 169/169/169 195/195/195
f 169/169/169 194/194/194 195/195/195
f 171/171/171 170/170/170 196/196/196
f 170/170/170 195/195/195 196/196/196
f 172/172/172 171/171/171 197/197/197
f 171/171/171 196/196/196 197/197/197
f 173/173/173 172/172/172 198/198/198
f 172/172/172 197/197/197 198/198/198
f 174/174/174 173/173/173 199/199/199
f 173/173/173 198/198/198 199/199/199
f 176/176/176 175/175/175 201/201/201
f 175/175/175 200/200/200 201/201/201
f 177/177/177 176/176/176 202/202/202
f 176/176/176 201/201/201 202/202/202
f 178/178/178 177/177/177 203/203/203
f 177/177/177 202/202/202 203/203/203
f 179/179/179 178/178/178 204/204/204
f 178/178/178 203/203/203 204/204/204
f 180/180/180 179/179/179 205/205/205
f 179/179/179 204/204/204 205/205/205
f 181/181/181 180/180/180 206/206/206
f 180/180/180 205/205/205 206/206/206
f 182/182/182 181/181/181 207/207/207
f 181/181/181 206/206/206 207/207/207
f 183/183/183 182/182/182 208/208/208
f 182/182/182 207/207/207 208/208/208
f 184/184/184 183/183/183 209/209/209
f 183/183/183 208/208/208 209/209/209
f 185/185/185 184/184/184 210/210/210
f 184/184/184 209/209/209 210/210/210
f 186/186/186 185/185/185 211/211/211
f 185/185/185 210/210/210 211/211/211
f 187/187/187 186/186/186 212/212/212
f 186/186/186 211/211/211 212/212/212
f 188/188/188 187/187/187 213/213/213
f 187/187/187 212/212/212 213/213/213
f 189/189/189 188/188/188 214/214/214
f 188/188/188 213/213/213 214/214/214
f 190/190/190 189/189/189 215/215/215
f 189/189/189 214/214/214 215/215/215
f 191/191/191 190/190/190 216/216/216
f 190/190/190 215/215/215 216/216/216
f 192/192/192 191/191/191 217/217/217
f 191/191/191 216/216/216 217/217/217
f 193/193/193 192/192/192 218/218/218
f 192/192/192 217/217/217 218/218/218
f 194/194/194 193/193/193 219/219/219
f 193/193/193 218/218/218 219/219/219
f 195/195/195 194/194/194 220/220/220
f 194/194/194 219/219/219 220/220/220
f 196/196/196 195/195/195 221/221/221
f 195/195/195 220/220/220 221/221/221
f 197/197/197 196/196/196 222/222/222
f 196/196/196 221/221/221 222/222/222
f 198/198/198 197/197/197 223/223/223
f 197/197/197 222/222/222 223/223/223
f 199/199/199 198/198/198 224/224/224
f 198/198/198 223/223/223 224/224/224
f 201/201/201 200/200/200 226/226/226
f 200/200/200 225/225/225 226/226/226
f 202/202/202 201/201/201 227/227/227
f 201/201/201 226/226/226 227/227/227
f 203/203/203 202/202/202 228/228/228
f 202/202/202 227/227/227 228/228/228
f 204/204/204 203/203/203 229/229/229
f 203/203/203 228/228/228 229/229/229
f 205/205/205 204/204/204 230/230/230
f 204/204/204 229/229/229 230/230/230
f 206/206/206 205/205/205 231/231/231
f 205/205/205 230/230/230 231/231/231
f 207/207/207 206/206/206 232/232/232
f 206/206/206 231/231/231 232/232/232
f 208/208/208 207/207/207 233/233/233
f 207/207/207 232/232/232 233/233/233
f 209/209/209 208/208/208 234/234/234
f 208/208/208 233/233/233 234/234/234
f 210/210/210 209/209/209 235/235/235
f 209/209/209 234/234/234 235/235/235
f 211/211/211 210/210/210 236/236/236
f 210/210/210 235/235/235 236/236/236
f 212/212/212 211/211/211 237/237/237
f 211/211/211 236/236/236 237/237/237
f 213/213/213 212/212/212 238/238/238
f 212/212/212 237/237/237 238/238/238
f 214/214/214 213/213/213 239/239/239
f 213/213/213 238/238/238 239/239/239
f 215/215/215 214/214/214 240/240/240
f 214/214/214 239/239/239 240/240/240
f 216/216/216 215/215/215 241/241/241
f 215/215/215 240/240/240 241/241/241
f 217/217/217 216/216/216 242/242/242
f 216/216/216 241/241/241 242/242/242
f 218/218/218 217/217/217 243/243/243
f 217/217/217 242/242/242 243/243/243
f 219/219/219 218/218/218 244/244/244
f 218/218/218 243/243/243 244/244/244
f 220/220/220 219/219/219 245/245/245
f 219/219/219 244/244/244 245/245/245
f 221/221/221 220/220/220 246/246/246
f 220/220/220 245/245/245 246/246/246
f 222/222/222 221/221/221 247/247/247
f 221/221/221 246/246/246 247/247/247
f 223/223/223 222/222/222 248/248/248
f 222/222/222 247/247/247 248/248/248
f 224/224/224 223/223/223 249/249/249
f 223/223/223 248/248/248 249/249/249
f 226/226/226 225/225/225 251/251/251
f 225/225/225 250/250/250 251/251/251
f 227/227/227 226/226/226 252/252/252
f 226/226/226 251/251/251 252/252/252
f 228/228/228 227/227/227 253/253/253
f 227/227/227 252/252/252 253/253/253
f 229/229/229 228/228/228 254/254/254
f 228/228/228 253/253/253 254/254/254
f 230/230/230 229/229/229 255/255/255
f 229/229/229 254/254/254 255/255/255
f 231/231/231 230/230/230 256/256/256
f 230/230/230 255/255/255 256/256/256
f 232/232/232 231/231/231 257/257/257
f 231/231/231 256/256/256 257/257/257
f 233/233/233 232/232/232 258/258/258
f 232/232/232 257/257/257 258/258/258
f 234/234/234 233/233/233 259/259/259
f 233/233/233 258/258/258 259/259/259
f 235/235/235 234/234/234 260/260/260
f 234/234/234 259/259/259 260/260/260
f 236/236/236 235/235/235 261/261/261
f 235/235/235 260/260/260 261/261/261
f 237/237/237 236/236/236 262/262/262
f 236/236/236 261/261/261 262/262/262
f 238/238/238 237/237/237 263/263/263
f 237/237/237 262/262/262 263/263/263
f 239/239/239 238/238/238 264/264/264
f 238/238/238 263/263/263 264/264/264
f 240/240/240 239/239/239 265/265/265
f 239/239/239 264/264/264 265/265/265
f 241/241/241 240/240/240 266/266/266
f 240/240/240 265/265/265 266/266/266
f 242/242/242 241/241/241 267/267/267
f 241/241/241 266/266/266 267/267/267
f 243/243/243 242/242/242 268/268/268
f 242/242/242 267/267/267 268/268/268
f 244/244/244 243/243/243 269/269/269
f 243/243/243 268/268/268 269/269/269
f 245/245/245 244/244/244 270/270/270
f 244/244/244 269/269/269 270/270/270
f 246/246/246 245/245/245 271/271/271
f 245/245/245 270/270/270 271/271/271
f 247/247/247 246/246/246 272/272/272
f 246/246/246 271/271/271 272/272/272
f 248/248/248 247/247/247 273/273/273
f 247/247/247 272/272/272 273/273/273
f 249/249/249 248/248/248 274/274/274
f 248/248/248 273/273/273 274/274/274
f 251/251/251 250/250/250 276/276/276
f 250/250/250 275/275/275 276/276/276
f 252/252/252 251/251/251 277/277/277
f 251/251/251 276/276/276 277/277/277
f 253/253/253 252/252/252 278/278/278
f 252/252/252 277/277/277 278/278/278
f 254/254/254 253/253/253 279/279/279
f 253/253/253 278/278/278 279/279/279
f 255/255/255 254/254/254 280/280/280
f 254/254/254 279/279/279 280/280/280
f 256/256/256 255/255/255 281/281/281
f 255/255/255 280/280/280 281/281/281
f 257/257/257 256/256/256 282/282/282
f 256/256/256 281/281/281 282/282/282
f 258/258/258 257/257/257 283/283/283
f 257/257/257 282/282/282 283/283/283
f 259/259/259 258/258/258 284/284/284
f 258/258/258 283/283/283 284/284/284
f 260/260/260 259/259/259 285/285/285
f 259/259/259 284/284/284 285/285/285
f 261/261/261 260/260/260 286/286/286
f 260/260/260 285/285/285 286/286/286
f 262/262/262 261/261/261 287/287/287
f 261/261/261 286/286/286 287/287/287
f 263/263/263 262/262/262 288/288/288
f 262/262/262 287/287/287 288/288/288
f 264/264/264 263/263/263 289/289/289
f 263/263/263 288/288/288 289/289/289
f 265/265/265 264/264/264 290/290/290
f 264/264/264 289/289/289 290/290/290
f 266/266/266 265/265/265 291/291/291
f 265/265/265 290/290/290 291/291/291
f 267/267/267 266/266/266 292/292/292
f 266/266/266 291/291/291 292/292/292
f 268/268/268 267/267/267 293/293/293
f 267/267/267 292/292/292 293/293/293
f 269/269/269 268/268/268 294/294/294
f 268/268/268 293/293/293 294/294/294
f 270/270/270 269/269/269 295/295/295
f 269/269/269 294/294/294 295/295/295
f 271/271/271 270/270/270 296/296/296
f 270/270/270 295/295/295 296/296/296
f 272/272/272 271/271/271 297/297/297
f 271/271/271 296/296/296 297/297/297
f 273/273/273 272/272/272 298/298/298
f 272/272/272 297/297/297 298/298/298
f 274/274/274 273/273/273 299/299/299
f 273/273/273 298/298/298 299/299/299
f 276/276/276 275/275/275 301/301/301
f 275/275/275 300/300/300 301/301/301
f 277/277/277 276/276/276 302/302/302
f 276/276/276 301/301/301 302/302/302
f 278/278/278 277/277/277 303/303/303
f 277/277/277 302/302/302 303/303/303
f 279/279/279 278/278/278 304/304/304
f 278/278/278 303/303/303 304/304/304
f 280/280/280 279/279/279 305/305/305
f 279/279/279 304/304/304 305/305/305
f 281/281/281 280/280/280 306/306/306
f 280/280/280 305/305/305 306/306/306
f 282/282/282 281/281/281 307/307/307
f 281/281/281 306/306/306 307/307/307
f 283/283/283 282/282/282 308/308/308
f 282/282/282 307/307/307 308/308/308
f 284/284/284 283/283/283 309/309/309
f 283/283/283 308/308/308 309/309/309
f 285/285/285 284/284/284 310/310/310
f 284/284/284 309/309/309 310/310/310
f 286/286/286 285/285/285 311/311/311
f 285/285/285 310/310/310 311/311/311
f 287/287/287 286/286/286 312/312/312
f 286/286/286 311/311/311 312/312/312
f 288/288/288 287/287/287 313/313/313
f 287/287/287 312/312/312 313/313/313
f 289/289/289 288/288/288 314/314/314
f 288/288/288 313/313/313 314/314/314
f 290/290/290 289/289/289 315/315/315
f 289/289/289 314/314/314 315/315/315
f 291/291/291 290/290/290 316/316/316
f 290/290/290 315/315/315 316/316/316
f 292/292/292 291/291/291 317/317/317
f 291/291/291 316/316/316 317/317/317
f 293/293/293 292/292/292 318/318/318
f 292/292/292 317/317/317 318/318/318
f 294/294/294 293/293/293 319/319/319
f 293/293/293 318/318/318 319/319/319
f 295/295/295 294/294/294 320/320/320
f 294/294/294 319/319/319 320/320/320
f 296/296/296 295/295/295 321/321/321
f 295/295/295 320/320/320 321/321/321
f 297/297/297 296/296/296 322/322/322
f 296/296/296 321/321/321 322/322/322
f 298/298/298 297/297/297 323/323/323
f 297/297/297 322/322/322 323/323/323
f 299/299/299 298/298/298 324/324/324
f 298/298/298 323/323/323 324/324/324
f 301/301/301 300/300/300 326/326/326
f 300/300/300 325/325/325 326/326/326
f 302/302/302 301/301/301 327/327/327
f 301/301/301 326/326/326 327/327/327
f 303/303/303 302/302/302 328/328/328
f 302/302/302 327/327/327 328/328/328
f 304/304/304 303/303/303 329/329/329
f 303/303/303 328/328/328 329/329/329
f 305/305/305 304/304/304 330/330/330
f 304/304/304 329/329/329 330/330/330
f 306/306/306 305/305/305 331/331/331
f 305/305/305 330/330/330 331/331/331
f 307/307/307 306/306/306 332/332/332
f 306/306/306 331/331/331 332/332/332
f 308/308/308 307/307/307 333/333/333
f 307/307/307 332/332/332 333/333/333
f 309/309/309 308/308/308 334/334/334
f 308/308/308 333/333/333 334/334/334
f 310/310/310 309/309/309 335/335/335
f 309/309/309 334/334/334 335/335/335
f 311/311/311 310/310/310 336/336/336
f 310/310/310 335/335/335 336/336/336
f 312/312/312 311/311/311 337/337/337
f 311/311/311 336/336/336 337/337/337
f 313/313/313 312/312/312 338/338/338
f 312/312/312 337/337/337 338/338/338
f 314/314/314 313/313/313 339/339/339
f 313/313/313 338/338/338 339/339/339
f 315/315/315 314/314/314 340/340/340
f 314/314/314 339/339/339 340/340/340
f 316/316/316 315/315/315 341/341/341
f 315/315/315 340/340/340 341/341/341
f 317/317/317 316/316/316 342/342/342
f 316/316/316 341/341/341 342/342/342
f 318/318/318 317/317/317 343/343/343
f 317/317/317 342/342/342 343/343/343
f 319/319/319 318/318/318 344/344/344
f 318/318/318 343/343/343 344/344/344
f 320/320/320 319/319/319 345/345/345
f 319/319/319 344/344/344 345/345/345
f 321/321/321 320/320/320 346/346/346
f 320/320/320 345/345/345 346/346/346
f 322/322/322 321/321/321 347/347/347
f 321/321/321 346/346/346 347/347/347
f 323/323/323 322/322/322 348/348/348
f 322/322/322 347/347/347 348/348/348
f 324/324/324 323/323/323 349/349/349
f 323/323/323 348/348/348 349/349/349
f 326/326/326 325/325/325 351/351/351
f 325/325/325 350/350/350 351/351/351
f 327/327/327 326/326/326 352/352/352
f 326/326/326 351/351/351 352/352/352
f 328/328/328 327/327/327 353/353/353
f 327/327/327 352/352/352 353/353/353
f 329/329/329 328/328/328 354/354/354
f 328/328/328 353/353/353 354/354/354
f 330/330/330 329/329/329 355/355/355
f 329/329/329 354/354/354 355/355/355
f 331/331/331 330/330/330 356/356/356
f 330/330/330 355/355/355 356/356/356
f 332/332/332 331/331/331 357/357/357
f 331/331/331 356/356/356 357/357/357
f 333/333/333 332/332/332 358/358/358
f 332/332/332 357/357/357 358/358/358
f 334/334/334 333/333/333 359/359/359
f 333/333/333 358/358/358 359/359/359
f 335/335/335 334/334/334 360/360/360
f 334/334/334 359/359/359 360/360/360
f 336/336/336 335/335/335 361/361/361
f 335/335/335 360/360/360 361/361/361
f 337/337/337 336/336/336 362/362/362
f 336/336/336 361/361/361 362/362/362
f 338/338/338 337/337/337 363/363/363
f 337/337/337 362/362/362 363/363/363
f 339/339/339 338/338/338 364/364/364
f 338/338/338 363/363/363 364/364/364
f 340/340/340 339/339/339 365/365/365
f 339/339/339 364/364/364 365/365/365
f 341/341/341 340/340/340 366/366/366
f 340/340/340 365/365/365 366/366/366
f 342/342/342 341/341/341 367/367/367
f 341/341/341 366/366/366 367/367/367
f 343/343/343 342/342/342 368/368/368
f 342/342/342 367/367/367 368/368/368
f 344/344/344 343/343/343 369/369/369
f 343/343/343 368/368/368 369/369/369
f 345/345/345 344/344/344 370/370/370
f 344/344/344 369/369/369 370/370/370
f 346/346/346 345/345/345 371/371/371
f 345/345/345 370/370/370 371/371/371
f 347/347/347 346/346/346 372/372/372
f 346/346/346 371/371/371 372/372/372
f 348/348/348 347/347/347 373/373/373
f 347/347/347 372/372/372 373/373/373
f 349/349/349 348/348/348 374/374/374
f 348/348/348 373/373/373 374/374/374
f 351/351/351 350/350/350 376/376/376
f 350/350/350 375/375/375 376/376/376
f 352/352/352 351/351/351 377/377/377
f 351/351/351 376/376/376 377/377/377
f 353/353/353 352/352/352 378/378/378
f 352/352/352 377/377/377 378/378/378
f 354/354/354 353/353/353 379/379/379
f 353/353/353 378/378/378 379/379/379
f 355/355/355 354/354/354 380/380/380
f 354/354/354 379/379/379 380/380/380
f 356/356/356 355/355/355 381/381/381
f 355/355/355 380/380/380 381/381/381
f 357/357/357 356/356/356 382/382/382
f 356/356/356 381/381/381 382/382/382
f 358/358/358 357/357/357 383/383/383
f 357/357/357 382/382/382 383/383/383
f 359/359/359 358/358/358 384/384/384
f 358/358/358 383/383/383 384/384/384
f 360/360/360 359/359/359 385/385/385
f 359/359/359 384/384/384 385/385/385
f 361/361/361 360/360/360 386/386/386
f 360/360/360 385/385/385 386/386/386
f 362/362/362 361/361/361 387/387/387
f 361/361/361 386/386/386 387/387/387
f 363/363/363 362/362/362 388/388/388
f 362/362/362 387/387/387 388/388/388
f 364/364/364 363/363/363 389/389/389
f 363/363/363 388/388/388 389/389/389
f 365/365/365 364/364/364 390/390/390
f 364/364/364 389/389/389 390/390/390
f 366/366/366 365/365/365 391/391/391
f 365/365/365 390/390/390 391/391/391
f 367/367/367 366/366/366 392/392/392
f 366/366/366 391/391/391 392/392/392
f 368/368/368 367/367/367 393/393/393
f 367/367/367 392/392/392 393/393/393
f 369/369/369 368/368/368 394/394/394
f 368/368/368 393/393/393 394/394/394
f 370/370/370 369/369/369 395/395/395
f 369/369/369 394/394/394 395/395/395
f 371/371/371 370/370/370 396/396/396
f 370/370/370 395/395/395 396/396/396
f 372/372/372 371/371/371 397/397/397
f 371/371/371 396/396/396 397/397/397
f 373/373/373 372/372/372 398/398/398
f 372/372/372 397/397/397 398/398/398
f 374/374/374 373/373/373 399/399/399
f 373/373/373 398/398/398 399/399/399
f 376/376/376 375/375/375 401/401/401
f 375/375/375 400/400/400 401/401/401
f 377/377/377 376/376/376 402/402/402
f 376/376/376 401/401/401 402/402/402
f 378/378/378 377/377/377 403/403/403
f 377/377/377 402/402/402 403/403/403
f 379/379/379 378/378/378 404/404/404
f 378/378/378 403/403/403 404/404/404
f 380/380/380 379/379/379 405/405/405
f 379/379/379 404/404/404 405/405/405
f 381/381/381 380/380/380 406/406/406
f 380/380/380 405/405/405 406/406/406
f 382/382/382 381/381/381 407/407/407
f 381/381/381 406/406/406 407/407/407
f 383/383/383 382/382/382 408/408/408
f 382/382/382 407/407/407 408/408/408
f 384/384/384 383/383/383 409/409/409
f 383/383/383 408/408/408 409/409/409
f 385/385/385 384/384/384 410/410/410
f 384/384/384 409/409/409 410/410/410
f 386/386/386 385/385/385 411/411/411
f 385/385/385 410/410/410 411/411/411
f 387/387/387 386/386/386 412/412/412
f 386/386/386 411/411/411 412/412/412
f 388/388/388 387/387/387 413/413/413
f 387/387/387 412/412/412 413/413/413
f 389/389/389 388/388/388 414/414/414
f 388/388/388 413/413/413 414/414/414
f 390/390/390 389/389/389 415/415/415
f 389/389/389 414/414/414 415/415/415
f 391/391/391 390/390/390 416/416/416
f 390/390/390 415/415/415 416/416/416
f 392/392/392 391/391/391 417/417/417
f 391/391/391 416/416/416 417/417/417
f 393/393/393 392/392/392 418/418/418
f 392/392/392 417/417/417 418/418/418
f 394/394/394 393/393/393 419/419/419
f 393/393/393 418/418/418 419/419/419
f 395/395/395 394/394/394 420/420/420
f 394/394/394 419/419/419 420/420/420
f 396/396/396 395/395/395 421/421/421
f 395/395/395 420/420/420 421/421/421
f 397/397/397 396/396/396 422/422/422
f 396/396/396 421/421/421 422/422/422
f 398/398/398 397/397/397 423/423/423
f 397/397/397 422/422/422 423/423/423
f 399/399/399 398/398/398 424/424/424
f 398/398/398 423/423/423 424/424/424
f 401/401/401 400/400/400 426/426/426
f 402/402/402 401/401/401 427/427/427
f 403/403/403 402/402/402 428/428/428
f 404/404/404 403/403/403 429/429/429
f 405/405/405 404/404/404 430/430/430
f 406/406/406 405/405/405 431/431/431
f 407/407/407 406/406/406 432/432/432
f 408/408/408 407/407/407 433/433/433
f 409/409/409 408/408/408 434/434/434
f 410/410/410 409/409/409 435/435/435
f 411/411/411 410/410/410 436/436/436
f 412/412/412 411/411/411 437/437/437
f 413/413/413 412/412/412 438/438/438
f 414/414/414 413/413/413 439/439/439
f 415/415/415 414/414/414 440/440/440
f 416/416/416 415/415/415 441/441/441
f 417/417/417 416/416/416 442/442/442
f 418/418/418 417/417/417 443/443/443
f 419/419/419 418/418/418 444/444/444
f 420/420/420 419/419/419 445/445/445
f 421/421/421 420/420/420 446/446/446
f 422/422/422 421/421/421 447/447/447
f 423/423/423 422/422/422 448/448/448
f 424/424/424 423/423/423 449/449/449
o arm_left
usemtl robot_limb
v -0.65 1.8 0.11999999731779099
v -0.6040779888629914 1.8 0.11086554080247879
v -0.5651471853256226 1.8 0.08485281467437744
v -0.5391344591975212 1.8 0.04592201113700867
v -0.530000002682209 1.8 7.347880950074885e-18
v -0.5391344591975212 1.8 -0.04592201113700867
v -0.5651471853256226 1.8 -0.08485281467437744
v -0.6040779888629914 1.8 -0.11086554080247879
v -0.65 1.8 -0.11999999731779099
v -0.6959220111370087 1.8 -0.11086554080247879
v -0.7348528146743775 1.8 -0.08485281467437744
v -0.7608655408024788 1.8 -0.04592201113700867
v -0.769999997317791 1.8 -2.204364202304404e-17
v -0.7608655408024788 1.8 0.04592201113700867
v -0.7348528146743775 1.8 0.08485281467437744
v -0.6959220111370087 1.8 0.11086554080247879
v -0.65 1.8 0.11999999731779099
v -0.65 0.8 0.11999999731779099
v -0.6040779888629914 0.8 0.11086554080247879
v -0.5651471853256226 0.8 0.08485281467437744
v -0.5391344591975212 0.8 0.04592201113700867
v -0.530000002682209 0.8 7.347880950074885e-18
v -0.5391344591975212 0.8 -0.04592201113700867
v -0.5651471853256226 0.8 -0.08485281467437744
v -0.6040779888629914 0.8 -0.11086554080247879
v -0.65 0.8 -0.11999999731779099
v -0.6959220111370087 0.8 -0.11086554080247879
v -0.7348528146743775 0.8 -0.08485281467437744
v -0.7608655408024788 0.8 -0.04592201113700867
v -0.769999997317791 0.8 -2.204364202304404e-17
v -0.7608655408024788 0.8 0.04592201113700867
v -0.7348528146743775 0.8 0.08485281467437744
v -0.6959220111370087 0.8 0.11086554080247879
v -0.65 0.8 0.11999999731779099
v -0.65 1.8 0
v -0.65 1.8 0
v -0.65 1.8 0
v -0.65 1.8 0
v -0.65 1.8 0
v -0.65 1.8 0
v -0.65 1.8 0
v -0.65 1.8 0
v -0.65 1.8 0
v -0.65 1.8 0
v -0.65 1.8 0
v -0.65 1.8 0
v -0.65 1.8 0
v -0.65 1.8 0
v -0.65 1.8 0
v -0.65 1.8 0
v -0.65 1.8 0.11999999731779099
v -0.6040779888629914 1.8 0.11086554080247879
v -0.5651471853256226 1.8 0.08485281467437744
v -0.5391344591975212 1.8 0.04592201113700867
v -0.530000002682209 1.8 7.347880950074885e-18
v -0.5391344591975212 1.8 -0.04592201113700867
v -0.5651471853256226 1.8 -0.08485281467437744
v -0.6040779888629914 1.8 -0.11086554080247879
v -0.65 1.8 -0.11999999731779099
v -0.6959220111370087 1.8 -0.11086554080247879
v -0.7348528146743775 1.8 -0.08485281467437744
v -0.7608655408024788 1.8 -0.04592201113700867
v -0.769999997317791 1.8 -2.204364202304404e-17
v -0.7608655408024788 1.8 0.04592201113700867
v -0.7348528146743775 1.8 0.08485281467437744
v -0.6959220111370087 1.8 0.11086554080247879
v -0.65 1.8 0.11999999731779099
v -0.65 0.8 0
v -0.65 0.8 0
v -0.65 0.8 0
v -0.65 0.8 0
v -0.65 0.8 0
v -0.65 0.8 0
v -0.65 0.8 0
v -0.65 0.8 0
v -0.65 0.8 0
v -0.65 0.8 0
v -0.65 0.8 0
v -0.65 0.8 0
v -0.65 0.8 0
v -0.65 0.8 0
v -0.65 0.8 0
v -0.65 0.8 0
v -0.65 0.8 0.11999999731779099
v -0.6040779888629914 0.8 0.11086554080247879
v -0.5651471853256226 0.8 0.08485281467437744
v -0.5391344591975212 0.8 0.04592201113700867
v -0.530000002682209 0.8 7.347880950074885e-18
v -0.5391344591975212 0.8 -0.04592201113700867
v -0.5651471853256226 0.8 -0.08485281467437744
v -0.6040779888629914 0.8 -0.11086554080247879
v -0.65 0.8 -0.11999999731779099
v -0.6959220111370087 0.8 -0.11086554080247879
v -0.7348528146743775 0.8 -0.08485281467437744
v -0.7608655408024788 0.8 -0.04592201113700867
v -0.769999997317791 0.8 -2.204364202304404e-17
v -0.7608655408024788 0.8 0.04592201113700867
v -0.7348528146743775 0.8 0.08485281467437744
v -0.6959220111370087 0.8 0.11086554080247879
v -0.65 0.8 0.11999999731779099
vt 0 1
vt 0.0625 1
vt 0.125 1
vt 0.1875 1
vt 0.25 1
vt 0.3125 1
vt 0.375 1
vt 0.4375 1
vt 0.5 1
vt 0.5625 1
vt 0.625 1
vt 0.6875 1
vt 0.75 1
vt 0.8125 1
vt 0.875 1
vt 0.9375 1
vt 1 1
vt 0 0
vt 0.0625 0
vt 0.125 0
vt 0.1875 0
vt 0.25 0
vt 0.3125 0
vt 0.375 0
vt 0.4375 0
vt 0.5 0
vt 0.5625 0
vt 0.625 0
vt 0.6875 0
vt 0.75 0
vt 0.8125 0
vt 0.875 0
vt 0.9375 0
vt 1 0
vt 0.5 0.5
vt 0.5 0.5
vt 0.5 0.5
vt 0.5 0.5
vt 0.5 0.5
vt 0.5 0.5
vt 0.5 0.5
vt 0.5 0.5
vt 0.5 0.5
vt 0.5 0.5
vt 0.5 0.5
vt 0.5 0.5
vt 0.5 0.5
vt 0.5 0.5
vt 0.5 0.5
vt 0.5 0.5
vt 1 0.5
vt 0.9619397521018982 0.6913416981697083
vt 0.8535534143447876 0.8535534143447876
vt 0.6913416981697083 0.9619397521018982
vt 0.5 1
vt 0.30865827202796936 0.9619397521018982
vt 0.1464466154575348 0.8535534143447876
vt 0.03806023299694061 0.6913416981697083
vt 0 0.5
vt 0.03806023299694061 0.30865827202796936
vt 0.1464466154575348 0.1464466154575348
vt 0.30865827202796936 0.03806023299694061
vt 0.5 0
vt 0.6913416981697083 0.03806023299694061
vt 0.8535534143447876 0.1464466154575348
vt 0.9619397521018982 0.30865827202796936
vt 1 0.5
vt 0.5 0.5
vt 0.5 0.5
vt 0.5 0.5
vt 0.5 0.5
vt 0.5 0.5
vt 0.5 0.5
vt 0.5 0.5
vt 0.5 0.5
vt 0.5 0.5
vt 0.5 0.5
vt 0.5 0.5
vt 0.5 0.5
vt 0.5 0.5
vt 0.5 0.5
vt 0.5 0.5
vt 0.5 0.5
vt 1 0.5
vt 0.9619397521018982 0.30865827202796936
vt 0.8535534143447876 0.1464466154575348
vt 0.6913416981697083 0.03806023299694061
vt 0.5 0
vt 0.30865827202796936 0.03806023299694061
vt 0.1464466154575348 0.1464466154575348
vt 0.03806023299694061 0.30865827202796936
vt 0 0.5
vt 0.03806023299694061 0.6913416981697083
vt 0.1464466154575348 0.8535534143447876
vt 0.30865827202796936 0.9619397521018982
vt 0.5 1
vt 0.6913416981697083 0.9619397521018982
vt 0.8535534143447876 0.8535534143447876
vt 0.9619397521018982 0.6913416981697083
vt 1 0.5
vn 0 0 1
vn 0.3826834370613369 0 0.9238795305660377
vn 0.7071067811865476 0 0.7071067811865476
vn 0.9238795305660377 0 0.3826834370613369
vn 1 0 6.123234262925839e-17
vn 0.9238795305660377 0 -0.3826834370613369
vn 0.7071067811865476 0 -0.7071067811865476
vn 0.3826834370613369 0 -0.9238795305660377
vn 1.2246468525851679e-16 0 -1
vn -0.3826834370613369 0 -0.9238795305660377
vn -0.7071067811865476 0 -0.7071067811865476
vn -0.9238795305660377 0 -0.3826834370613369
vn -1 0 -1.8369701465288538e-16
vn -0.9238795305660377 0 0.3826834370613369
vn -0.7071067811865476 0 0.7071067811865476
vn -0.3826834370613369 0 0.9238795305660377
vn -2.4492937051703357e-16 0 1
vn 0 0 1
vn 0.3826834370613369 0 0.9238795305660377
vn 0.7071067811865476 0 0.7071067811865476
vn 0.9238795305660377 0 0.3826834370613369
vn 1 0 6.123234262925839e-17
vn 0.9238795305660377 0 -0.3826834370613369
vn 0.7071067811865476 0 -0.7071067811865476
vn 0.3826834370613369 0 -0.9238795305660377
vn 1.2246468525851679e-16 0 -1
vn -0.3826834370613369 0 -0.9238795305660377
vn -0.7071067811865476 0 -0.7071067811865476
vn -0.9238795305660377 0 -0.3826834370613369
vn -1 0 -1.8369701465288538e-16
vn -0.9238795305660377 0 0.3826834370613369
vn -0.7071067811865476 0 0.7071067811865476
vn -0.3826834370613369 0 0.9238795305660377
vn -2.4492937051703357e-16 0 1
vn 0 1 0
vn 0 1 0
vn 0 1 0
vn 0 1 0
vn 0 1 0
vn 0 1 0
vn 0 1 0
vn 0 1 0
vn 0 1 0
vn 0 1 0
vn 0 1 0
vn 0 1 0
vn 0 1 0
vn 0 1 0
vn 0 1 0
vn 0 1 0
vn 0 1 0
vn 0 1 0
vn 0 1 0
vn 0 1 0
vn 0 1 0
vn 0 1 0
vn 0 1 0
vn 0 1 0
vn 0 1 0
vn 0 1 0
vn 0 1 0
vn 0 1 0
vn 0 1 0
vn 0 1 0
vn 0 1 0
vn 0 1 0
vn 0 1 0
vn 0 -1 0
vn 0 -1 0
vn 0 -1 0
vn 0 -1 0
vn 0 -1 0
vn 0 -1 0
vn 0 -1 0
vn 0 -1 0
vn 0 -1 0
vn 0 -1 0
vn 0 -1 0
vn 0 -1 0
vn 0 -1 0
vn 0 -1 0
vn 0 -1 0
vn 0 -1 0
vn 0 -1 0
vn 0 -1 0
vn 0 -1 0
vn 0 -1 0
vn 0 -1 0
vn 0 -1 0
vn 0 -1 0
vn 0 -1 0
vn 0 -1 0
vn 0 -1 0
vn 0 -1 0
vn 0 -1 0
vn 0 -1 0
vn 0 -1 0
vn 0 -1 0
vn 0 -1 0
vn 0 -1 0
f 450/450/450 467/467/467 451/451/451
f 467/467/467 468/468/468 451/451/451
f 451/451/451 468/468/468 452/452/452
f 468/468/468 469/469/469 452/452/452
f 452/452/452 469/469/469 453/453/453
f 469/469/469 470/470/470 453/453/453
f 453/453/453 470/470/470 454/454/454
f 470/470/470 471/471/471 454/454/454
f 454/454/454 471/471/471 455/455/455
f 471/471/471 472/472/472 455/455/455
f 455/455/455 472/472/472 456/456/456
f 472/472/472 473/473/473 456/456/456
f 456/456/456 473/473/473 457/457/457
f 473/473/473 474/474/474 457/457/457
f 457/457/457 474/474/474 458/458/458
f 474/474/474 475/475/475 458/458/458
f 458/458/458 475/475/475 459/459/459
f 475/475/475 476/476/476 459/459/459
f 459/459/459 476/476/476 460/460/460
f 476/476/476 477/477/477 460/460/460
f 460/460/460 477/477/477 461/461/461
f 477/477/477 478/478/478 461/461/461
f 461/461/461 478/478/478 462/462/462
f 478/478/478 479/479/479 462/462/462
f 462/462/462 479/479/479 463/463/463
f 479/479/479 480/480/480 463/463/463
f 463/463/463 480/480/480 464/464/464
f 480/480/480 481/481/481 464/464/464
f 464/464/464 481/481/481 465/465/465
f 481/481/481 482/482/482 465/465/465
f 465/465/465 482/482/482 466/466/466
f 482/482/482 483/483/483 466/466/466
f 500/500/500 501/501/501 484/484/484
f 501/501/501 502/502/502 485/485/485
f 502/502/502 503/503/503 486/486/486
f 503/503/503 504/504/504 487/487/487
f 504/504/504 505/505/505 488/488/488
f 505/505/505 506/506/506 489/489/489
f 506/506/506 507/507/507 490/490/490
f 507/507/507 508/508/508 491/491/491
f 508/508/508 509/509/509 492/492/492
f 509/509/509 510/510/510 493/493/493
f 510/510/510 511/511/511 494/494/494
f 511/511/511 512/512/512 495/495/495
f 512/512/512 513/513/513 496/496/496
f 513/513/513 514/514/514 497/497/497
f 514/514/514 515/515/515 498/498/498
f 515/515/515 516/516/516 499/499/499
f 534/534/534 533/533/533 517/517/517
f 535/535/535 534/534/534 518/518/518
f 536/536/536 535/535/535 519/519/519
f 537/537/537 536/536/536 520/520/520
f 538/538/538 537/537/537 521/521/521
f 539/539/539 538/538/538 522/522/522
f 540/540/540 539/539/539 523/523/523
f 541/541/541 540/540/540 524/524/524
f 542/542/542 541/541/541 525/525/525
f 543/543/543 542/542/542 526/526/526
f 544/544/544 543/543/543 527/527/527
f 545/545/545 544/544/544 528/528/528
f 546/546/546 545/545/545 529/529/529
f 547/547/547 546/546/546 530/530/530
f 548/548/548 547/547/547 531/531/531
f 549/549/549 548/548/548 532/532/532
o arm_right
usemtl robot_limb
v 0.65 1.8 0.11999999731779099
v 0.6959220111370087 1.8 0.11086554080247879
v 0.7348528146743775 1.8 0.08485281467437744
v 0.7608655408024788 1.8 0.04592201113700867
v 0.769999997317791 1.8 7.347880950074885e-18
v 0.7608655408024788 1.8 -0.04592201113700867
v 0.7348528146743775 1.8 -0.08485281467437744
v 0.6959220111370087 1.8 -0.11086554080247879
v 0.65 1.8 -0.11999999731779099
v 0.6040779888629914 1.8 -0.11086554080247879
v 0.5651471853256226 1.8 -0.08485281467437744
v 0.5391344591975212 1.8 -0.04592201113700867
v 0.530000002682209 1.8 -2.204364202304404e-17
v 0.5391344591975212 1.8 0.04592201113700867
v 0.5651471853256226 1.8 0.08485281467437744
v 0.6040779888629914 1.8 0.11086554080247879
v 0.65 1.8 0.11999999731779099
v 0.65 0.8 0.11999999731779099
v 0.6959220111370087 0.8 0.11086554080247879
v 0.7348528146743775 0.8 0.08485281467437744
v 0.7608655408024788 0.8 0.04592201113700867
v 0.769999997317791 0.8 7.347880950074885e-18
v 0.7608655408024788 0.8 -0.04592201113700867
v 0.7348528146743775 0.8 -0.08485281467437744
v 0.6959220111370087 0.8 -0.11086554080247879
v 0.65 0.8 -0.11999999731779099
v 0.6040779888629914 0.8 -0.11086554080247879
v 0.5651471853256226 0.8 -0.08485281467437744
v 0.5391344591975212 0.8 -0.04592201113700867
v 0.530000002682209 0.8 -2.204364202304404e-17
v 0.5391344591975212 0.8 0.04592201113700867
v 0.5651471853256226 0.8 0.08485281467437744
v 0.6040779888629914 0.8 0.11086554080247879
v 0.65 0.8 0.11999999731779099
v 0.65 1.8 0
v 0.65 1.8 0
v 0.65 1.8 0
v 0.65 1.8 0
v 0.65 1.8 0
v 0.65 1.8 0
v 0.65 1.8 0
v 0.65 1.8 0
v 0.65 1.8 0
v 0.65 1.8 0
v 0.65 1.8 0
v 0.65 1.8 0
v 0.65 1.8 0
v 0.65 1.8 0
v 0.65 1.8 0
v 0.65 1.8 0
v 0.65 1.8 0.11999999731779099
v 0.6959220111370087 1.8 0.11086554080247879
v 0.7348528146743775 1.8 0.08485281467437744
v 0.7608655408024788 1.8 0.04592201113700867
v 0.769999997317791 1.8 7.347880950074885e-18
v 0.7608655408024788 1.8 -0.04592201113700867
v 0.7348528146743775 1.8 -0.08485281467437744
v 0.6959220111370087 1.8 -0.11086554080247879
v 0.65 1.8 -0.11999999731779099
v 0.6040779888629914 1.8 -0.11086554080247879
v 0.5651471853256226 1.8 -0.08485281467437744
v 0.5391344591975212 1.8 -0.04592201113700867
v 0.530000002682209 1.8 -2.204364202304404e-17
v 0.5391344591975212 1.8 0.04592201113700867
v 0.5651471853256226 1.8 0.08485281467437744
v 0.6040779888629914 1.8 0.11086554080247879
v 0.65 1.8 0.11999999731779099
v 0.65 0.8 0
v 0.65 0.8 0
v 0.65 0.8 0
v 0.65 0.8 0
v 0.65 0.8 0
v 0.65 0.8 0
v 0.65 0.8 0
v 0.65 0.8 0
v 0.65 0.8 0
v 0.65 0.8 0
v 0.65 0.8 0
v 0.65 0.8 0
v 0.65 0.8 0
v 0.65 0.8 0
v 0.65 0.8 0
v 0.65 0.8 0
v 0.65 0.8 0.11999999731779099
v 0.6959220111370087 0.8 0.11086554080247879
v 0.7348528146743775 0.8 0.08485281467437744
v 0.7608655408024788 0.8 0.04592201113700867
v 0.769999997317791 0.8 7.347880950074885e-18
v 0.7608655408024788 0.8 -0.04592201113700867
v 0.7348528146743775 0.8 -0.08485281467437744
v 0.6959220111370087 0.8 -0.11086554080247879
v 0.65 0.8 -0.11999999731779099
v 0.6040779888629914 0.8 -0.11086554080247879
v 0.5651471853256226 0.8 -0.08485281467437744
v 0.5391344591975212 0.8 -0.04592201113700867
v 0.530000002682209 0.8 -2.204364202304404e-17
v 0.5391344591975212 0.8 0.04592201113700867
v 0.5651471853256226 0.8 0.08485281467437744
v 0.6040779888629914 0.8 0.11086554080247879
v 0.65 0.8 0.11999999731779099
vt 0 1
vt 0.0625 1
vt 0.125 1
vt 0.1875 1
vt 0.25 1
vt 0.3125 1
vt 0.375 1
vt 0.4375 1
vt 0.5 1
vt 0.5625 1
vt 0.625 1
vt 0.6875 1
vt 0.75 1
vt 0.8125 1
vt 0.875 1
vt 0.9375 1
vt 1 1
vt 0 0
vt 0.0625 0
vt 0.125 0
vt 0.1875 0
vt 0.25 0
vt 0.3125 0
vt 0.375 0
vt 0.4375 0
vt 0.5 0
vt 0.5625 0
vt 0.625 0
vt 0.6875 0
vt 0.75 0
vt 0.8125 0
vt 0.875 0
vt 0.9375 0
vt 1 0
vt 0.5 0.5
vt 0.5 0.5
vt 0.5 0.5
vt 0.5 0.5
vt 0.5 0.5
vt 0.5 0.5
vt 0.5 0.5
vt 0.5 0.5
vt 0.5 0.5
vt 0.5 0.5
vt 0.5 0.5
vt 0.5 0.5
vt 0.5 0.5
vt 0.5 0.5
vt 0.5 0.5
vt 0.5 0.5
vt 1 0.5
vt 0.9619397521018982 0.6913416981697083
vt 0.8535534143447876 0.8535534143447876
vt 0.6913416981697083 0.9619397521018982
vt 0.5 1
vt 0.30865827202796936 0.9619397521018982
vt 0.1464466154575348 0.8535534143447876
vt 0.03806023299694061 0.6913416981697083
vt 0 0.5
vt 0.03806023299694061 0.30865827202796936
vt 0.1464466154575348 0.1464466154575348
vt 0.30865827202796936 0.03806023299694061
vt 0.5 0
vt 0.6913416981697083 0.03806023299694061
vt 0.8535534143447876 0.1464466154575348
vt 0.9619397521018982 0.30865827202796936
vt 1 0.5
vt 0.5 0.5
vt 0.5 0.5
vt 0.5 0.5
vt 0.5 0.5
vt 0.5 0.5
vt 0.5 0.5
vt 0.5 0.5
vt 0.5 0.5
vt 0.5 0.5
vt 0.5 0.5
vt 0.5 0.5
vt 0.5 0.5
vt 0.5 0.5
vt 0.5 0.5
vt 0.5 0.5
vt 0.5 0.5
vt 1 0.5
vt 0.9619397521018982 0.30865827202796936
vt 0.8535534143447876 0.1464466154575348
vt 0.6913416981697083 0.03806023299694061
vt 0.5 0
vt 0.30865827202796936 0.03806023299694061
vt 0.1464466154575348 0.1464466154575348
vt 0.03806023299694061 0.30865827202796936
vt 0 0.5
vt 0.03806023299694061 0.6913416981697083
vt 0.1464466154575348 0.8535534143447876
vt 0.30865827202796936 0.9619397521018982
vt 0.5 1
vt 0.6913416981697083 0.9619397521018982
vt 0.8535534143447876 0.8535534143447876
vt 0.9619397521018982 0.6913416981697083
vt 1 0.5
vn 0 0 1
vn 0.3826834370613369 0 0.9238795305660377
vn 0.7071067811865476 0 0.7071067811865476
vn 0.9238795305660377 0 0.3826834370613369
vn 1 0 6.123234262925839e-17
vn 0.9238795305660377 0 -0.3826834370613369
vn 0.7071067811865476 0 -0.7071067811865476
vn 0.3826834370613369 0 -0.9238795305660377
vn 1.2246468525851679e-16 0 -1
vn -0.3826834370613369 0 -0.9238795305660377
vn -0.7071067811865476 0 -0.7071067811865476
vn -0.9238795305660377 0 -0.3826834370613369
vn -1 0 -1.8369701465288538e-16
vn -0.9238795305660377 0 0.3826834370613369
vn -0.7071067811865476 0 0.7071067811865476
vn -0.3826834370613369 0 0.9238795305660377
vn -2.4492937051703357e-16 0 1
vn 0 0 1
vn 0.3826834370613369 0 0.9238795305660377
vn 0.7071067811865476 0 0.7071067811865476
vn 0.9238795305660377 0 0.3826834370613369
vn 1 0 6.123234262925839e-17
vn 0.9238795305660377 0 -0.3826834370613369
vn 0.7071067811865476 0 -0.7071067811865476
vn 0.3826834370613369 0 -0.9238795305660377
vn 1.2246468525851679e-16 0 -1
vn -0.3826834370613369 0 -0.9238795305660377
vn -0.7071067811865476 0 -0.7071067811865476
vn -0.9238795305660377 0 -0.3826834370613369
vn -1 0 -1.8369701465288538e-16
vn -0.9238795305660377 0 0.3826834370613369
vn -0.7071067811865476 0 0.7071067811865476
vn -0.3826834370613369 0 0.9238795305660377
vn -2.4492937051703357e-16 0 1
vn 0 1 0
vn 0 1 0
vn 0 1 0
vn 0 1 0
vn 0 1 0
vn 0 1 0
vn 0 1 0
vn 0 1 0
vn 0 1 0
vn 0 1 0
vn 0 1 0
vn 0 1 0
vn 0 1 0
vn 0 1 0
vn 0 1 0
vn 0 1 0
vn 0 1 0
vn 0 1 0
vn 0 1 0
vn 0 1 0
vn 0 1 0
vn 0 1 0
vn 0 1 0
vn 0 1 0
vn 0 1 0
vn 0 1 0
vn 0 1 0
vn 0 1 0
vn 0 1 0
vn 0 1 0
vn 0 1 0
vn 0 1 0
vn 0 1 0
vn 0 -1 0
vn 0 -1 0
vn 0 -1 0
vn 0 -1 0
vn 0 -1 0
vn 0 -1 0
vn 0 -1 0
vn 0 -1 0
vn 0 -1 0
vn 0 -1 0
vn 0 -1 0
vn 0 -1 0
vn 0 -1 0
vn 0 -1 0
vn 0 -1 0
vn 0 -1 0
vn 0 -1 0
vn 0 -1 0
vn 0 -1 0
vn 0 -1 0
vn 0 -1 0
vn 0 -1 0
vn 0 -1 0
vn 0 -1 0
vn 0 -1 0
vn 0 -1 0
vn 0 -1 0
vn 0 -1 0
vn 0 -1 0
vn 0 -1 0
vn 0 -1 0
vn 0 -1 0
vn 0 -1 0
f 550/550/550 567/567/567 551/551/551
f 567/567/567 568/568/568 551/551/551
f 551/551/551 568/568/568 552/552/552
f 568/568/568 569/569/569 552/552/552
f 552/552/552 569/569/569 553/553/553
f 569/569/569 570/570/570 553/553/553
f 553/553/553 570/570/570 554/554/554
f 570/570/570 571/571/571 554/554/554
f 554/554/554 571/571/571 555/555/555
f 571/571/571 572/572/572 555/555/555
f 555/555/555 572/572/572 556/556/556
f 572/572/572 573/573/573 556/556/556
f 556/556/556 573/573/573 557/557/557
f 573/573/573 574/574/574 557/557/557
f 557/557/557 574/574/574 558/558/558
f 574/574/574 575/575/575 558/558/558
f 558/558/558 575/575/575 559/559/559
f 575/575/575 576/576/576 559/559/559
f 559/559/559 576/576/576 560/560/560
f 576/576/576 577/577/577 560/560/560
f 560/560/560 577/577/577 561/561/561
f 577/577/577 578/578/578 561/561/561
f 561/561/561 578/578/578 562/562/562
f 578/578/578 579/579/579 562/562/562
f 562/562/562 579/579/579 563/563/563
f 579/579/579 580/580/580 563/563/563
f 563/563/563 580/580/580 564/564/564
f 580/580/580 581/581/581 564/564/564
f 564/564/564 581/581/581 565/565/565
f 581/581/581 582/582/582 565/565/565
f 565/565/565 582/582/582 566/566/566
f 582/582/582 583/583/583 566/566/566
f 600/600/600 601/601/601 584/584/584
f 601/601/601 602/602/602 585/585/585
f 602/602/602 603/603/603 586/586/586
f 603/603/603 604/604/604 587/587/587
f 604/604/604 605/605/605 588/588/588
f 605/605/605 606/606/606 589/589/589
f 606/606/606 607/607/607 590/590/590
f 607/607/607 608/608/608 591/591/591
f 608/608/608 609/609/609 592/592/592
f 609/609/609 610/610/610 593/593/593
f 610/610/610 611/611/611 594/594/594
f 611/611/611 612/612/612 595/595/595
f 612/612/612 613/613/613 596/596/596
f 613/613/613 614/614/614 597/597/597
f 614/614/614 615/615/615 598/598/598
f 615/615/615 616/616/616 599/599/599
f 634/634/634 633/633/633 617/617/617
f 635/635/635 634/634/634 618/618/618
f 636/636/636 635/635/635 619/619/619
f 637/637/637 636/636/636 620/620/620
f 638/638/638 637/637/637 621/621/621
f 639/639/639 638/638/638 622/622/622
f 640/640/640 639/639/639 623/623/623
f 641/641/641 640/640/640 624/624/624
f 642/642/642 641/641/641 625/625/625
f 643/643/643 642/642/642 626/626/626
f 644/644/644 643/643/643 627/627/627
f 645/645/645 644/644/644 628/628/628
f 646/646/646 645/645/645 629/629/629
f 647/647/647 646/646/646 630/630/630
f 648/648/648 647/647/647 631/631/631
f 649/649/649 648/648/648 632/632/632
o leg_left
usemtl robot_limb
v -0.25 0.6999999940395355 0.15000000596046448
v -0.19259748607873917 0.6999999940395355 0.13858193159103394
v -0.1439339816570282 0.6999999940395355 0.1060660183429718
v -0.11141806840896606 0.6999999940395355 0.057402513921260834
v -0.09999999403953552 0.6999999940395355 9.184851394388759e-18
v -0.11141806840896606 0.6999999940395355 -0.057402513921260834
v -0.1439339816570282 0.6999999940395355 -0.1060660183429718
v -0.19259748607873917 0.6999999940395355 -0.13858193159103394
v -0.24999999999999997 0.6999999940395355 -0.15000000596046448
v -0.30740251392126083 0.6999999940395355 -0.13858193159103394
v -0.3560660183429718 0.6999999940395355 -0.1060660183429718
v -0.38858193159103394 0.6999999940395355 -0.057402513921260834
v -0.4000000059604645 0.6999999940395355 -2.7554552528805052e-17
v -0.38858193159103394 0.6999999940395355 0.057402513921260834
v -0.3560660183429718 0.6999999940395355 0.1060660183429718
v -0.30740251392126083 0.6999999940395355 0.13858193159103394
v -0.25000000000000006 0.6999999940395355 0.15000000596046448
v -0.25 5.960464455334602e-9 0.15000000596046448
v -0.19259748607873917 5.960464455334602e-9 0.13858193159103394
v -0.1439339816570282 5.960464455334602e-9 0.1060660183429718
v -0.11141806840896606 5.960464455334602e-9 0.057402513921260834
v -0.09999999403953552 5.960464455334602e-9 9.184851394388759e-18
v -0.11141806840896606 5.960464455334602e-9 -0.057402513921260834
v -0.1439339816570282 5.960464455334602e-9 -0.1060660183429718
v -0.19259748607873917 5.960464455334602e-9 -0.13858193159103394
v -0.24999999999999997 5.960464455334602e-9 -0.15000000596046448
v -0.30740251392126083 5.960464455334602e-9 -0.13858193159103394
v -0.3560660183429718 5.960464455334602e-9 -0.1060660183429718
v -0.38858193159103394 5.960464455334602e-9 -0.057402513921260834
v -0.4000000059604645 5.960464455334602e-9 -2.7554552528805052e-17
v -0.38858193159103394 5.960464455334602e-9 0.057402513921260834
v -0.3560660183429718 5.960464455334602e-9 0.1060660183429718
v -0.30740251392126083 5.960464455334602e-9 0.13858193159103394
v -0.25000000000000006 5.960464455334602e-9 0.15000000596046448
v -0.25 0.6999999940395355 0
v -0.25 0.6999999940395355 0
v -0.25 0.6999999940395355 0
v -0.25 0.6999999940395355 0
v -0.25 0.6999999940395355 0
v -0.25 0.6999999940395355 0
v -0.25 0.6999999940395355 0
v -0.25 0.6999999940395355 0
v -0.25 0.6999999940395355 0
v -0.25 0.6999999940395355 0
v -0.25 0.6999999940395355 0
v -0.25 0.6999999940395355 0
v -0.25 0.6999999940395355 0
v -0.25 0.6999999940395355 0
v -0.25 0.6999999940395355 0
v -0.25 0.6999999940395355 0
v -0.25 0.6999999940395355 0.15000000596046448
v -0.19259748607873917 0.6999999940395355 0.13858193159103394
v -0.1439339816570282 0.6999999940395355 0.1060660183429718
v -0.11141806840896606 0.6999999940395355 0.057402513921260834
v -0.09999999403953552 0.6999999940395355 9.184851394388759e-18
v -0.11141806840896606 0.6999999940395355 -0.057402513921260834
v -0.1439339816570282 0.6999999940395355 -0.1060660183429718
v -0.19259748607873917 0.6999999940395355 -0.13858193159103394
v -0.24999999999999997 0.6999999940395355 -0.15000000596046448
v -0.30740251392126083 0.6999999940395355 -0.13858193159103394
v -0.3560660183429718 0.6999999940395355 -0.1060660183429718
v -0.38858193159103394 0.6999999940395355 -0.057402513921260834
v -0.4000000059604645 0.6999999940395355 -2.7554552528805052e-17
v -0.38858193159103394 0.6999999940395355 0.057402513921260834
v -0.3560660183429718 0.6999999940395355 0.1060660183429718
v -0.30740251392126083 0.6999999940395355 0.13858193159103394
v -0.25000000000000006 0.6999999940395355 0.15000000596046448
v -0.25 5.960464455334602e-9 0
v -0.25 5.960464455334602e-9 0
v -0.25 5.960464455334602e-9 0
v -0.25 5.960464455334602e-9 0
v -0.25 5.960464455334602e-9 0
v -0.25 5.960464455334602e-9 0
v -0.25 5.960464455334602e-9 0
v -0.25 5.960464455334602e-9 0
v -0.25 5.960464455334602e-9 0
v -0.25 5.960464455334602e-9 0
v -0.25 5.960464455334602e-9 0
v -0.25 5.960464455334602e-9 0
v -0.25 5.960464455334602e-9 0
v -0.25 5.960464455334602e-9 0
v -0.25 5.960464455334602e-9 0
v -0.25 5.960464455334602e-9 0
v -0.25 5.960464455334602e-9 0.15000000596046448
v -0.19259748607873917 5.960464455334602e-9 0.13858193159103394
v -0.1439339816570282 5.960464455334602e-9 0.1060660183429718
v -0.11141806840896606 5.960464455334602e-9 0.057402513921260834
v -0.09999999403953552 5.960464455334602e-9 9.184851394388759e-18
v -0.11141806840896606 5.960464455334602e-9 -0.057402513921260834
v -0.1439339816570282 5.960464455334602e-9 -0.1060660183429718
v -0.19259748607873917 5.960464455334602e-9 -0.13858193159103394
v -0.24999999999999997 5.960464455334602e-9 -0.15000000596046448
v -0.30740251392126083 5.960464455334602e-9 -0.13858193159103394
v -0.3560660183429718 5.960464455334602e-9 -0.1060660183429718
v -0.38858193159103394 5.960464455334602e-9 -0.057402513921260834
v -0.4000000059604645 5.960464455334602e-9 -2.7554552528805052e-17
v -0.38858193159103394 5.960464455334602e-9 0.057402513921260834
v -0.3560660183429718 5.960464455334602e-9 0.1060660183429718
v -0.30740251392126083 5.960464455334602e-9 0.13858193159103394
v -0.25000000000000006 5.960464455334602e-9 0.15000000596046448
vt 0 1
vt 0.0625 1
vt 0.125 1
vt 0.1875 1
vt 0.25 1
vt 0.3125 1
vt 0.375 1
vt 0.4375 1
vt 0.5 1
vt 0.5625 1
vt 0.625 1
vt 0.6875 1
vt 0.75 1
vt 0.8125 1
vt 0.875 1
vt 0.9375 1
vt 1 1
vt 0 0
vt 0.0625 0
vt 0.125 0
vt 0.1875 0
vt 0.25 0
vt 0.3125 0
vt 0.375 0
vt 0.4375 0
vt 0.5 0
vt 0.5625 0
vt 0.625 0
vt 0.6875 0
vt 0.75 0
vt 0.8125 0
vt 0.875 0
vt 0.9375 0
vt 1 0
vt 0.5 0.5
vt 0.5 0.5
vt 0.5 0.5
vt 0.5 0.5
vt 0.5 0.5
vt 0.5 0.5
vt 0.5 0.5
vt 0.5 0.5
vt 0.5 0.5
vt 0.5 0.5
vt 0.5 0.5
vt 0.5 0.5
vt 0.5 0.5
vt 0.5 0.5
vt 0.5 0.5
vt 0.5 0.5
vt 1 0.5
vt 0.9619397521018982 0.6913416981697083
vt 0.8535534143447876 0.8535534143447876
vt 0.6913416981697083 0.9619397521018982
vt 0.5 1
vt 0.30865827202796936 0.9619397521018982
vt 0.1464466154575348 0.8535534143447876
vt 0.03806023299694061 0.6913416981697083
vt 0 0.5
vt 0.03806023299694061 0.30865827202796936
vt 0.1464466154575348 0.1464466154575348
vt 0.30865827202796936 0.03806023299694061
vt 0.5 0
vt 0.6913416981697083 0.03806023299694061
vt 0.8535534143447876 0.1464466154575348
vt 0.9619397521018982 0.30865827202796936
vt 1 0.5
vt 0.5 0.5
vt 0.5 0.5
vt 0.5 0.5
vt 0.5 0.5
vt 0.5 0.5
vt 0.5 0.5
vt 0.5 0.5
vt 0.5 0.5
vt 0.5 0.5
vt 0.5 0.5
vt 0.5 0.5
vt 0.5 0.5
vt 0.5 0.5
vt 0.5 0.5
vt 0.5 0.5
vt 0.5 0.5
vt 1 0.5
vt 0.9619397521018982 0.30865827202796936
vt 0.8535534143447876 0.1464466154575348
vt 0.6913416981697083 0.03806023299694061
vt 0.5 0
vt 0.30865827202796936 0.03806023299694061
vt 0.1464466154575348 0.1464466154575348
vt 0.03806023299694061 0.30865827202796936
vt 0 0.5
vt 0.03806023299694061 0.6913416981697083
vt 0.1464466154575348 0.8535534143447876
vt 0.30865827202796936 0.9619397521018982
vt 0.5 1
vt 0.6913416981697083 0.9619397521018982
vt 0.8535534143447876 0.8535534143447876
vt 0.9619397521018982 0.6913416981697083
vt 1 0.5
vn 0 0 1
vn 0.3826834370613369 0 0.9238795305660377
vn 0.7071067811865476 0 0.7071067811865476
vn 0.9238795305660377 0 0.3826834370613369
vn 1 0 6.123234262925839e-17
vn 0.9238795305660377 0 -0.3826834370613369
vn 0.7071067811865476 0 -0.7071067811865476
vn 0.3826834370613369 0 -0.9238795305660377
vn 1.2246468525851679e-16 0 -1
vn -0.3826834370613369 0 -0.9238795305660377
vn -0.7071067811865476 0 -0.7071067811865476
vn -0.9238795305660377 0 -0.3826834370613369
vn -1 0 -1.8369701465288538e-16
vn -0.9238795305660377 0 0.3826834370613369
vn -0.7071067811865476 0 0.7071067811865476
vn -0.3826834370613369 0 0.9238795305660377
vn -2.4492937051703357e-16 0 1
vn 0 0 1
vn 0.3826834370613369 0 0.9238795305660377
vn 0.7071067811865476 0 0.7071067811865476
vn 0.9238795305660377 0 0.3826834370613369
vn 1 0 6.123234262925839e-17
vn 0.9238795305660377 0 -0.3826834370613369
vn 0.7071067811865476 0 -0.7071067811865476
vn 0.3826834370613369 0 -0.9238795305660377
vn 1.2246468525851679e-16 0 -1
vn -0.3826834370613369 0 -0.9238795305660377
vn -0.7071067811865476 0 -0.7071067811865476
vn -0.9238795305660377 0 -0.3826834370613369
vn -1 0 -1.8369701465288538e-16
vn -0.9238795305660377 0 0.3826834370613369
vn -0.7071067811865476 0 0.7071067811865476
vn -0.3826834370613369 0 0.9238795305660377
vn -2.4492937051703357e-16 0 1
vn 0 1 0
vn 0 1 0
vn 0 1 0
vn 0 1 0
vn 0 1 0
vn 0 1 0
vn 0 1 0
vn 0 1 0
vn 0 1 0
vn 0 1 0
vn 0 1 0
vn 0 1 0
vn 0 1 0
vn 0 1 0
vn 0 1 0
vn 0 1 0
vn 0 1 0
vn 0 1 0
vn 0 1 0
vn 0 1 0
vn 0 1 0
vn 0 1 0
vn 0 1 0
vn 0 1 0
vn 0 1 0
vn 0 1 0
vn 0 1 0
vn 0 1 0
vn 0 1 0
vn 0 1 0
vn 0 1 0
vn 0 1 0
vn 0 1 0
vn 0 -1 0
vn 0 -1 0
vn 0 -1 0
vn 0 -1 0
vn 0 -1 0
vn 0 -1 0
vn 0 -1 0
vn 0 -1 0
vn 0 -1 0
vn 0 -1 0
vn 0 -1 0
vn 0 -1 0
vn 0 -1 0
vn 0 -1 0
vn 0 -1 0
vn 0 -1 0
vn 0 -1 0
vn 0 -1 0
vn 0 -1 0
vn 0 -1 0
vn 0 -1 0
vn 0 -1 0
vn 0 -1 0
vn 0 -1 0
vn 0 -1 0
vn 0 -1 0
vn 0 -1 0
vn 0 -1 0
vn 0 -1 0
vn 0 -1 0
vn 0 -1 0
vn 0 -1 0
vn 0 -1 0
f 650/650/650 667/667/667 651/651/651
f 667/667/667 668/668/668 651/651/651
f 651/651/651 668/668/668 652/652/652
f 668/668/668 669/669/669 652/652/652
f 652/652/652 669/669/669 653/653/653
f 669/669/669 670/670/670 653/653/653
f 653/653/653 670/670/670 654/654/654
f 670/670/670 671/671/671 654/654/654
f 654/654/654 671/671/671 655/655/655
f 671/671/671 672/672/672 655/655/655
f 655/655/655 672/672/672 656/656/656
f 672/672/672 673/673/673 656/656/656
f 656/656/656 673/673/673 657/657/657
f 673/673/673 674/674/674 657/657/657
f 657/657/657 674/674/674 658/658/658
f 674/674/674 675/675/675 658/658/658
f 658/658/658 675/675/675 659/659/659
f 675/675/675 676/676/676 659/659/659
f 659/659/659 676/676/676 660/660/660
f 676/676/676 677/677/677 660/660/660
f 660/660/660 677/677/677 661/661/661
f 677/677/677 678/678/678 661/661/661
f 661/661/661 678/678/678 662/662/662
f 678/678/678 679/679/679 662/662/662
f 662/662/662 679/679/679 663/663/663
f 679/679/679 680/680/680 663/663/663
f 663/663/663 680/680/680 664/664/664
f 680/680/680 681/681/681 664/664/664
f 664/664/664 681/681/681 665/665/665
f 681/681/681 682/682/682 665/665/665
f 665/665/665 682/682/682 666/666/666
f 682/682/682 683/683/683 666/666/666
f 700/700/700 701/701/701 684/684/684
f 701/701/701 702/702/702 685/685/685
f 702/702/702 703/703/703 686/686/686
f 703/703/703 704/704/704 687/687/687
f 704/704/704 705/705/705 688/688/688
f 705/705/705 706/706/706 689/689/689
f 706/706/706 707/707/707 690/690/690
f 707/707/707 708/708/708 691/691/691
f 708/708/708 709/709/709 692/692/692
f 709/709/709 710/710/710 693/693/693
f 710/710/710 711/711/711 694/694/694
f 711/711/711 712/712/712 695/695/695
f 712/712/712 713/713/713 696/696/696
f 713/713/713 714/714/714 697/697/697
f 714/714/714 715/715/715 698/698/698
f 715/715/715 716/716/716 699/699/699
f 734/734/734 733/733/733 717/717/717
f 735/735/735 734/734/734 718/718/718
f 736/736/736 735/735/735 719/719/719
f 737/737/737 736/736/736 720/720/720
f 738/738/738 737/737/737 721/721/721
f 739/739/739 738/738/738 722/722/722
f 740/740/740 739/739/739 723/723/723
f 741/741/741 740/740/740 724/724/724
f 742/742/742 741/741/741 725/725/725
f 743/743/743 742/742/742 726/726/726
f 744/744/744 743/743/743 727/727/727
f 745/745/745 744/744/744 728/728/728
f 746/746/746 745/745/745 729/729/729
f 747/747/747 746/746/746 730/730/730
f 748/748/748 747/747/747 731/731/731
f 749/749/749 748/748/748 732/732/732
o leg_right
usemtl robot_limb
v 0.25 0.6999999940395355 0.15000000596046448
v 0.30740251392126083 0.6999999940395355 0.13858193159103394
v 0.3560660183429718 0.6999999940395355 0.1060660183429718
v 0.38858193159103394 0.6999999940395355 0.057402513921260834
v 0.4000000059604645 0.6999999940395355 9.184851394388759e-18
v 0.38858193159103394 0.6999999940395355 -0.057402513921260834
v 0.3560660183429718 0.6999999940395355 -0.1060660183429718
v 0.30740251392126083 0.6999999940395355 -0.13858193159103394
v 0.25 0.6999999940395355 -0.15000000596046448
v 0.19259748607873917 0.6999999940395355 -0.13858193159103394
v 0.1439339816570282 0.6999999940395355 -0.1060660183429718
v 0.11141806840896606 0.6999999940395355 -0.057402513921260834
v 0.09999999403953552 0.6999999940395355 -2.7554552528805052e-17
v 0.11141806840896606 0.6999999940395355 0.057402513921260834
v 0.1439339816570282 0.6999999940395355 0.1060660183429718
v 0.19259748607873917 0.6999999940395355 0.13858193159103394
v 0.24999999999999997 0.6999999940395355 0.15000000596046448
v 0.25 5.960464455334602e-9 0.15000000596046448
v 0.30740251392126083 5.960464455334602e-9 0.13858193159103394
v 0.3560660183429718 5.960464455334602e-9 0.1060660183429718
v 0.38858193159103394 5.960464455334602e-9 0.057402513921260834
v 0.4000000059604645 5.960464455334602e-9 9.184851394388759e-18
v 0.38858193159103394 5.960464455334602e-9 -0.057402513921260834
v 0.3560660183429718 5.960464455334602e-9 -0.1060660183429718
v 0.30740251392126083 5.960464455334602e-9 -0.13858193159103394
v 0.25 5.960464455334602e-9 -0.15000000596046448
v 0.19259748607873917 5.960464455334602e-9 -0.13858193159103394
v 0.1439339816570282 5.960464455334602e-9 -0.1060660183429718
v 0.11141806840896606 5.960464455334602e-9 -0.057402513921260834
v 0.09999999403953552 5.960464455334602e-9 -2.7554552528805052e-17
v 0.11141806840896606 5.960464455334602e-9 0.057402513921260834
v 0.1439339816570282 5.960464455334602e-9 0.1060660183429718
v 0.19259748607873917 5.960464455334602e-9 0.13858193159103394
v 0.24999999999999997 5.960464455334602e-9 0.15000000596046448
v 0.25 0.6999999940395355 0
v 0.25 0.6999999940395355 0
v 0.25 0.6999999940395355 0
v 0.25 0.6999999940395355 0
v 0.25 0.6999999940395355 0
v 0.25 0.6999999940395355 0
v 0.25 0.6999999940395355 0
v 0.25 0.6999999940395355 0
v 0.25 0.6999999940395355 0
v 0.25 0.6999999940395355 0
v 0.25 0.6999999940395355 0
v 0.25 0.6999999940395355 0
v 0.25 0.6999999940395355 0
v 0.25 0.6999999940395355 0
v 0.25 0.6999999940395355 0
v 0.25 0.6999999940395355 0
v 0.25 0.6999999940395355 0.15000000596046448
v 0.30740251392126083 0.6999999940395355 0.13858193159103394
v 0.3560660183429718 0.6999999940395355 0.1060660183429718
v 0.38858193159103394 0.6999999940395355 0.057402513921260834
v 0.4000000059604645 0.6999999940395355 9.184851394388759e-18
v 0.38858193159103394 0.6999999940395355 -0.057402513921260834
v 0.3560660183429718 0.6999999940395355 -0.1060660183429718
v 0.30740251392126083 0.6999999940395355 -0.13858193159103394
v 0.25 0.6999999940395355 -0.15000000596046448
v 0.19259748607873917 0.6999999940395355 -0.13858193159103394
v 0.1439339816570282 0.6999999940395355 -0.1060660183429718
v 0.11141806840896606 0.6999999940395355 -0.057402513921260834
v 0.09999999403953552 0.6999999940395355 -2.7554552528805052e-17
v 0.11141806840896606 0.6999999940395355 0.057402513921260834
v 0.1439339816570282 0.6999999940395355 0.1060660183429718
v 0.19259748607873917 0.6999999940395355 0.13858193159103394
v 0.24999999999999997 0.6999999940395355 0.15000000596046448
v 0.25 5.960464455334602e-9 0
v 0.25 5.960464455334602e-9 0
v 0.25 5.960464455334602e-9 0
v 0.25 5.960464455334602e-9 0
v 0.25 5.960464455334602e-9 0
v 0.25 5.960464455334602e-9 0
v 0.25 5.960464455334602e-9 0
v 0.25 5.960464455334602e-9 0
v 0.25 5.960464455334602e-9 0
v 0.25 5.960464455334602e-9 0
v 0.25 5.960464455334602e-9 0
v 0.25 5.960464455334602e-9 0
v 0.25 5.960464455334602e-9 0
v 0.25 5.960464455334602e-9 0
v 0.25 5.960464455334602e-9 0
v 0.25 5.960464455334602e-9 0
v 0.25 5.960464455334602e-9 0.15000000596046448
v 0.30740251392126083 5.960464455334602e-9 0.13858193159103394
v 0.3560660183429718 5.960464455334602e-9 0.1060660183429718
v 0.38858193159103394 5.960464455334602e-9 0.057402513921260834
v 0.4000000059604645 5.960464455334602e-9 9.184851394388759e-18
v 0.38858193159103394 5.960464455334602e-9 -0.057402513921260834
v 0.3560660183429718 5.960464455334602e-9 -0.1060660183429718
v 0.30740251392126083 5.960464455334602e-9 -0.13858193159103394
v 0.25 5.960464455334602e-9 -0.15000000596046448
v 0.19259748607873917 5.960464455334602e-9 -0.13858193159103394
v 0.1439339816570282 5.960464455334602e-9 -0.1060660183429718
v 0.11141806840896606 5.960464455334602e-9 -0.057402513921260834
v 0.09999999403953552 5.960464455334602e-9 -2.7554552528805052e-17
v 0.11141806840896606 5.960464455334602e-9 0.057402513921260834
v 0.1439339816570282 5.960464455334602e-9 0.1060660183429718
v 0.19259748607873917 5.960464455334602e-9 0.13858193159103394
v 0.24999999999999997 5.960464455334602e-9 0.15000000596046448
vt 0 1
vt 0.0625 1
vt 0.125 1
vt 0.1875 1
vt 0.25 1
vt 0.3125 1
vt 0.375 1
vt 0.4375 1
vt 0.5 1
vt 0.5625 1
vt 0.625 1
vt 0.6875 1
vt 0.75 1
vt 0.8125 1
vt 0.875 1
vt 0.9375 1
vt 1 1
vt 0 0
vt 0.0625 0
vt 0.125 0
vt 0.1875 0
vt 0.25 0
vt 0.3125 0
vt 0.375 0
vt 0.4375 0
vt 0.5 0
vt 0.5625 0
vt 0.625 0
vt 0.6875 0
vt 0.75 0
vt 0.8125 0
vt 0.875 0
vt 0.9375 0
vt 1 0
vt 0.5 0.5
vt 0.5 0.5
vt 0.5 0.5
vt 0.5 0.5
vt 0.5 0.5
vt 0.5 0.5
vt 0.5 0.5
vt 0.5 0.5
vt 0.5 0.5
vt 0.5 0.5
vt 0.5 0.5
vt 0.5 0.5
vt 0.5 0.5
vt 0.5 0.5
vt 0.5 0.5
vt 0.5 0.5
vt 1 0.5
vt 0.9619397521018982 0.6913416981697083
vt 0.8535534143447876 0.8535534143447876
vt 0.6913416981697083 0.9619397521018982
vt 0.5 1
vt 0.30865827202796936 0.9619397521018982
vt 0.1464466154575348 0.8535534143447876
vt 0.03806023299694061 0.6913416981697083
vt 0 0.5
vt 0.03806023299694061 0.30865827202796936
vt 0.1464466154575348 0.1464466154575348
vt 0.30865827202796936 0.03806023299694061
vt 0.5 0
vt 0.6913416981697083 0.03806023299694061
vt 0.8535534143447876 0.1464466154575348
vt 0.9619397521018982 0.30865827202796936
vt 1 0.5
vt 0.5 0.5
vt 0.5 0.5
vt 0.5 0.5
vt 0.5 0.5
vt 0.5 0.5
vt 0.5 0.5
vt 0.5 0.5
vt 0.5 0.5
vt 0.5 0.5
vt 0.5 0.5
vt 0.5 0.5
vt 0.5 0.5
vt 0.5 0.5
vt 0.5 0.5
vt 0.5 0.5
vt 0.5 0.5
vt 1 0.5
vt 0.9619397521018982 0.30865827202796936
vt 0.8535534143447876 0.1464466154575348
vt 0.6913416981697083 0.03806023299694061
vt 0.5 0
vt 0.30865827202796936 0.03806023299694061
vt 0.1464466154575348 0.1464466154575348
vt 0.03806023299694061 0.30865827202796936
vt 0 0.5
vt 0.03806023299694061 0.6913416981697083
vt 0.1464466154575348 0.8535534143447876
vt 0.30865827202796936 0.9619397521018982
vt 0.5 1
vt 0.6913416981697083 0.9619397521018982
vt 0.8535534143447876 0.8535534143447876
vt 0.9619397521018982 0.6913416981697083
vt 1 0.5
vn 0 0 1
vn 0.3826834370613369 0 0.9238795305660377
vn 0.7071067811865476 0 0.7071067811865476
vn 0.9238795305660377 0 0.3826834370613369
vn 1 0 6.123234262925839e-17
vn 0.9238795305660377 0 -0.3826834370613369
vn 0.7071067811865476 0 -0.7071067811865476
vn 0.3826834370613369 0 -0.9238795305660377
vn 1.2246468525851679e-16 0 -1
vn -0.3826834370613369 0 -0.9238795305660377
vn -0.7071067811865476 0 -0.7071067811865476
vn -0.9238795305660377 0 -0.3826834370613369
vn -1 0 -1.8369701465288538e-16
vn -0.9238795305660377 0 0.3826834370613369
vn -0.7071067811865476 0 0.7071067811865476
vn -0.3826834370613369 0 0.9238795305660377
vn -2.4492937051703357e-16 0 1
vn 0 0 1
vn 0.3826834370613369 0 0.9238795305660377
vn 0.7071067811865476 0 0.7071067811865476
vn 0.9238795305660377 0 0.3826834370613369
vn 1 0 6.123234262925839e-17
vn 0.9238795305660377 0 -0.3826834370613369
vn 0.7071067811865476 0 -0.7071067811865476
vn 0.3826834370613369 0 -0.9238795305660377
vn 1.2246468525851679e-16 0 -1
vn -0.3826834370613369 0 -0.9238795305660377
vn -0.7071067811865476 0 -0.7071067811865476
vn -0.9238795305660377 0 -0.3826834370613369
vn -1 0 -1.8369701465288538e-16
vn -0.9238795305660377 0 0.3826834370613369
vn -0.7071067811865476 0 0.7071067811865476
vn -0.3826834370613369 0 0.9238795305660377
vn -2.4492937051703357e-16 0 1
vn 0 1 0
vn 0 1 0
vn 0 1 0
vn 0 1 0
vn 0 1 0
vn 0 1 0
vn 0 1 0
vn 0 1 0
vn 0 1 0
vn 0 1 0
vn 0 1 0
vn 0 1 0
vn 0 1 0
vn 0 1 0
vn 0 1 0
vn 0 1 0
vn 0 1 0
vn 0 1 0
vn 0 1 0
vn 0 1 0
vn 0 1 0
vn 0 1 0
vn 0 1 0
vn 0 1 0
vn 0 1 0
vn 0 1 0
vn 0 1 0
vn 0 1 0
vn 0 1 0
vn 0 1 0
vn 0 1 0
vn 0 1 0
vn 0 1 0
vn 0 -1 0
vn 0 -1 0
vn 0 -1 0
vn 0 -1 0
vn 0 -1 0
vn 0 -1 0
vn 0 -1 0
vn 0 -1 0
vn 0 -1 0
vn 0 -1 0
vn 0 -1 0
vn 0 -1 0
vn 0 -1 0
vn 0 -1 0
vn 0 -1 0
vn 0 -1 0
vn 0 -1 0
vn 0 -1 0
vn 0 -1 0
vn 0 -1 0
vn 0 -1 0
vn 0 -1 0
vn 0 -1 0
vn 0 -1 0
vn 0 -1 0
vn 0 -1 0
vn 0 -1 0
vn 0 -1 0
vn 0 -1 0
vn 0 -1 0
vn 0 -1 0
vn 0 -1 0
vn 0 -1 0
f 750/750/750 767/767/767 751/751/751
f 767/767/767 768/768/768 751/751/751
f 751/751/751 768/768/768 752/752/752
f 768/768/768 769/769/769 752/752/752
f 752/752/752 769/769/769 753/753/753
f 769/769/769 770/770/770 753/753/753
f 753/753/753 770/770/770 754/754/754
f 770/770/770 771/771/771 754/754/754
f 754/754/754 771/771/771 755/755/755
f 771/771/771 772/772/772 755/755/755
f 755/755/755 772/772/772 756/756/756
f 772/772/772 773/773/773 756/756/756
f 756/756/756 773/773/773 757/757/757
f 773/773/773 774/774/774 757/757/757
f 757/757/757 774/774/774 758/758/758
f 774/774/774 775/775/775 758/758/758
f 758/758/758 775/775/775 759/759/759
f 775/775/775 776/776/776 759/759/759
f 759/759/759 776/776/776 760/760/760
f 776/776/776 777/777/777 760/760/760
f 760/760/760 777/777/777 761/761/761
f 777/777/777 778/778/778 761/761/761
f 761/761/761 778/778/778 762/762/762
f 778/778/778 779/779/779 762/762/762
f 762/762/762 779/779/779 763/763/763
f 779/779/779 780/780/780 763/763/763
f 763/763/763 780/780/780 764/764/764
f 780/780/780 781/781/781 764/764/764
f 764/764/764 781/781/781 765/765/765
f 781/781/781 782/782/782 765/765/765
f 765/765/765 782/782/782 766/766/766
f 782/782/782 783/783/783 766/766/766
f 800/800/800 801/801/801 784/784/784
f 801/801/801 802/802/802 785/785/785
f 802/802/802 803/803/803 786/786/786
f 803/803/803 804/804/804 787/787/787
f 804/804/804 805/805/805 788/788/788
f 805/805/805 806/806/806 789/789/789
f 806/806/806 807/807/807 790/790/790
f 807/807/807 808/808/808 791/791/791
f 808/808/808 809/809/809 792/792/792
f 809/809/809 810/810/810 793/793/793
f 810/810/810 811/811/811 794/794/794
f 811/811/811 812/812/812 795/795/795
f 812/812/812 813/813/813 796/796/796
f 813/813/813 814/814/814 797/797/797
f 814/814/814 815/815/815 798/798/798
f 815/815/815 816/816/816 799/799/799
f 834/834/834 833/833/833 817/817/817
f 835/835/835 834/834/834 818/818/818
f 836/836/836 835/835/835 819/819/819
f 837/837/837 836/836/836 820/820/820
f 838/838/838 837/837/837 821/821/821
f 839/839/839 838/838/838 822/822/822
f 840/840/840 839/839/839 823/823/823
f 841/841/841 840/840/840 824/824/824
f 842/842/842 841/841/841 825/825/825
f 843/843/843 842/842/842 826/826/826
f 844/844/844 843/843/843 827/827/827
f 845/845/845 844/844/844 828/828/828
f 846/846/846 845/845/845 829/829/829
f 847/847/847 846/846/846 830/830/830
f 848/848/848 847/847/847 831/831/831
f 849/849/849 848/848/848 832/832/832
