solid exported
	facet normal -0.91491304766387 0.046434261985416156 -0.40097128890767086
		outer loop
			vertex 12.000091552734375 -0.020999636501073837 12.989500045776367
			vertex 11.648659706115723 2.0536251068115234 14.031627655029297
			vertex 12.878745079040527 0.9338469505310059 11.09521484375
		endloop
	endfacet
	facet normal -0.9151609587451478 0.045082371391949996 -0.4005596077718526
		outer loop
			vertex 11.648659706115723 2.0536251068115234 14.031627655029297
			vertex 12.48145580291748 3.2605886459350586 12.264775276184082
			vertex 12.878745079040527 0.9338469505310059 11.09521484375
		endloop
	endfacet
	facet normal -0.38171081234705234 0.36225278894179985 -0.8503350943253143
		outer loop
			vertex 12.878745079040527 0.9338469505310059 11.09521484375
			vertex 12.48145580291748 3.2605886459350586 12.264775276184082
			vertex 15 1.3416587114334106 10.316727638244629
		endloop
	endfacet
	facet normal -0.3820952052423683 0.36177815710189537 -0.8503645213523134
		outer loop
			vertex 12.48145580291748 3.2605886459350586 12.264775276184082
			vertex 14.497049331665039 4.247158050537109 11.778831481933594
			vertex 15 1.3416587114334106 10.316727638244629
		endloop
	endfacet
	facet normal 0.381562091006063 0.4673602855429931 -0.7974865103587978
		outer loop
			vertex 15 1.3416587114334106 10.316727638244629
			vertex 14.497049331665039 4.247158050537109 11.778831481933594
			vertex 17.12125587463379 0.9635449051856995 11.110064506530762
		endloop
	endfacet
	facet normal 0.3825885461208031 0.4680035266808898 -0.7966170368448191
		outer loop
			vertex 14.497049331665039 4.247158050537109 11.778831481933594
			vertex 16.514732360839844 4.4354143142700195 12.858455657958984
			vertex 17.12125587463379 0.9635449051856995 11.110064506530762
		endloop
	endfacet
	facet normal 0.9141281832792661 0.2980823544364659 -0.274802792031234
		outer loop
			vertex 17.12125587463379 0.9635449051856995 11.110064506530762
			vertex 16.514732360839844 4.4354143142700195 12.858455657958984
			vertex 17.999908447265625 0.020999636501073837 13.010499954223633
		endloop
	endfacet
	facet normal 0.914363365331464 0.2981925982774489 -0.2738992706676377
		outer loop
			vertex 16.514732360839844 4.4354143142700195 12.858455657958984
			vertex 17.352575302124023 3.7150793075561523 14.87121868133545
			vertex 17.999908447265625 0.020999636501073837 13.010499954223633
		endloop
	endfacet
	facet normal 0.9143613298551629 -0.042589166415617274 0.4026531030173752
		outer loop
			vertex 17.999908447265625 0.020999636501073837 13.010499954223633
			vertex 17.352575302124023 3.7150793075561523 14.87121868133545
			vertex 17.12125587463379 -0.9338469505310059 14.90478515625
		endloop
	endfacet
	facet normal 0.9146448519585072 -0.042607941254224055 0.4020066642829164
		outer loop
			vertex 17.352575302124023 3.7150793075561523 14.87121868133545
			vertex 16.519779205322266 2.508115768432617 16.638071060180664
			vertex 17.12125587463379 -0.9338469505310059 14.90478515625
		endloop
	endfacet
	facet normal 0.3816917696714966 -0.3616425326119365 0.8506033573711461
		outer loop
			vertex 17.12125587463379 -0.9338469505310059 14.90478515625
			vertex 16.519779205322266 2.508115768432617 16.638071060180664
			vertex 15 -1.3416587114334106 15.683272361755371
		endloop
	endfacet
	facet normal 0.3820834388929928 -0.3617429440198152 0.8503847883020847
		outer loop
			vertex 16.519779205322266 2.508115768432617 16.638071060180664
			vertex 14.504186630249023 1.5215463638305664 17.12401580810547
			vertex 15 -1.3416587114334106 15.683272361755371
		endloop
	endfacet
	facet normal -0.3815621550930977 -0.4673626309011115 0.7974851052138231
		outer loop
			vertex 15 -1.3416587114334106 15.683272361755371
			vertex 14.504186630249023 1.5215463638305664 17.12401580810547
			vertex 12.878745079040527 -0.9635449051856995 14.889935493469238
		endloop
	endfacet
	facet normal -0.38316470394795915 -0.4662232406815426 0.7973836589101092
		outer loop
			vertex 14.504186630249023 1.5215463638305664 17.12401580810547
			vertex 12.486502647399902 1.3332902193069458 16.044391632080078
			vertex 12.878745079040527 -0.9635449051856995 14.889935493469238
		endloop
	endfacet
	facet normal -0.9145785258798879 -0.2951476512611159 0.2764669672029883
		outer loop
			vertex 12.878745079040527 -0.9635449051856995 14.889935493469238
			vertex 12.486502647399902 1.3332902193069458 16.044391632080078
			vertex 12.000091552734375 -0.020999636501073837 12.989500045776367
		endloop
	endfacet
	facet normal -0.9152396675349025 -0.29362672609621654 0.2758979824004131
		outer loop
			vertex 12.486502647399902 1.3332902193069458 16.044391632080078
			vertex 11.648659706115723 2.0536251068115234 14.031627655029297
			vertex 12.000091552734375 -0.020999636501073837 12.989500045776367
		endloop
	endfacet
	facet normal -0.8312947525765245 -0.19069823449718568 -0.522095027459936
		outer loop
			vertex 11.648659706115723 2.0536251068115234 14.031627655029297
			vertex 10.646443367004395 3.8615312576293945 14.967037200927734
			vertex 12.48145580291748 3.2605886459350586 12.264775276184082
		endloop
	endfacet
	facet normal -0.8314081209398465 -0.18887194819700404 -0.5225781507291919
		outer loop
			vertex 10.646443367004395 3.8615312576293945 14.967037200927734
			vertex 11.340934753417969 5.319772243499756 13.335077285766602
			vertex 12.48145580291748 3.2605886459350586 12.264775276184082
		endloop
	endfacet
	facet normal -0.349466025141817 0.272402767208299 -0.896476563937307
		outer loop
			vertex 12.48145580291748 3.2605886459350586 12.264775276184082
			vertex 11.340934753417969 5.319772243499756 13.335077285766602
			vertex 14.497049331665039 4.247158050537109 11.778831481933594
		endloop
	endfacet
	facet normal -0.34842000975463167 0.27494515180514356 -0.8961075048795369
		outer loop
			vertex 11.340934753417969 5.319772243499756 13.335077285766602
			vertex 13.053962707519531 6.835426330566406 13.134061813354492
			vertex 14.497049331665039 4.247158050537109 11.778831481933594
		endloop
	endfacet
	facet normal 0.34221420006122905 0.5784934557143814 -0.7404287696815178
		outer loop
			vertex 14.497049331665039 4.247158050537109 11.778831481933594
			vertex 13.053962707519531 6.835426330566406 13.134061813354492
			vertex 16.514732360839844 4.4354143142700195 12.858455657958984
		endloop
	endfacet
	facet normal 0.34441950464944915 0.5813025810442353 -0.7371991007104787
		outer loop
			vertex 13.053962707519531 6.835426330566406 13.134061813354492
			vertex 14.782057762145996 7.520644187927246 14.481741905212402
			vertex 16.514732360839844 4.4354143142700195 12.858455657958984
		endloop
	endfacet
	facet normal 0.8263710827053126 0.5428611874715823 -0.14970826565488385
		outer loop
			vertex 16.514732360839844 4.4354143142700195 12.858455657958984
			vertex 14.782057762145996 7.520644187927246 14.481741905212402
			vertex 17.352575302124023 3.7150793075561523 14.87121868133545
		endloop
	endfacet
	facet normal 0.8266752634013791 0.5434698260055743 -0.14576884818688668
		outer loop
			vertex 14.782057762145996 7.520644187927246 14.481741905212402
			vertex 15.512925148010254 6.974033832550049 16.588665008544922
			vertex 17.352575302124023 3.7150793075561523 14.87121868133545
		endloop
	endfacet
	facet normal 0.8301491752076761 0.192946423512866 0.5230908377668348
		outer loop
			vertex 17.352575302124023 3.7150793075561523 14.87121868133545
			vertex 15.512925148010254 6.974033832550049 16.588665008544922
			vertex 16.519779205322266 2.508115768432617 16.638071060180664
		endloop
	endfacet
	facet normal 0.8290071162212952 0.19270990686099365 0.5249858027147773
		outer loop
			vertex 15.512925148010254 6.974033832550049 16.588665008544922
			vertex 14.81843376159668 5.5157928466796875 18.220624923706055
			vertex 16.519779205322266 2.508115768432617 16.638071060180664
		endloop
	endfacet
	facet normal 0.34988926476054677 -0.2735143489438562 0.8959728809105455
		outer loop
			vertex 16.519779205322266 2.508115768432617 16.638071060180664
			vertex 14.81843376159668 5.5157928466796875 18.220624923706055
			vertex 14.504186630249023 1.5215463638305664 17.12401580810547
		endloop
	endfacet
	facet normal 0.34731253560179914 -0.2735811249931415 0.896954497542287
		outer loop
			vertex 14.81843376159668 5.5157928466796875 18.220624923706055
			vertex 13.105405807495117 4.000138759613037 18.421640396118164
			vertex 14.504186630249023 1.5215463638305664 17.12401580810547
		endloop
	endfacet
	facet normal -0.34160913051030695 -0.5799667580323996 0.7395551105423992
		outer loop
			vertex 14.504186630249023 1.5215463638305664 17.12401580810547
			vertex 13.105405807495117 4.000138759613037 18.421640396118164
			vertex 12.486502647399902 1.3332902193069458 16.044391632080078
		endloop
	endfacet
	facet normal -0.346896580536062 -0.5779515409211595 0.7386709543221831
		outer loop
			vertex 13.105405807495117 4.000138759613037 18.421640396118164
			vertex 11.377310752868652 3.3149211406707764 17.073959350585938
			vertex 12.486502647399902 1.3332902193069458 16.044391632080078
		endloop
	endfacet
	facet normal -0.8272325576330726 -0.5412923559551285 0.1506282874376253
		outer loop
			vertex 12.486502647399902 1.3332902193069458 16.044391632080078
			vertex 11.377310752868652 3.3149211406707764 17.073959350585938
			vertex 11.648659706115723 2.0536251068115234 14.031627655029297
		endloop
	endfacet
	facet normal -0.8302700805438845 -0.5371730591105804 0.14864958095949132
		outer loop
			vertex 11.377310752868652 3.3149211406707764 17.073959350585938
			vertex 10.646443367004395 3.8615312576293945 14.967037200927734
			vertex 11.648659706115723 2.0536251068115234 14.031627655029297
		endloop
	endfacet
	facet normal -0.6700780759047988 -0.3886354955703634 -0.6324221879207758
		outer loop
			vertex 10.646443367004395 3.8615312576293945 14.967037200927734
			vertex 9.176198959350586 5.1969709396362305 15.704170227050781
			vertex 11.340934753417969 5.319772243499756 13.335077285766602
		endloop
	endfacet
	facet normal -0.6725161621395082 -0.3813413189795799 -0.6342718739626259
		outer loop
			vertex 9.176198959350586 5.1969709396362305 15.704170227050781
			vertex 9.64280891418457 6.870676040649414 14.20314884185791
			vertex 11.340934753417969 5.319772243499756 13.335077285766602
		endloop
	endfacet
	facet normal -0.29080447386480673 0.20471833791891195 -0.9346246091880587
		outer loop
			vertex 11.340934753417969 5.319772243499756 13.335077285766602
			vertex 9.64280891418457 6.870676040649414 14.20314884185791
			vertex 13.053962707519531 6.835426330566406 13.134061813354492
		endloop
	endfacet
	facet normal -0.29019566998523233 0.2130249447701525 -0.9329559721806254
		outer loop
			vertex 9.64280891418457 6.870676040649414 14.20314884185791
			vertex 10.876378059387207 8.806389808654785 14.261435508728027
			vertex 13.053962707519531 6.835426330566406 13.134061813354492
		endloop
	endfacet
	facet normal 0.26279074496469473 0.6811904321713748 -0.6833159002094688
		outer loop
			vertex 13.053962707519531 6.835426330566406 13.134061813354492
			vertex 10.876378059387207 8.806389808654785 14.261435508728027
			vertex 14.782057762145996 7.520644187927246 14.481741905212402
		endloop
	endfacet
	facet normal 0.26460351310316643 0.6879915777437067 -0.6757607341412994
		outer loop
			vertex 10.876378059387207 8.806389808654785 14.261435508728027
			vertex 12.154298782348633 9.870197296142578 15.844884872436523
			vertex 14.782057762145996 7.520644187927246 14.481741905212402
		endloop
	endfacet
	facet normal 0.6568039858210728 0.7533654723708167 -0.03238810351114207
		outer loop
			vertex 14.782057762145996 7.520644187927246 14.481741905212402
			vertex 12.154298782348633 9.870197296142578 15.844884872436523
			vertex 15.512925148010254 6.974033832550049 16.588665008544922
		endloop
	endfacet
	facet normal 0.6558196875909666 0.7545579080322056 -0.023300231632936253
		outer loop
			vertex 12.154298782348633 9.870197296142578 15.844884872436523
			vertex 12.727980613708496 9.438934326171875 18.02593421936035
			vertex 15.512925148010254 6.974033832550049 16.588665008544922
		endloop
	endfacet
	facet normal 0.6702107893396726 0.388504783627237 0.6323618670914992
		outer loop
			vertex 15.512925148010254 6.974033832550049 16.588665008544922
			vertex 12.727980613708496 9.438934326171875 18.02593421936035
			vertex 14.81843376159668 5.5157928466796875 18.220624923706055
		endloop
	endfacet
	facet normal 0.6659747806684033 0.3865285561030638 0.6380229359753087
		outer loop
			vertex 12.727980613708496 9.438934326171875 18.02593421936035
			vertex 12.261370658874512 7.765228748321533 19.526954650878906
			vertex 14.81843376159668 5.5157928466796875 18.220624923706055
		endloop
	endfacet
	facet normal 0.29359429707037366 -0.2080859594045589 0.9330073001999704
		outer loop
			vertex 14.81843376159668 5.5157928466796875 18.220624923706055
			vertex 12.261370658874512 7.765228748321533 19.526954650878906
			vertex 13.105405807495117 4.000138759613037 18.421640396118164
		endloop
	endfacet
	facet normal 0.28591872572769617 -0.21035639797541225 0.9348800287251089
		outer loop
			vertex 12.261370658874512 7.765228748321533 19.526954650878906
			vertex 11.027801513671875 5.829514980316162 19.468669891357422
			vertex 13.105405807495117 4.000138759613037 18.421640396118164
		endloop
	endfacet
	facet normal -0.25964241794735465 -0.6846637875993228 0.6810442810512403
		outer loop
			vertex 13.105405807495117 4.000138759613037 18.421640396118164
			vertex 11.027801513671875 5.829514980316162 19.468669891357422
			vertex 11.377310752868652 3.3149211406707764 17.073959350585938
		endloop
	endfacet
	facet normal -0.271189290836389 -0.6832901558958674 0.6779166109422734
		outer loop
			vertex 11.027801513671875 5.829514980316162 19.468669891357422
			vertex 9.74988079071045 4.765707969665527 17.88521957397461
			vertex 11.377310752868652 3.3149211406707764 17.073959350585938
		endloop
	endfacet
	facet normal -0.6561548723907473 -0.7539469503464974 0.03201217738765073
		outer loop
			vertex 11.377310752868652 3.3149211406707764 17.073959350585938
			vertex 9.74988079071045 4.765707969665527 17.88521957397461
			vertex 10.646443367004395 3.8615312576293945 14.967037200927734
		endloop
	endfacet
	facet normal -0.6646110993678345 -0.7466954024665343 0.02716730631510724
		outer loop
			vertex 9.74988079071045 4.765707969665527 17.88521957397461
			vertex 9.176198959350586 5.1969709396362305 15.704170227050781
			vertex 10.646443367004395 3.8615312576293945 14.967037200927734
		endloop
	endfacet
	facet normal -0.444374508328891 -0.5262752255014603 -0.7249590908257125
		outer loop
			vertex 9.176198959350586 5.1969709396362305 15.704170227050781
			vertex 7.489094257354736 5.96174955368042 16.183124542236328
			vertex 9.64280891418457 6.870676040649414 14.20314884185791
		endloop
	endfacet
	facet normal -0.45203340299217043 -0.5151711585335886 -0.7281926118785319
		outer loop
			vertex 7.489094257354736 5.96174955368042 16.183124542236328
			vertex 7.660791397094727 7.7793402671813965 14.790658950805664
			vertex 9.64280891418457 6.870676040649414 14.20314884185791
		endloop
	endfacet
	facet normal -0.21079508530280452 0.16335375467942712 -0.9637847181006332
		outer loop
			vertex 9.64280891418457 6.870676040649414 14.20314884185791
			vertex 7.660791397094727 7.7793402671813965 14.790658950805664
			vertex 10.876378059387207 8.806389808654785 14.261435508728027
		endloop
	endfacet
	facet normal -0.21440000406680138 0.17622066235540365 -0.9607179171927515
		outer loop
			vertex 7.660791397094727 7.7793402671813965 14.790658950805664
			vertex 8.2795991897583 9.974597930908203 15.055229187011719
			vertex 10.876378059387207 8.806389808654785 14.261435508728027
		endloop
	endfacet
	facet normal 0.14921199775676225 0.760827430977115 -0.6315674152441679
		outer loop
			vertex 10.876378059387207 8.806389808654785 14.261435508728027
			vertex 8.2795991897583 9.974597930908203 15.055229187011719
			vertex 12.154298782348633 9.870197296142578 15.844884872436523
		endloop
	endfacet
	facet normal 0.14712228820024165 0.7706754731740123 -0.6200115703458585
		outer loop
			vertex 8.2795991897583 9.974597930908203 15.055229187011719
			vertex 8.98302936553955 11.261570930480957 16.821855545043945
			vertex 12.154298782348633 9.870197296142578 15.844884872436523
		endloop
	endfacet
	facet normal 0.41855819429014934 0.9055676175155541 0.06896613734125408
		outer loop
			vertex 12.154298782348633 9.870197296142578 15.844884872436523
			vertex 8.98302936553955 11.261570930480957 16.821855545043945
			vertex 12.727980613708496 9.438934326171875 18.02593421936035
		endloop
	endfacet
	facet normal 0.41456944368129606 0.9062754768453204 0.0824435348257719
		outer loop
			vertex 8.98302936553955 11.261570930480957 16.821855545043945
			vertex 9.359021186828613 10.886366844177246 19.0556697845459
			vertex 12.727980613708496 9.438934326171875 18.02593421936035
		endloop
	endfacet
	facet normal 0.4469428162529145 0.5249828262237306 0.7243170239405242
		outer loop
			vertex 12.727980613708496 9.438934326171875 18.02593421936035
			vertex 9.359021186828613 10.886366844177246 19.0556697845459
			vertex 12.261370658874512 7.765228748321533 19.526954650878906
		endloop
	endfacet
	facet normal 0.4398425012295945 0.5196141430437013 0.7324887142209456
		outer loop
			vertex 9.359021186828613 10.886366844177246 19.0556697845459
			vertex 9.187324523925781 9.06877613067627 20.448135375976562
			vertex 12.261370658874512 7.765228748321533 19.526954650878906
		endloop
	endfacet
	facet normal 0.21720338423871746 -0.16737293347695759 0.9616698971136438
		outer loop
			vertex 12.261370658874512 7.765228748321533 19.526954650878906
			vertex 9.187324523925781 9.06877613067627 20.448135375976562
			vertex 11.027801513671875 5.829514980316162 19.468669891357422
		endloop
	endfacet
	facet normal 0.20600134520173094 -0.17412048406512048 0.9629358767872375
		outer loop
			vertex 9.187324523925781 9.06877613067627 20.448135375976562
			vertex 8.568516731262207 6.873517990112305 20.183565139770508
			vertex 11.027801513671875 5.829514980316162 19.468669891357422
		endloop
	endfacet
	facet normal -0.14199600629212486 -0.7648069102915578 0.6284166803700934
		outer loop
			vertex 11.027801513671875 5.829514980316162 19.468669891357422
			vertex 8.568516731262207 6.873517990112305 20.183565139770508
			vertex 9.74988079071045 4.765707969665527 17.88521957397461
		endloop
	endfacet
	facet normal -0.15857270710714177 -0.7669240408403498 0.6218377699543685
		outer loop
			vertex 8.568516731262207 6.873517990112305 20.183565139770508
			vertex 7.865086555480957 5.586545467376709 18.41693878173828
			vertex 9.74988079071045 4.765707969665527 17.88521957397461
		endloop
	endfacet
	facet normal -0.4148883420270106 -0.9071566655521948 -0.07024562473422906
		outer loop
			vertex 9.74988079071045 4.765707969665527 17.88521957397461
			vertex 7.865086555480957 5.586545467376709 18.41693878173828
			vertex 9.176198959350586 5.1969709396362305 15.704170227050781
		endloop
	endfacet
	facet normal -0.4300327577027087 -0.8993780879235235 -0.07868215976719439
		outer loop
			vertex 7.865086555480957 5.586545467376709 18.41693878173828
			vertex 7.489094257354736 5.96174955368042 16.183124542236328
			vertex 9.176198959350586 5.1969709396362305 15.704170227050781
		endloop
	endfacet
	facet normal -0.1757495641093504 -0.5881693798988329 -0.7894104580411864
		outer loop
			vertex 7.489094257354736 5.96174955368042 16.183124542236328
			vertex 5.8369879722595215 6.173863887786865 16.392898559570312
			vertex 7.660791397094727 7.7793402671813965 14.790658950805664
		endloop
	endfacet
	facet normal -0.18434401388900326 -0.5814280636338076 -0.7924384464186048
		outer loop
			vertex 5.8369879722595215 6.173863887786865 16.392898559570312
			vertex 5.698571681976318 8.036981582641602 15.058091163635254
			vertex 7.660791397094727 7.7793402671813965 14.790658950805664
		endloop
	endfacet
	facet normal -0.11407648021006768 0.15050660446439054 -0.9820052538940317
		outer loop
			vertex 7.660791397094727 7.7793402671813965 14.790658950805664
			vertex 5.698571681976318 8.036981582641602 15.058091163635254
			vertex 8.2795991897583 9.974597930908203 15.055229187011719
		endloop
	endfacet
	facet normal -0.12023118997183366 0.15870806196195048 -0.979977658942406
		outer loop
			vertex 5.698571681976318 8.036981582641602 15.058091163635254
			vertex 5.635960578918457 10.301483154296875 15.432510375976562
			vertex 8.2795991897583 9.974597930908203 15.055229187011719
		endloop
	endfacet
	facet normal 0.015000093409322107 0.8053242029812351 -0.5926448559553605
		outer loop
			vertex 8.2795991897583 9.974597930908203 15.055229187011719
			vertex 5.635960578918457 10.301483154296875 15.432510375976562
			vertex 8.98302936553955 11.261570930480957 16.821855545043945
		endloop
	endfacet
	facet normal 0.00933526791055694 0.811986467537025 -0.5836016015312006
		outer loop
			vertex 5.635960578918457 10.301483154296875 15.432510375976562
			vertex 5.685831546783447 11.640854835510254 17.296825408935547
			vertex 8.98302936553955 11.261570930480957 16.821855545043945
		endloop
	endfacet
	facet normal 0.13332276045552216 0.9808035306276447 0.14230065303035871
		outer loop
			vertex 8.98302936553955 11.261570930480957 16.821855545043945
			vertex 5.685831546783447 11.640854835510254 17.296825408935547
			vertex 9.359021186828613 10.886366844177246 19.0556697845459
		endloop
	endfacet
	facet normal 0.12806933325352482 0.9799098526974545 0.15288860803359647
		outer loop
			vertex 5.685831546783447 11.640854835510254 17.296825408935547
			vertex 5.818970680236816 11.27051067352295 19.558948516845703
			vertex 9.359021186828613 10.886366844177246 19.0556697845459
		endloop
	endfacet
	facet normal 0.17604318074318023 0.5881198428676627 0.7893819411027464
		outer loop
			vertex 9.359021186828613 10.886366844177246 19.0556697845459
			vertex 5.818970680236816 11.27051067352295 19.558948516845703
			vertex 9.187324523925781 9.06877613067627 20.448135375976562
		endloop
	endfacet
	facet normal 0.170708415596729 0.5821968968718539 0.7949247826789894
		outer loop
			vertex 5.818970680236816 11.27051067352295 19.558948516845703
			vertex 5.9573869705200195 9.407393455505371 20.893756866455078
			vertex 9.187324523925781 9.06877613067627 20.448135375976562
		endloop
	endfacet
	facet normal 0.11943902659518878 -0.15191516055351156 0.9811503977066893
		outer loop
			vertex 9.187324523925781 9.06877613067627 20.448135375976562
			vertex 5.9573869705200195 9.407393455505371 20.893756866455078
			vertex 8.568516731262207 6.873517990112305 20.183565139770508
		endloop
	endfacet
	facet normal 0.11241494086815117 -0.15906826899719698 0.9808466581825345
		outer loop
			vertex 5.9573869705200195 9.407393455505371 20.893756866455078
			vertex 6.019998073577881 7.142891883850098 20.519336700439453
			vertex 8.568516731262207 6.873517990112305 20.183565139770508
		endloop
	endfacet
	facet normal -0.007450137328865919 -0.806830629675514 0.590735838146963
		outer loop
			vertex 8.568516731262207 6.873517990112305 20.183565139770508
			vertex 6.019998073577881 7.142891883850098 20.519336700439453
			vertex 7.865086555480957 5.586545467376709 18.41693878173828
		endloop
	endfacet
	facet normal -0.019608649261007964 -0.8117353297273872 0.5836962012438738
		outer loop
			vertex 6.019998073577881 7.142891883850098 20.519336700439453
			vertex 5.970127105712891 5.8035197257995605 18.65502166748047
			vertex 7.865086555480957 5.586545467376709 18.41693878173828
		endloop
	endfacet
	facet normal -0.13028966091466368 -0.9811289240697403 -0.1428658063096121
		outer loop
			vertex 7.865086555480957 5.586545467376709 18.41693878173828
			vertex 5.970127105712891 5.8035197257995605 18.65502166748047
			vertex 7.489094257354736 5.96174955368042 16.183124542236328
		endloop
	endfacet
	facet normal -0.14478219546815077 -0.9777875228447521 -0.1515575007861565
		outer loop
			vertex 5.970127105712891 5.8035197257995605 18.65502166748047
			vertex 5.8369879722595215 6.173863887786865 16.392898559570312
			vertex 7.489094257354736 5.96174955368042 16.183124542236328
		endloop
	endfacet
	facet normal 0.10069008155646898 -0.5744819479692435 -0.8123004363741381
		outer loop
			vertex 5.8369879722595215 6.173863887786865 16.392898559570312
			vertex 4.399643421173096 5.927041530609131 16.38928985595703
			vertex 5.698571681976318 8.036981582641602 15.058091163635254
		endloop
	endfacet
	facet normal 0.12261819557080746 -0.5824637855012843 -0.8035550489508937
		outer loop
			vertex 4.399643421173096 5.927041530609131 16.38928985595703
			vertex 4.032402038574219 7.735184192657471 15.022603034973145
			vertex 5.698571681976318 8.036981582641602 15.058091163635254
		endloop
	endfacet
	facet normal -0.008491361228311702 0.16289368036897792 -0.9866070877914569
		outer loop
			vertex 5.698571681976318 8.036981582641602 15.058091163635254
			vertex 4.032402038574219 7.735184192657471 15.022603034973145
			vertex 5.635960578918457 10.301483154296875 15.432510375976562
		endloop
	endfacet
	facet normal 0.0115454698279901 0.15067842522489885 -0.9885154092365965
		outer loop
			vertex 4.032402038574219 7.735184192657471 15.022603034973145
			vertex 3.3260741233825684 9.896211624145508 15.343756675720215
			vertex 5.635960578918457 10.301483154296875 15.432510375976562
		endloop
	endfacet
	facet normal -0.11955736966691816 0.8078276763450873 -0.5771659039558944
		outer loop
			vertex 5.635960578918457 10.301483154296875 15.432510375976562
			vertex 3.3260741233825684 9.896211624145508 15.343756675720215
			vertex 5.685831546783447 11.640854835510254 17.296825408935547
		endloop
	endfacet
	facet normal -0.10725815104024858 0.8023518509837605 -0.5871347343313637
		outer loop
			vertex 3.3260741233825684 9.896211624145508 15.343756675720215
			vertex 2.6944169998168945 11.144222259521484 17.164623260498047
			vertex 5.685831546783447 11.640854835510254 17.296825408935547
		endloop
	endfacet
	facet normal -0.16868441052189256 0.9710895368279197 0.16891027532455957
		outer loop
			vertex 5.685831546783447 11.640854835510254 17.296825408935547
			vertex 2.6944169998168945 11.144222259521484 17.164623260498047
			vertex 5.818970680236816 11.27051067352295 19.558948516845703
		endloop
	endfacet
	facet normal -0.16038712101766814 0.9743408536120087 0.15791096350249487
		outer loop
			vertex 2.6944169998168945 11.144222259521484 17.164623260498047
			vertex 2.5074470043182373 10.748149871826172 19.418563842773438
			vertex 5.818970680236816 11.27051067352295 19.558948516845703
		endloop
	endfacet
	facet normal -0.12456230228107551 0.5717285637170146 0.81093198375728
		outer loop
			vertex 5.818970680236816 11.27051067352295 19.558948516845703
			vertex 2.5074470043182373 10.748149871826172 19.418563842773438
			vertex 5.9573869705200195 9.407393455505371 20.893756866455078
		endloop
	endfacet
	facet normal -0.11677570818393702 0.5836546712995714 0.8035612351578002
		outer loop
			vertex 2.5074470043182373 10.748149871826172 19.418563842773438
			vertex 2.8746883869171143 8.940007209777832 20.785249710083008
			vertex 5.9573869705200195 9.407393455505371 20.893756866455078
		endloop
	endfacet
	facet normal -0.00995172035882928 -0.16338824847620181 0.9865116540222821
		outer loop
			vertex 5.9573869705200195 9.407393455505371 20.893756866455078
			vertex 2.8746883869171143 8.940007209777832 20.785249710083008
			vertex 6.019998073577881 7.142891883850098 20.519336700439453
		endloop
	endfacet
	facet normal -0.0004482038095480301 -0.14714048457188403 0.9891155023116849
		outer loop
			vertex 2.8746883869171143 8.940007209777832 20.785249710083008
			vertex 3.5810160636901855 6.778979778289795 20.464096069335938
			vertex 6.019998073577881 7.142891883850098 20.519336700439453
		endloop
	endfacet
	facet normal 0.10758133992441216 -0.8087881158094394 0.5781764774058913
		outer loop
			vertex 6.019998073577881 7.142891883850098 20.519336700439453
			vertex 3.5810160636901855 6.778979778289795 20.464096069335938
			vertex 5.970127105712891 5.8035197257995605 18.65502166748047
		endloop
	endfacet
	facet normal 0.11995755317413206 -0.7990008182065034 0.589243479337543
		outer loop
			vertex 3.5810160636901855 6.778979778289795 20.464096069335938
			vertex 4.212673187255859 5.530968189239502 18.64322853088379
			vertex 5.970127105712891 5.8035197257995605 18.65502166748047
		endloop
	endfacet
	facet normal 0.15216601188958093 -0.97390316804677 -0.16839870573755955
		outer loop
			vertex 5.970127105712891 5.8035197257995605 18.65502166748047
			vertex 4.212673187255859 5.530968189239502 18.64322853088379
			vertex 5.8369879722595215 6.173863887786865 16.392898559570312
		endloop
	endfacet
	facet normal 0.16752468527938622 -0.9732653847520181 -0.1571304256519045
		outer loop
			vertex 4.212673187255859 5.530968189239502 18.64322853088379
			vertex 4.399643421173096 5.927041530609131 16.38928985595703
			vertex 5.8369879722595215 6.173863887786865 16.392898559570312
		endloop
	endfacet
	facet normal 0.3355118246852132 -0.5237177945346316 -0.783039901399782
		outer loop
			vertex 4.399643421173096 5.927041530609131 16.38928985595703
			vertex 3.2100226879119873 5.3039422035217285 16.296314239501953
			vertex 4.032402038574219 7.735184192657471 15.022603034973145
		endloop
	endfacet
	facet normal 0.4742369815669004 -0.5290722149738575 -0.7036916062146626
		outer loop
			vertex 3.2100226879119873 5.3039422035217285 16.296314239501953
			vertex 2.856799364089966 6.996614933013916 14.785627365112305
			vertex 4.032402038574219 7.735184192657471 15.022603034973145
		endloop
	endfacet
	facet normal 0.08804613107027558 0.17452238101914802 -0.9807088341230353
		outer loop
			vertex 4.032402038574219 7.735184192657471 15.022603034973145
			vertex 2.856799364089966 6.996614933013916 14.785627365112305
			vertex 3.3260741233825684 9.896211624145508 15.343756675720215
		endloop
	endfacet
	facet normal 0.23195519852547095 0.14752947616124443 -0.961473785155164
		outer loop
			vertex 2.856799364089966 6.996614933013916 14.785627365112305
			vertex 1.7035552263259888 8.981912612915039 14.812033653259277
			vertex 3.3260741233825684 9.896211624145508 15.343756675720215
		endloop
	endfacet
	facet normal -0.2321465192984412 0.7628905966136842 -0.6034119083810291
		outer loop
			vertex 3.3260741233825684 9.896211624145508 15.343756675720215
			vertex 1.7035552263259888 8.981912612915039 14.812033653259277
			vertex 2.6944169998168945 11.144222259521484 17.164623260498047
		endloop
	endfacet
	facet normal -0.12055576187082212 0.7556636453186056 -0.6437691848974617
		outer loop
			vertex 1.7035552263259888 8.981912612915039 14.812033653259277
			vertex 0.4258451461791992 10.09687614440918 16.360061645507812
			vertex 2.6944169998168945 11.144222259521484 17.164623260498047
		endloop
	endfacet
	facet normal -0.45045801804815877 0.8849466024766167 0.11814010640429347
		outer loop
			vertex 2.6944169998168945 11.144222259521484 17.164623260498047
			vertex 0.4258451461791992 10.09687614440918 16.360061645507812
			vertex 2.5074470043182373 10.748149871826172 19.418563842773438
		endloop
	endfacet
	facet normal -0.3777339279914703 0.9239459771256948 0.06033996186094226
		outer loop
			vertex 0.4258451461791992 10.09687614440918 16.360061645507812
			vertex -0.22786566615104675 9.688373565673828 18.522899627685547
			vertex 2.5074470043182373 10.748149871826172 19.418563842773438
		endloop
	endfacet
	facet normal -0.43605557790462535 0.48459770277833036 0.7583011271521547
		outer loop
			vertex 2.5074470043182373 10.748149871826172 19.418563842773438
			vertex -0.22786566615104675 9.688373565673828 18.522899627685547
			vertex 2.8746883869171143 8.940007209777832 20.785249710083008
		endloop
	endfacet
	facet normal -0.3925356994943333 0.5654681879166057 0.7253698732900374
		outer loop
			vertex -0.22786566615104675 9.688373565673828 18.522899627685547
			vertex 0.1253577023744583 7.995700836181641 20.033584594726562
			vertex 2.8746883869171143 8.940007209777832 20.785249710083008
		endloop
	endfacet
	facet normal -0.19185749024923268 -0.2053312019418986 0.959702975375382
		outer loop
			vertex 2.8746883869171143 8.940007209777832 20.785249710083008
			vertex 0.1253577023744583 7.995700836181641 20.033584594726562
			vertex 3.5810160636901855 6.778979778289795 20.464096069335938
		endloop
	endfacet
	facet normal -0.15949822627765076 -0.10570594335333561 0.9815225770984918
		outer loop
			vertex 0.1253577023744583 7.995700836181641 20.033584594726562
			vertex 1.2786017656326294 6.010402679443359 20.007179260253906
			vertex 3.5810160636901855 6.778979778289795 20.464096069335938
		endloop
	endfacet
	facet normal 0.14647727103425304 -0.7915270182191171 0.5933206456036327
		outer loop
			vertex 3.5810160636901855 6.778979778289795 20.464096069335938
			vertex 1.2786017656326294 6.010402679443359 20.007179260253906
			vertex 4.212673187255859 5.530968189239502 18.64322853088379
		endloop
	endfacet
	facet normal 0.1976854847049948 -0.7107586490865273 0.6750870994809826
		outer loop
			vertex 1.2786017656326294 6.010402679443359 20.007179260253906
			vertex 2.556311845779419 4.895439624786377 18.459150314331055
			vertex 4.212673187255859 5.530968189239502 18.64322853088379
		endloop
	endfacet
	facet normal 0.3678085994236857 -0.9205909056917174 -0.1312601178869286
		outer loop
			vertex 4.212673187255859 5.530968189239502 18.64322853088379
			vertex 2.556311845779419 4.895439624786377 18.459150314331055
			vertex 4.399643421173096 5.927041530609131 16.38928985595703
		endloop
	endfacet
	facet normal 0.46544366483058053 -0.8846832648118826 -0.02641431109961048
		outer loop
			vertex 2.556311845779419 4.895439624786377 18.459150314331055
			vertex 3.2100226879119873 5.3039422035217285 16.296314239501953
			vertex 4.399643421173096 5.927041530609131 16.38928985595703
		endloop
	endfacet
	facet normal 0.5174949854714221 -0.5071273241912191 -0.6892175397293564
		outer loop
			vertex 3.2100226879119873 5.3039422035217285 16.296314239501953
			vertex 2.075028657913208 4.3305816650390625 16.160310745239258
			vertex 2.856799364089966 6.996614933013916 14.785627365112305
		endloop
	endfacet
	facet normal 0.810459703191768 -0.43814363993148936 -0.3888254367835229
		outer loop
			vertex 2.075028657913208 4.3305816650390625 16.160310745239258
			vertex 2.140744209289551 5.920818328857422 14.505346298217773
			vertex 2.856799364089966 6.996614933013916 14.785627365112305
		endloop
	endfacet
	facet normal 0.19302438927215596 0.12507070611080315 -0.9731900655160103
		outer loop
			vertex 2.856799364089966 6.996614933013916 14.785627365112305
			vertex 2.140744209289551 5.920818328857422 14.505346298217773
			vertex 1.7035552263259888 8.981912612915039 14.812033653259277
		endloop
	endfacet
	facet normal 0.5751755876057879 0.16247190713515164 -0.8017330745417726
		outer loop
			vertex 2.140744209289551 5.920818328857422 14.505346298217773
			vertex 0.9524407386779785 7.829516410827637 14.03963851928711
			vertex 1.7035552263259888 8.981912612915039 14.812033653259277
		endloop
	endfacet
	facet normal -0.28067917126117187 0.6538722743066809 -0.702616717501904
		outer loop
			vertex 1.7035552263259888 8.981912612915039 14.812033653259277
			vertex 0.9524407386779785 7.829516410827637 14.03963851928711
			vertex 0.4258451461791992 10.09687614440918 16.360061645507812
		endloop
	endfacet
	facet normal 0.0642699001280684 0.7210105288619604 -0.6899370965586098
		outer loop
			vertex 0.9524407386779785 7.829516410827637 14.03963851928711
			vertex -0.7937896251678467 8.938587188720703 15.035992622375488
			vertex 0.4258451461791992 10.09687614440918 16.360061645507812
		endloop
	endfacet
	facet normal -0.6551131489158896 0.7534752119360616 -0.05569440829576022
		outer loop
			vertex 0.4258451461791992 10.09687614440918 16.360061645507812
			vertex -0.7937896251678467 8.938587188720703 15.035992622375488
			vertex -0.22786566615104675 9.688373565673828 18.522899627685547
		endloop
	endfacet
	facet normal -0.4211876622999304 0.8983446019682566 -0.1248115749472561
		outer loop
			vertex -0.7937896251678467 8.938587188720703 15.035992622375488
			vertex -2.075028657913208 8.598350524902344 16.910757064819336
			vertex -0.22786566615104675 9.688373565673828 18.522899627685547
		endloop
	endfacet
	facet normal -0.7251355254290873 0.36808301291642165 0.5819736809882823
		outer loop
			vertex -0.22786566615104675 9.688373565673828 18.522899627685547
			vertex -2.075028657913208 8.598350524902344 16.910757064819336
			vertex 0.1253577023744583 7.995700836181641 20.033584594726562
		endloop
	endfacet
	facet normal -0.6047194955908295 0.5861464864031669 0.5392092619100631
		outer loop
			vertex -2.075028657913208 8.598350524902344 16.910757064819336
			vertex -2.140744209289551 7.008113861083984 18.56572151184082
			vertex 0.1253577023744583 7.995700836181641 20.033584594726562
		endloop
	endfacet
	facet normal -0.4394174559437688 -0.2666631171457207 0.8577896486703681
		outer loop
			vertex 0.1253577023744583 7.995700836181641 20.033584594726562
			vertex -2.140744209289551 7.008113861083984 18.56572151184082
			vertex 1.2786017656326294 6.010402679443359 20.007179260253906
		endloop
	endfacet
	facet normal -0.39350052515239264 -0.02073161631642152 0.9190906031451416
		outer loop
			vertex -2.140744209289551 7.008113861083984 18.56572151184082
			vertex -0.9524407386779785 5.0994157791137695 19.031429290771484
			vertex 1.2786017656326294 6.010402679443359 20.007179260253906
		endloop
	endfacet
	facet normal 0.05407109816210785 -0.7885545412728466 0.6125830978581716
		outer loop
			vertex 1.2786017656326294 6.010402679443359 20.007179260253906
			vertex -0.9524407386779785 5.0994157791137695 19.031429290771484
			vertex 2.556311845779419 4.895439624786377 18.459150314331055
		endloop
	endfacet
	facet normal 0.0992008188708519 -0.5740144136422703 0.8128140319078362
		outer loop
			vertex -0.9524407386779785 5.0994157791137695 19.031429290771484
			vertex 0.7937896251678467 3.9903454780578613 18.035076141357422
			vertex 2.556311845779419 4.895439624786377 18.459150314331055
		endloop
	endfacet
	facet normal 0.46192246136638687 -0.8864839313668023 -0.027818682817085792
		outer loop
			vertex 2.556311845779419 4.895439624786377 18.459150314331055
			vertex 0.7937896251678467 3.9903454780578613 18.035076141357422
			vertex 3.2100226879119873 5.3039422035217285 16.296314239501953
		endloop
	endfacet
	facet normal 0.6057297788331052 -0.7452588551928558 0.27871252894592213
		outer loop
			vertex 0.7937896251678467 3.9903454780578613 18.035076141357422
			vertex 2.075028657913208 4.3305816650390625 16.160310745239258
			vertex 3.2100226879119873 5.3039422035217285 16.296314239501953
		endloop
	endfacet
	facet normal 0.70610495983091 -0.5243925452728341 -0.47584476897877903
		outer loop
			vertex 2.075028657913208 4.3305816650390625 16.160310745239258
			vertex 0.8152729868888855 3.1754462718963623 15.563949584960938
			vertex 2.140744209289551 5.920818328857422 14.505346298217773
		endloop
	endfacet
	facet normal 0.88628023722915 -0.4569710022400674 -0.07539790586448716
		outer loop
			vertex 0.8152729868888855 3.1754462718963623 15.563949584960938
			vertex 1.487630844116211 4.734503746032715 14.018196105957031
			vertex 2.140744209289551 5.920818328857422 14.505346298217773
		endloop
	endfacet
	facet normal 0.48531917122404816 0.08994678724787178 -0.8696981531003668
		outer loop
			vertex 2.140744209289551 5.920818328857422 14.505346298217773
			vertex 1.487630844116211 4.734503746032715 14.018196105957031
			vertex 0.9524407386779785 7.829516410827637 14.03963851928711
		endloop
	endfacet
	facet normal 0.834785855483877 0.1480252755450457 -0.5303028316762649
		outer loop
			vertex 1.487630844116211 4.734503746032715 14.018196105957031
			vertex 0.6496773958206177 6.732006072998047 13.256686210632324
			vertex 0.9524407386779785 7.829516410827637 14.03963851928711
		endloop
	endfacet
	facet normal -0.08006426037695663 0.5934338458221918 -0.8008907446356051
		outer loop
			vertex 0.9524407386779785 7.829516410827637 14.03963851928711
			vertex 0.6496773958206177 6.732006072998047 13.256686210632324
			vertex -0.7937896251678467 8.938587188720703 15.035992622375488
		endloop
	endfacet
	facet normal 0.3308484082373296 0.7139953680132666 -0.6170493863722947
		outer loop
			vertex 0.6496773958206177 6.732006072998047 13.256686210632324
			vertex -1.2077255249023438 7.997843265533447 13.725502967834473
			vertex -0.7937896251678467 8.938587188720703 15.035992622375488
		endloop
	endfacet
	facet normal -0.6367112679711733 0.7074648532507085 -0.3067445886295216
		outer loop
			vertex -0.7937896251678467 8.938587188720703 15.035992622375488
			vertex -1.2077255249023438 7.997843265533447 13.725502967834473
			vertex -2.075028657913208 8.598350524902344 16.910757064819336
		endloop
	endfacet
	facet normal -0.31083248740680336 0.9150198087736251 -0.25714181753339543
		outer loop
			vertex -1.2077255249023438 7.997843265533447 13.725502967834473
			vertex -2.9965364933013916 7.790505409240723 15.150017738342285
			vertex -2.075028657913208 8.598350524902344 16.910757064819336
		endloop
	endfacet
	facet normal -0.8860137849927198 0.3514053627423215 0.3024794932533642
		outer loop
			vertex -2.075028657913208 8.598350524902344 16.910757064819336
			vertex -2.9965364933013916 7.790505409240723 15.150017738342285
			vertex -2.140744209289551 7.008113861083984 18.56572151184082
		endloop
	endfacet
	facet normal -0.7111034490629973 0.6253270200064358 0.321400066553478
		outer loop
			vertex -2.9965364933013916 7.790505409240723 15.150017738342285
			vertex -3.6688942909240723 6.231447696685791 16.695770263671875
			vertex -2.140744209289551 7.008113861083984 18.56572151184082
		endloop
	endfacet
	facet normal -0.689772160749538 -0.26503805219399373 0.6737723630011306
		outer loop
			vertex -2.140744209289551 7.008113861083984 18.56572151184082
			vertex -3.6688942909240723 6.231447696685791 16.695770263671875
			vertex -0.9524407386779785 5.0994157791137695 19.031429290771484
		endloop
	endfacet
	facet normal -0.6472876197632639 0.01896460441491859 0.76200989565792
		outer loop
			vertex -3.6688942909240723 6.231447696685791 16.695770263671875
			vertex -2.8309407234191895 4.233945846557617 17.4572811126709
			vertex -0.9524407386779785 5.0994157791137695 19.031429290771484
		endloop
	endfacet
	facet normal -0.14923412121065172 -0.7804314412012416 0.6071704395398689
		outer loop
			vertex -0.9524407386779785 5.0994157791137695 19.031429290771484
			vertex -2.8309407234191895 4.233945846557617 17.4572811126709
			vertex 0.7937896251678467 3.9903454780578613 18.035076141357422
		endloop
	endfacet
	facet normal -0.16742958431726704 -0.5489649608892837 0.8189046379226184
		outer loop
			vertex -2.8309407234191895 4.233945846557617 17.4572811126709
			vertex -0.9735379219055176 2.9681084156036377 16.98846435546875
			vertex 0.7937896251678467 3.9903454780578613 18.035076141357422
		endloop
	endfacet
	facet normal 0.43471425539781744 -0.8903143558855687 0.13551333461318948
		outer loop
			vertex 0.7937896251678467 3.9903454780578613 18.035076141357422
			vertex -0.9735379219055176 2.9681084156036377 16.98846435546875
			vertex 2.075028657913208 4.3305816650390625 16.160310745239258
		endloop
	endfacet
	facet normal 0.46339779727009534 -0.7494696120385202 0.4728189739382861
		outer loop
			vertex -0.9735379219055176 2.9681084156036377 16.98846435546875
			vertex 0.8152729868888855 3.1754462718963623 15.563949584960938
			vertex 2.075028657913208 4.3305816650390625 16.160310745239258
		endloop
	endfacet
	facet normal 0.7843134294240264 -0.5732829425885082 -0.23706351925630423
		outer loop
			vertex 0.8152729868888855 3.1754462718963623 15.563949584960938
			vertex -0.3203999698162079 2.197174549102783 14.172351837158203
			vertex 1.487630844116211 4.734503746032715 14.018196105957031
		endloop
	endfacet
	facet normal 0.8086393230541584 -0.581596355690225 -0.08858963967847402
		outer loop
			vertex -0.3203999698162079 2.197174549102783 14.172351837158203
			vertex 0.695574939250946 3.8055946826934814 12.88671588897705
			vertex 1.487630844116211 4.734503746032715 14.018196105957031
		endloop
	endfacet
	facet normal 0.779382528644059 0.09060231479154318 -0.6199629784098457
		outer loop
			vertex 1.487630844116211 4.734503746032715 14.018196105957031
			vertex 0.695574939250946 3.8055946826934814 12.88671588897705
			vertex 0.6496773958206177 6.732006072998047 13.256686210632324
		endloop
	endfacet
	facet normal 0.8756448660360173 0.07406864149352009 -0.47724197733651824
		outer loop
			vertex 0.695574939250946 3.8055946826934814 12.88671588897705
			vertex 0.1617007851600647 5.942724227905273 12.238847732543945
			vertex 0.6496773958206177 6.732006072998047 13.256686210632324
		endloop
	endfacet
	facet normal 0.2952308113447167 0.681285148003273 -0.6698427540422446
		outer loop
			vertex 0.6496773958206177 6.732006072998047 13.256686210632324
			vertex 0.1617007851600647 5.942724227905273 12.238847732543945
			vertex -1.2077255249023438 7.997843265533447 13.725502967834473
		endloop
	endfacet
	facet normal 0.44204213215868715 0.7001565816676582 -0.560695563157104
		outer loop
			vertex 0.1617007851600647 5.942724227905273 12.238847732543945
			vertex -1.6092861890792847 7.356661796569824 12.608258247375488
			vertex -1.2077255249023438 7.997843265533447 13.725502967834473
		endloop
	endfacet
	facet normal -0.3806102924450906 0.8544700099057378 -0.35357715912732696
		outer loop
			vertex -1.2077255249023438 7.997843265533447 13.725502967834473
			vertex -1.6092861890792847 7.356661796569824 12.608258247375488
			vertex -2.9965364933013916 7.790505409240723 15.150017738342285
		endloop
	endfacet
	facet normal -0.23515393056311246 0.9286644813860339 -0.28685346425087455
		outer loop
			vertex -1.6092861890792847 7.356661796569824 12.608258247375488
			vertex -3.579965829849243 7.219141483306885 13.778552055358887
			vertex -2.9965364933013916 7.790505409240723 15.150017738342285
		endloop
	endfacet
	facet normal -0.8467660518574714 0.5111772726654593 0.14725844400920687
		outer loop
			vertex -2.9965364933013916 7.790505409240723 15.150017738342285
			vertex -3.579965829849243 7.219141483306885 13.778552055358887
			vertex -3.6688942909240723 6.231447696685791 16.695770263671875
		endloop
	endfacet
	facet normal -0.7545339803360104 0.6282437594163868 0.18970569646866814
		outer loop
			vertex -3.579965829849243 7.219141483306885 13.778552055358887
			vertex -4.595940589904785 5.610721588134766 15.064187049865723
			vertex -3.6688942909240723 6.231447696685791 16.695770263671875
		endloop
	endfacet
	facet normal -0.8346725807827456 -0.14789586607894706 0.5305171964095313
		outer loop
			vertex -3.6688942909240723 6.231447696685791 16.695770263671875
			vertex -4.595940589904785 5.610721588134766 15.064187049865723
			vertex -2.8309407234191895 4.233945846557617 17.4572811126709
		endloop
	endfacet
	facet normal -0.8115477295600824 -0.025778729779586524 0.5837171744405221
		outer loop
			vertex -4.595940589904785 5.610721588134766 15.064187049865723
			vertex -4.062066555023193 3.4735918045043945 15.712055206298828
			vertex -2.8309407234191895 4.233945846557617 17.4572811126709
		endloop
	endfacet
	facet normal -0.35761160934294445 -0.737101946886015 0.5734061882819155
		outer loop
			vertex -2.8309407234191895 4.233945846557617 17.4572811126709
			vertex -4.062066555023193 3.4735918045043945 15.712055206298828
			vertex -0.9735379219055176 2.9681084156036377 16.98846435546875
		endloop
	endfacet
	facet normal -0.3791492415059533 -0.6475803955461749 0.6609731340755993
		outer loop
			vertex -4.062066555023193 3.4735918045043945 15.712055206298828
			vertex -2.2910797595977783 2.059654474258423 15.342645645141602
			vertex -0.9735379219055176 2.9681084156036377 16.98846435546875
		endloop
	endfacet
	facet normal 0.3104787183068031 -0.9152750385814724 0.2566604161693988
		outer loop
			vertex -0.9735379219055176 2.9681084156036377 16.98846435546875
			vertex -2.2910797595977783 2.059654474258423 15.342645645141602
			vertex 0.8152729868888855 3.1754462718963623 15.563949584960938
		endloop
	endfacet
	facet normal 0.2881723513508961 -0.8780498331765223 0.3820800784856194
		outer loop
			vertex -2.2910797595977783 2.059654474258423 15.342645645141602
			vertex -0.3203999698162079 2.197174549102783 14.172351837158203
			vertex 0.8152729868888855 3.1754462718963623 15.563949584960938
		endloop
	endfacet
	facet normal 0.7459155826075852 -0.6340860689985091 -0.20382541726979214
		outer loop
			vertex -0.3203999698162079 2.197174549102783 14.172351837158203
			vertex -1.365037441253662 1.5407029390335083 12.39165210723877
			vertex 0.695574939250946 3.8055946826934814 12.88671588897705
		endloop
	endfacet
	facet normal 0.7463129198723959 -0.636343855617019 -0.19515000140918554
		outer loop
			vertex -1.365037441253662 1.5407029390335083 12.39165210723877
			vertex -0.26279211044311523 3.1886277198791504 11.233430862426758
			vertex 0.695574939250946 3.8055946826934814 12.88671588897705
		endloop
	endfacet
	facet normal 0.8544007368220923 0.05686246887174124 -0.5164939888824229
		outer loop
			vertex 0.695574939250946 3.8055946826934814 12.88671588897705
			vertex -0.26279211044311523 3.1886277198791504 11.233430862426758
			vertex 0.1617007851600647 5.942724227905273 12.238847732543945
		endloop
	endfacet
	facet normal 0.8599855936618639 0.05274924556821416 -0.5075847670941634
		outer loop
			vertex -0.26279211044311523 3.1886277198791504 11.233430862426758
			vertex -0.6416698098182678 5.41574239730835 10.822956085205078
			vertex 0.1617007851600647 5.942724227905273 12.238847732543945
		endloop
	endfacet
	facet normal 0.46036546013887686 0.7143227584220356 -0.5270736570076847
		outer loop
			vertex 0.1617007851600647 5.942724227905273 12.238847732543945
			vertex -0.6416698098182678 5.41574239730835 10.822956085205078
			vertex -1.6092861890792847 7.356661796569824 12.608258247375488
		endloop
	endfacet
	facet normal 0.47008895591519473 0.7129480154580313 -0.5203090435318389
		outer loop
			vertex -0.6416698098182678 5.41574239730835 10.822956085205078
			vertex -2.279729127883911 6.917433738708496 11.400678634643555
			vertex -1.6092861890792847 7.356661796569824 12.608258247375488
		endloop
	endfacet
	facet normal -0.20437062438361325 0.9509055318889903 -0.2324033504749205
		outer loop
			vertex -1.6092861890792847 7.356661796569824 12.608258247375488
			vertex -2.279729127883911 6.917433738708496 11.400678634643555
			vertex -3.579965829849243 7.219141483306885 13.778552055358887
		endloop
	endfacet
	facet normal -0.19519811232945625 0.9539480047119958 -0.22777379403482545
		outer loop
			vertex -2.279729127883911 6.917433738708496 11.400678634643555
			vertex -4.217417240142822 6.814030647277832 12.62817668914795
			vertex -3.579965829849243 7.219141483306885 13.778552055358887
		endloop
	endfacet
	facet normal -0.7516145883760859 0.6302622294598927 0.1945379979759552
		outer loop
			vertex -3.579965829849243 7.219141483306885 13.778552055358887
			vertex -4.217417240142822 6.814030647277832 12.62817668914795
			vertex -4.595940589904785 5.610721588134766 15.064187049865723
		endloop
	endfacet
	facet normal -0.7439489536847446 0.6377794898309881 0.199442414401497
		outer loop
			vertex -4.217417240142822 6.814030647277832 12.62817668914795
			vertex -5.319662570953369 5.1661057472229 13.786397933959961
			vertex -4.595940589904785 5.610721588134766 15.064187049865723
		endloop
	endfacet
	facet normal -0.8593146606241385 -0.060716272909134804 0.5078305310243224
		outer loop
			vertex -4.595940589904785 5.610721588134766 15.064187049865723
			vertex -5.319662570953369 5.1661057472229 13.786397933959961
			vertex -4.062066555023193 3.4735918045043945 15.712055206298828
		endloop
	endfacet
	facet normal -0.8560482599150122 -0.05082494130312944 0.5143910983269574
		outer loop
			vertex -5.319662570953369 5.1661057472229 13.786397933959961
			vertex -4.940784931182861 2.938991069793701 14.19687271118164
			vertex -4.062066555023193 3.4735918045043945 15.712055206298828
		endloop
	endfacet
	facet normal -0.4632889030817244 -0.716525892399608 0.5214921263089961
		outer loop
			vertex -4.062066555023193 3.4735918045043945 15.712055206298828
			vertex -4.940784931182861 2.938991069793701 14.19687271118164
			vertex -2.2910797595977783 2.059654474258423 15.342645645141602
		endloop
	endfacet
	facet normal -0.4644614209954622 -0.7101812397103152 0.5290729582679462
		outer loop
			vertex -4.940784931182861 2.938991069793701 14.19687271118164
			vertex -3.3027255535125732 1.4373000860214233 13.619150161743164
			vertex -2.2910797595977783 2.059654474258423 15.342645645141602
		endloop
	endfacet
	facet normal 0.20087944980042122 -0.9531276037424707 0.22626360209281526
		outer loop
			vertex -2.2910797595977783 2.059654474258423 15.342645645141602
			vertex -3.3027255535125732 1.4373000860214233 13.619150161743164
			vertex -0.3203999698162079 2.197174549102783 14.172351837158203
		endloop
	endfacet
	facet normal 0.1990524870331686 -0.9516285764486797 0.2340537542791607
		outer loop
			vertex -3.3027255535125732 1.4373000860214233 13.619150161743164
			vertex -1.365037441253662 1.5407029390335083 12.39165210723877
			vertex -0.3203999698162079 2.197174549102783 14.172351837158203
		endloop
	endfacet
	facet normal 0.6596220327081103 -0.6743972472094301 -0.3317938018142651
		outer loop
			vertex -1.365037441253662 1.5407029390335083 12.39165210723877
			vertex -2.6613006591796875 1.0434075593948364 10.825410842895508
			vertex -0.26279211044311523 3.1886277198791504 11.233430862426758
		endloop
	endfacet
	facet normal 0.668107873977127 -0.6979397562327045 -0.2578991380357764
		outer loop
			vertex -2.6613006591796875 1.0434075593948364 10.825410842895508
			vertex -1.5719691514968872 2.5739879608154297 9.505274772644043
			vertex -0.26279211044311523 3.1886277198791504 11.233430862426758
		endloop
	endfacet
	facet normal 0.7929921508922237 0.022695877038818466 -0.6088089567251486
		outer loop
			vertex -0.26279211044311523 3.1886277198791504 11.233430862426758
			vertex -1.5719691514968872 2.5739879608154297 9.505274772644043
			vertex -0.6416698098182678 5.41574239730835 10.822956085205078
		endloop
	endfacet
	facet normal 0.8327254873697695 -0.01597817103434907 -0.5534554731278544
		outer loop
			vertex -1.5719691514968872 2.5739879608154297 9.505274772644043
			vertex -1.790518045425415 4.825479507446289 9.11144733428955
			vertex -0.6416698098182678 5.41574239730835 10.822956085205078
		endloop
	endfacet
	facet normal 0.45277940242143827 0.7042630272660159 -0.5468129489770632
		outer loop
			vertex -0.6416698098182678 5.41574239730835 10.822956085205078
			vertex -1.790518045425415 4.825479507446289 9.11144733428955
			vertex -2.279729127883911 6.917433738708496 11.400678634643555
		endloop
	endfacet
	facet normal 0.5267215486818658 0.6805442978547263 -0.5093366949392069
		outer loop
			vertex -1.790518045425415 4.825479507446289 9.11144733428955
			vertex -3.1889240741729736 6.478989124298096 9.874628067016602
			vertex -2.279729127883911 6.917433738708496 11.400678634643555
		endloop
	endfacet
	facet normal -0.16568819894233655 0.969636333287086 -0.17986884638763898
		outer loop
			vertex -2.279729127883911 6.917433738708496 11.400678634643555
			vertex -3.1889240741729736 6.478989124298096 9.874628067016602
			vertex -4.217417240142822 6.814030647277832 12.62817668914795
		endloop
	endfacet
	facet normal -0.07530831457505827 0.9860988805425199 -0.14811365753587175
		outer loop
			vertex -3.1889240741729736 6.478989124298096 9.874628067016602
			vertex -4.948019981384277 6.565913200378418 11.347755432128906
			vertex -4.217417240142822 6.814030647277832 12.62817668914795
		endloop
	endfacet
	facet normal -0.7005942782758566 0.6597187065123588 0.27191705633297786
		outer loop
			vertex -4.217417240142822 6.814030647277832 12.62817668914795
			vertex -4.948019981384277 6.565913200378418 11.347755432128906
			vertex -5.319662570953369 5.1661057472229 13.786397933959961
		endloop
	endfacet
	facet normal -0.6228021981726095 0.7157524944946257 0.31593636792253993
		outer loop
			vertex -4.948019981384277 6.565913200378418 11.347755432128906
			vertex -6.037351608276367 5.035332679748535 12.667890548706055
			vertex -5.319662570953369 5.1661057472229 13.786397933959961
		endloop
	endfacet
	facet normal -0.8386079532196343 -0.04257236582857263 0.5430693274937686
		outer loop
			vertex -5.319662570953369 5.1661057472229 13.786397933959961
			vertex -6.037351608276367 5.035332679748535 12.667890548706055
			vertex -4.940784931182861 2.938991069793701 14.19687271118164
		endloop
	endfacet
	facet normal -0.7926042460016234 0.029591624957504913 0.6090179348365471
		outer loop
			vertex -6.037351608276367 5.035332679748535 12.667890548706055
			vertex -5.818802833557129 2.783841371536255 13.061717987060547
			vertex -4.940784931182861 2.938991069793701 14.19687271118164
		endloop
	endfacet
	facet normal -0.4941225980535289 -0.7241037787912373 0.48116169385465574
		outer loop
			vertex -4.940784931182861 2.938991069793701 14.19687271118164
			vertex -5.818802833557129 2.783841371536255 13.061717987060547
			vertex -3.3027255535125732 1.4373000860214233 13.619150161743164
		endloop
	endfacet
	facet normal -0.4832092798729423 -0.6692090028761181 0.564506955062756
		outer loop
			vertex -5.818802833557129 2.783841371536255 13.061717987060547
			vertex -4.42039680480957 1.1303316354751587 12.298537254333496
			vertex -3.3027255535125732 1.4373000860214233 13.619150161743164
		endloop
	endfacet
	facet normal 0.12856078796851947 -0.9844126364397487 0.12001618646939602
		outer loop
			vertex -3.3027255535125732 1.4373000860214233 13.619150161743164
			vertex -4.42039680480957 1.1303316354751587 12.298537254333496
			vertex -1.365037441253662 1.5407029390335083 12.39165210723877
		endloop
	endfacet
	facet normal 0.12412126672509874 -0.9707547853377076 0.2054970994697931
		outer loop
			vertex -4.42039680480957 1.1303316354751587 12.298537254333496
			vertex -2.6613006591796875 1.0434075593948364 10.825410842895508
			vertex -1.365037441253662 1.5407029390335083 12.39165210723877
		endloop
	endfacet
	facet normal 0.48033598343462547 -0.7433601300717846 -0.46550301829048396
		outer loop
			vertex -2.6613006591796875 1.0434075593948364 10.825410842895508
			vertex -4.259953022003174 0.5332888960838318 9.990425109863281
			vertex -1.5719691514968872 2.5739879608154297 9.505274772644043
		endloop
	endfacet
	facet normal 0.5737895923424046 -0.7987846547667334 -0.1808551327132517
		outer loop
			vertex -4.259953022003174 0.5332888960838318 9.990425109863281
			vertex -3.269829273223877 1.6409022808074951 8.239731788635254
			vertex -1.5719691514968872 2.5739879608154297 9.505274772644043
		endloop
	endfacet
	facet normal 0.6223664902113603 -0.07585657123929797 -0.7790415473271051
		outer loop
			vertex -1.5719691514968872 2.5739879608154297 9.505274772644043
			vertex -3.269829273223877 1.6409022808074951 8.239731788635254
			vertex -1.790518045425415 4.825479507446289 9.11144733428955
		endloop
	endfacet
	facet normal 0.7780145985019133 -0.19822009605686455 -0.5961560852973945
		outer loop
			vertex -3.269829273223877 1.6409022808074951 8.239731788635254
			vertex -3.352393627166748 3.783888578414917 7.419444561004639
			vertex -1.790518045425415 4.825479507446289 9.11144733428955
		endloop
	endfacet
	facet normal 0.3487200684335461 0.6195167334094801 -0.7032732974437108
		outer loop
			vertex -1.790518045425415 4.825479507446289 9.11144733428955
			vertex -3.352393627166748 3.783888578414917 7.419444561004639
			vertex -3.1889240741729736 6.478989124298096 9.874628067016602
		endloop
	endfacet
	facet normal 0.5853252144598892 0.5263342835847088 -0.6167386928358364
		outer loop
			vertex -3.352393627166748 3.783888578414917 7.419444561004639
			vertex -4.4592814445495605 5.706915378570557 8.010076522827148
			vertex -3.1889240741729736 6.478989124298096 9.874628067016602
		endloop
	endfacet
	facet normal -0.17912840670544433 0.9461285315746497 -0.26972915239470524
		outer loop
			vertex -3.1889240741729736 6.478989124298096 9.874628067016602
			vertex -4.4592814445495605 5.706915378570557 8.010076522827148
			vertex -4.948019981384277 6.565913200378418 11.347755432128906
		endloop
	endfacet
	facet normal 0.11718198998884008 0.9657763086293193 -0.23139685156151435
		outer loop
			vertex -4.4592814445495605 5.706915378570557 8.010076522827148
			vertex -5.942091941833496 6.283499717712402 9.665642738342285
			vertex -4.948019981384277 6.565913200378418 11.347755432128906
		endloop
	endfacet
	facet normal -0.6582455234951812 0.7022981667309869 0.27109060442009003
		outer loop
			vertex -4.948019981384277 6.565913200378418 11.347755432128906
			vertex -5.942091941833496 6.283499717712402 9.665642738342285
			vertex -6.037351608276367 5.035332679748535 12.667890548706055
		endloop
	endfacet
	facet normal -0.35270043133360945 0.8679535365112644 0.34965563658358956
		outer loop
			vertex -5.942091941833496 6.283499717712402 9.665642738342285
			vertex -6.932216167449951 5.175886631011963 11.416335105895996
			vertex -6.037351608276367 5.035332679748535 12.667890548706055
		endloop
	endfacet
	facet normal -0.8120050240063328 0.02319055782053438 0.5831895395293434
		outer loop
			vertex -6.037351608276367 5.035332679748535 12.667890548706055
			vertex -6.932216167449951 5.175886631011963 11.416335105895996
			vertex -5.818802833557129 2.783841371536255 13.061717987060547
		endloop
	endfacet
	facet normal -0.5585311285189727 0.2776707181953795 0.7816277571403061
		outer loop
			vertex -6.932216167449951 5.175886631011963 11.416335105895996
			vertex -6.849651336669922 3.032900094985962 12.23662281036377
			vertex -5.818802833557129 2.783841371536255 13.061717987060547
		endloop
	endfacet
	facet normal -0.5488306608574707 -0.6851793110958699 0.47886764074109356
		outer loop
			vertex -5.818802833557129 2.783841371536255 13.061717987060547
			vertex -6.849651336669922 3.032900094985962 12.23662281036377
			vertex -4.42039680480957 1.1303316354751587 12.298537254333496
		endloop
	endfacet
	facet normal -0.3856152793032464 -0.46645881998969935 0.7960634557757924
		outer loop
			vertex -6.849651336669922 3.032900094985962 12.23662281036377
			vertex -5.742763996124268 1.1098732948303223 11.645991325378418
			vertex -4.42039680480957 1.1303316354751587 12.298537254333496
		endloop
	endfacet
	facet normal -0.008576398856003095 -0.998776967008025 0.04869307504064056
		outer loop
			vertex -4.42039680480957 1.1303316354751587 12.298537254333496
			vertex -5.742763996124268 1.1098732948303223 11.645991325378418
			vertex -2.6613006591796875 1.0434075593948364 10.825410842895508
		endloop
	endfacet
	facet normal 0.08548805462598477 -0.9146466629249936 0.3951117240938796
		outer loop
			vertex -5.742763996124268 1.1098732948303223 11.645991325378418
			vertex -4.259953022003174 0.5332888960838318 9.990425109863281
			vertex -2.6613006591796875 1.0434075593948364 10.825410842895508
		endloop
	endfacet
	facet normal 0.32761587397787467 -0.8711084755690467 -0.3658385749336518
		outer loop
			vertex -4.259953022003174 0.5332888960838318 9.990425109863281
			vertex -5.748020648956299 0.06533677130937576 9.77208423614502
			vertex -3.269829273223877 1.6409022808074951 8.239731788635254
		endloop
	endfacet
	facet normal 0.5297562180242574 -0.8480140632705628 -0.015182159266246161
		outer loop
			vertex -5.748020648956299 0.06533677130937576 9.77208423614502
			vertex -4.991584777832031 0.5756061673164368 7.665070533752441
			vertex -3.269829273223877 1.6409022808074951 8.239731788635254
		endloop
	endfacet
	facet normal 0.4642446021723045 -0.3009688050068732 -0.8330034380280873
		outer loop
			vertex -3.269829273223877 1.6409022808074951 8.239731788635254
			vertex -4.991584777832031 0.5756061673164368 7.665070533752441
			vertex -3.352393627166748 3.783888578414917 7.419444561004639
		endloop
	endfacet
	facet normal 0.6845284475540031 -0.39657268350113073 -0.6116787647041693
		outer loop
			vertex -4.991584777832031 0.5756061673164368 7.665070533752441
			vertex -5.21974515914917 2.367687940597534 6.247867584228516
			vertex -3.352393627166748 3.783888578414917 7.419444561004639
		endloop
	endfacet
	facet normal 0.24159991110577694 0.4092934362712316 -0.8798342832482535
		outer loop
			vertex -3.352393627166748 3.783888578414917 7.419444561004639
			vertex -5.21974515914917 2.367687940597534 6.247867584228516
			vertex -4.4592814445495605 5.706915378570557 8.010076522827148
		endloop
	endfacet
	facet normal 0.5049455574671117 0.3101033256978102 -0.805522135875474
		outer loop
			vertex -5.21974515914917 2.367687940597534 6.247867584228516
			vertex -6.298848628997803 4.3918046951293945 6.350654125213623
			vertex -4.4592814445495605 5.706915378570557 8.010076522827148
		endloop
	endfacet
	facet normal -0.19090258607410002 0.8612644723190049 -0.4709349332458645
		outer loop
			vertex -4.4592814445495605 5.706915378570557 8.010076522827148
			vertex -6.298848628997803 4.3918046951293945 6.350654125213623
			vertex -5.942091941833496 6.283499717712402 9.665642738342285
		endloop
	endfacet
	facet normal 0.10473058636957958 0.8588645640441951 -0.5013812570368569
		outer loop
			vertex -6.298848628997803 4.3918046951293945 6.350654125213623
			vertex -7.596770286560059 5.46225643157959 7.913219451904297
			vertex -5.942091941833496 6.283499717712402 9.665642738342285
		endloop
	endfacet
	facet normal -0.5802150493365529 0.7954201281463309 0.1750923078351997
		outer loop
			vertex -5.942091941833496 6.283499717712402 9.665642738342285
			vertex -7.596770286560059 5.46225643157959 7.913219451904297
			vertex -6.932216167449951 5.175886631011963 11.416335105895996
		endloop
	endfacet
	facet normal -0.2782234755488431 0.9516002313149728 0.13057066062026573
		outer loop
			vertex -7.596770286560059 5.46225643157959 7.913219451904297
			vertex -8.353205680847168 4.951987266540527 10.020233154296875
			vertex -6.932216167449951 5.175886631011963 11.416335105895996
		endloop
	endfacet
	facet normal -0.7001044590020099 0.23157236487626012 0.6754465088451634
		outer loop
			vertex -6.932216167449951 5.175886631011963 11.416335105895996
			vertex -8.353205680847168 4.951987266540527 10.020233154296875
			vertex -6.849651336669922 3.032900094985962 12.23662281036377
		endloop
	endfacet
	facet normal -0.4105833949056253 0.5328633090179407 0.7399175425209367
		outer loop
			vertex -8.353205680847168 4.951987266540527 10.020233154296875
			vertex -8.125045776367188 3.159905433654785 11.4374361038208
			vertex -6.849651336669922 3.032900094985962 12.23662281036377
		endloop
	endfacet
	facet normal -0.4944679299338677 -0.5024521267160429 0.7092554734546935
		outer loop
			vertex -6.849651336669922 3.032900094985962 12.23662281036377
			vertex -8.125045776367188 3.159905433654785 11.4374361038208
			vertex -5.742763996124268 1.1098732948303223 11.645991325378418
		endloop
	endfacet
	facet normal -0.23213298931287335 -0.1723672488041408 0.957289823832031
		outer loop
			vertex -8.125045776367188 3.159905433654785 11.4374361038208
			vertex -7.045942783355713 1.1357885599136353 11.334650039672852
			vertex -5.742763996124268 1.1098732948303223 11.645991325378418
		endloop
	endfacet
	facet normal -0.08166476886124138 -0.9616671758307715 0.2617768294874626
		outer loop
			vertex -5.742763996124268 1.1098732948303223 11.645991325378418
			vertex -7.045942783355713 1.1357885599136353 11.334650039672852
			vertex -4.259953022003174 0.5332888960838318 9.990425109863281
		endloop
	endfacet
	facet normal 0.1442528000231755 -0.7564020194744858 0.6380024409204039
		outer loop
			vertex -7.045942783355713 1.1357885599136353 11.334650039672852
			vertex -5.748020648956299 0.06533677130937576 9.77208423614502
			vertex -4.259953022003174 0.5332888960838318 9.990425109863281
		endloop
	endfacet
	facet normal 0.4522583438538575 -0.8902962615509273 -0.05324431502995622
		outer loop
			vertex -5.748020648956299 0.06533677130937576 9.77208423614502
			vertex -6.946256160736084 -0.5363712906837463 9.65538501739502
			vertex -4.991584777832031 0.5756061673164368 7.665070533752441
		endloop
	endfacet
	facet normal 0.5711953654629637 -0.8139097168876653 0.10623948055912083
		outer loop
			vertex -6.946256160736084 -0.5363712906837463 9.65538501739502
			vertex -6.446499824523926 -0.47807154059410095 7.415090084075928
			vertex -4.991584777832031 0.5756061673164368 7.665070533752441
		endloop
	endfacet
	facet normal 0.4868755869407146 -0.5028301460574405 -0.7142226592995966
		outer loop
			vertex -4.991584777832031 0.5756061673164368 7.665070533752441
			vertex -6.446499824523926 -0.47807154059410095 7.415090084075928
			vertex -5.21974515914917 2.367687940597534 6.247867584228516
		endloop
	endfacet
	facet normal 0.6150406791816386 -0.5113233832902809 -0.600227757315812
		outer loop
			vertex -6.446499824523926 -0.47807154059410095 7.415090084075928
			vertex -7.081891059875488 0.8372182250022888 5.643546104431152
			vertex -5.21974515914917 2.367687940597534 6.247867584228516
		endloop
	endfacet
	facet normal 0.19072969443794863 0.15093834361800287 -0.9699689686198526
		outer loop
			vertex -5.21974515914917 2.367687940597534 6.247867584228516
			vertex -7.081891059875488 0.8372182250022888 5.643546104431152
			vertex -6.298848628997803 4.3918046951293945 6.350654125213623
		endloop
	endfacet
	facet normal 0.32589746954979426 0.1148820044734457 -0.9383991498233597
		outer loop
			vertex -7.081891059875488 0.8372182250022888 5.643546104431152
			vertex -8.480226516723633 2.639019012451172 5.378499507904053
			vertex -6.298848628997803 4.3918046951293945 6.350654125213623
		endloop
	endfacet
	facet normal -0.2505264664911939 0.6889894975473677 -0.680095553475291
		outer loop
			vertex -6.298848628997803 4.3918046951293945 6.350654125213623
			vertex -8.480226516723633 2.639019012451172 5.378499507904053
			vertex -7.596770286560059 5.46225643157959 7.913219451904297
		endloop
	endfacet
	facet normal -0.12071032088542154 0.6838260885539226 -0.7195907858253755
		outer loop
			vertex -8.480226516723633 2.639019012451172 5.378499507904053
			vertex -9.822380065917969 3.8718605041503906 6.775211334228516
			vertex -7.596770286560059 5.46225643157959 7.913219451904297
		endloop
	endfacet
	facet normal -0.5780154866928261 0.8159656824526603 -0.00990465561339152
		outer loop
			vertex -7.596770286560059 5.46225643157959 7.913219451904297
			vertex -9.822380065917969 3.8718605041503906 6.775211334228516
			vertex -8.353205680847168 4.951987266540527 10.020233154296875
		endloop
	endfacet
	facet normal -0.46744573605025064 0.8802690696517351 -0.08136859875227258
		outer loop
			vertex -9.822380065917969 3.8718605041503906 6.775211334228516
			vertex -10.322136878967285 3.813560724258423 9.015506744384766
			vertex -8.353205680847168 4.951987266540527 10.020233154296875
		endloop
	endfacet
	facet normal -0.5982451919078089 0.4488042409652979 0.6638354040353314
		outer loop
			vertex -8.353205680847168 4.951987266540527 10.020233154296875
			vertex -10.322136878967285 3.813560724258423 9.015506744384766
			vertex -8.125045776367188 3.159905433654785 11.4374361038208
		endloop
	endfacet
	facet normal -0.5105340490157996 0.5925714639248699 0.6230682506254591
		outer loop
			vertex -10.322136878967285 3.813560724258423 9.015506744384766
			vertex -9.686744689941406 2.4982709884643555 10.787050247192383
			vertex -8.125045776367188 3.159905433654785 11.4374361038208
		endloop
	endfacet
	facet normal -0.29999935311467957 -0.20722148769250034 0.9311603745699668
		outer loop
			vertex -8.125045776367188 3.159905433654785 11.4374361038208
			vertex -9.686744689941406 2.4982709884643555 10.787050247192383
			vertex -7.045942783355713 1.1357885599136353 11.334650039672852
		endloop
	endfacet
	facet normal -0.21411692532831325 -0.02251968525427334 0.976548414603187
		outer loop
			vertex -9.686744689941406 2.4982709884643555 10.787050247192383
			vertex -8.288409233093262 0.6964700818061829 11.05209732055664
			vertex -7.045942783355713 1.1357885599136353 11.334650039672852
		endloop
	endfacet
	facet normal 0.12739541540178562 -0.7657450313664326 0.6304006306090025
		outer loop
			vertex -7.045942783355713 1.1357885599136353 11.334650039672852
			vertex -8.288409233093262 0.6964700818061829 11.05209732055664
			vertex -5.748020648956299 0.06533677130937576 9.77208423614502
		endloop
	endfacet
	facet normal 0.23147087215043408 -0.6082082909934668 0.7592785458003695
		outer loop
			vertex -8.288409233093262 0.6964700818061829 11.05209732055664
			vertex -6.946256160736084 -0.5363712906837463 9.65538501739502
			vertex -5.748020648956299 0.06533677130937576 9.77208423614502
		endloop
	endfacet
	facet normal 0.6841272963432283 -0.7169560055125609 0.13395494973153366
		outer loop
			vertex -6.946256160736084 -0.5363712906837463 9.65538501739502
			vertex -7.950336933135986 -1.5066455602645874 9.590251922607422
			vertex -6.446499824523926 -0.47807154059410095 7.415090084075928
		endloop
	endfacet
	facet normal 0.7077196032108105 -0.6871036557490332 0.16438226634113215
		outer loop
			vertex -7.950336933135986 -1.5066455602645874 9.590251922607422
			vertex -7.651299953460693 -1.7403968572616577 7.32573938369751
			vertex -6.446499824523926 -0.47807154059410095 7.415090084075928
		endloop
	endfacet
	facet normal 0.596839947389992 -0.5268042727746832 -0.6051936346210597
		outer loop
			vertex -6.446499824523926 -0.47807154059410095 7.415090084075928
			vertex -7.651299953460693 -1.7403968572616577 7.32573938369751
			vertex -7.081891059875488 0.8372182250022888 5.643546104431152
		endloop
	endfacet
	facet normal 0.6292402881031451 -0.5174593892703533 -0.5799072686937319
		outer loop
			vertex -7.651299953460693 -1.7403968572616577 7.32573938369751
			vertex -8.728099822998047 -0.9546471834182739 5.456200122833252
			vertex -7.081891059875488 0.8372182250022888 5.643546104431152
		endloop
	endfacet
	facet normal 0.14680397692395586 -0.03150225139497534 -0.988663846065162
		outer loop
			vertex -7.081891059875488 0.8372182250022888 5.643546104431152
			vertex -8.728099822998047 -0.9546471834182739 5.456200122833252
			vertex -8.480226516723633 2.639019012451172 5.378499507904053
		endloop
	endfacet
	facet normal 0.17988779251380413 -0.03366414668539467 -0.9831109333805901
		outer loop
			vertex -8.728099822998047 -0.9546471834182739 5.456200122833252
			vertex -10.549962043762207 0.39032182097435 5.076784133911133
			vertex -8.480226516723633 2.639019012451172 5.378499507904053
		endloop
	endfacet
	facet normal -0.3933412123938515 0.46820147144897134 -0.7912458990513338
		outer loop
			vertex -8.480226516723633 2.639019012451172 5.378499507904053
			vertex -10.549962043762207 0.39032182097435 5.076784133911133
			vertex -9.822380065917969 3.8718605041503906 6.775211334228516
		endloop
	endfacet
	facet normal -0.36578816652469565 0.46869738335466926 -0.8040657809327469
		outer loop
			vertex -10.549962043762207 0.39032182097435 5.076784133911133
			vertex -12.049663543701172 1.5066455602645874 6.409748554229736
			vertex -9.822380065917969 3.8718605041503906 6.775211334228516
		endloop
	endfacet
	facet normal -0.7098859205402063 0.6901814205514899 -0.1403979577640339
		outer loop
			vertex -9.822380065917969 3.8718605041503906 6.775211334228516
			vertex -12.049663543701172 1.5066455602645874 6.409748554229736
			vertex -10.322136878967285 3.813560724258423 9.015506744384766
		endloop
	endfacet
	facet normal -0.6917983627943848 0.7032334101824351 -0.16394449072229272
		outer loop
			vertex -12.049663543701172 1.5066455602645874 6.409748554229736
			vertex -12.348699569702148 1.7403968572616577 8.674261093139648
			vertex -10.322136878967285 3.813560724258423 9.015506744384766
		endloop
	endfacet
	facet normal -0.619734729692099 0.5072289996684368 0.5988719451675945
		outer loop
			vertex -10.322136878967285 3.813560724258423 9.015506744384766
			vertex -12.348699569702148 1.7403968572616577 8.674261093139648
			vertex -9.686744689941406 2.4982709884643555 10.787050247192383
		endloop
	endfacet
	facet normal -0.6126949228041629 0.5379409861995992 0.5789856880239819
		outer loop
			vertex -12.348699569702148 1.7403968572616577 8.674261093139648
			vertex -11.271900177001953 0.9546471834182739 10.543800354003906
			vertex -9.686744689941406 2.4982709884643555 10.787050247192383
		endloop
	endfacet
	facet normal -0.1666063402519973 0.015727509530501036 0.9858980539750568
		outer loop
			vertex -9.686744689941406 2.4982709884643555 10.787050247192383
			vertex -11.271900177001953 0.9546471834182739 10.543800354003906
			vertex -8.288409233093262 0.6964700818061829 11.05209732055664
		endloop
	endfacet
	facet normal -0.1628568026881114 0.05726269317101585 0.9849866221370764
		outer loop
			vertex -11.271900177001953 0.9546471834182739 10.543800354003906
			vertex -9.450037956237793 -0.39032182097435 10.923215866088867
			vertex -8.288409233093262 0.6964700818061829 11.05209732055664
		endloop
	endfacet
	facet normal 0.3708891917678181 -0.48998310658044686 0.7888965475241916
		outer loop
			vertex -8.288409233093262 0.6964700818061829 11.05209732055664
			vertex -9.450037956237793 -0.39032182097435 10.923215866088867
			vertex -6.946256160736084 -0.5363712906837463 9.65538501739502
		endloop
	endfacet
	facet normal 0.382418378709223 -0.4499187525187969 0.807049750484652
		outer loop
			vertex -9.450037956237793 -0.39032182097435 10.923215866088867
			vertex -7.950336933135986 -1.5066455602645874 9.590251922607422
			vertex -6.946256160736084 -0.5363712906837463 9.65538501739502
		endloop
	endfacet
	facet normal 0.8708074902675094 -0.4638600915004605 0.162874584902576
		outer loop
			vertex -7.950336933135986 -1.5066455602645874 9.590251922607422
			vertex -8.718031883239746 -2.9061203002929688 9.70907974243164
			vertex -7.651299953460693 -1.7403968572616577 7.32573938369751
		endloop
	endfacet
	facet normal 0.8681999456301094 -0.47018060450717575 0.15861605704701545
		outer loop
			vertex -8.718031883239746 -2.9061203002929688 9.70907974243164
			vertex -8.554617881774902 -3.361569404602051 7.464544296264648
			vertex -7.651299953460693 -1.7403968572616577 7.32573938369751
		endloop
	endfacet
	facet normal 0.6897197083512779 -0.4339408549169209 -0.5796395934939228
		outer loop
			vertex -7.651299953460693 -1.7403968572616577 7.32573938369751
			vertex -8.554617881774902 -3.361569404602051 7.464544296264648
			vertex -8.728099822998047 -0.9546471834182739 5.456200122833252
		endloop
	endfacet
	facet normal 0.6851069304773766 -0.4369464789135119 -0.5828432622729297
		outer loop
			vertex -8.554617881774902 -3.361569404602051 7.464544296264648
			vertex -9.959218978881836 -3.1565399169921875 5.6597900390625
			vertex -8.728099822998047 -0.9546471834182739 5.456200122833252
		endloop
	endfacet
	facet normal 0.09756212694928594 -0.14557922882815783 -0.9845244128608138
		outer loop
			vertex -8.728099822998047 -0.9546471834182739 5.456200122833252
			vertex -9.959218978881836 -3.1565399169921875 5.6597900390625
			vertex -10.549962043762207 0.39032182097435 5.076784133911133
		endloop
	endfacet
	facet normal 0.090081966914443 -0.14690973940329946 -0.9850394752015169
		outer loop
			vertex -9.959218978881836 -3.1565399169921875 5.6597900390625
			vertex -12.109039306640625 -2.411135196685791 5.352018356323242
			vertex -10.549962043762207 0.39032182097435 5.076784133911133
		endloop
	endfacet
	facet normal -0.5478908654297826 0.22577580291362206 -0.8055066023300572
		outer loop
			vertex -10.549962043762207 0.39032182097435 5.076784133911133
			vertex -12.109039306640625 -2.411135196685791 5.352018356323242
			vertex -12.049663543701172 1.5066455602645874 6.409748554229736
		endloop
	endfacet
	facet normal -0.5542938847391904 0.22476372988932794 -0.8013984995412549
		outer loop
			vertex -12.109039306640625 -2.411135196685791 5.352018356323242
			vertex -13.744742393493652 -1.562003493309021 6.721517086029053
			vertex -12.049663543701172 1.5066455602645874 6.409748554229736
		endloop
	endfacet
	facet normal -0.8705531111413979 0.4643321431843032 -0.16288935351306733
		outer loop
			vertex -12.049663543701172 1.5066455602645874 6.409748554229736
			vertex -13.744742393493652 -1.562003493309021 6.721517086029053
			vertex -12.348699569702148 1.7403968572616577 8.674261093139648
		endloop
	endfacet
	facet normal -0.8728293504109925 0.4619834943821622 -0.157290101340077
		outer loop
			vertex -13.744742393493652 -1.562003493309021 6.721517086029053
			vertex -13.908157348632812 -1.1065545082092285 8.966053009033203
			vertex -12.348699569702148 1.7403968572616577 8.674261093139648
		endloop
	endfacet
	facet normal -0.6881228276767966 0.4363472243262784 0.5797310357854254
		outer loop
			vertex -12.348699569702148 1.7403968572616577 8.674261093139648
			vertex -13.908157348632812 -1.1065545082092285 8.966053009033203
			vertex -11.271900177001953 0.9546471834182739 10.543800354003906
		endloop
	endfacet
	facet normal -0.6872722329785318 0.432015667386096 0.5839686129490601
		outer loop
			vertex -13.908157348632812 -1.1065545082092285 8.966053009033203
			vertex -12.503556251525879 -1.3115839958190918 10.770806312561035
			vertex -11.271900177001953 0.9546471834182739 10.543800354003906
		endloop
	endfacet
	facet normal -0.09433635088518987 0.14985608459774616 0.9841970365789057
		outer loop
			vertex -11.271900177001953 0.9546471834182739 10.543800354003906
			vertex -12.503556251525879 -1.3115839958190918 10.770806312561035
			vertex -9.450037956237793 -0.39032182097435 10.923215866088867
		endloop
	endfacet
	facet normal -0.09195851844274966 0.14173877901437404 0.9856235333073825
		outer loop
			vertex -12.503556251525879 -1.3115839958190918 10.770806312561035
			vertex -10.35373592376709 -2.056988477706909 11.078577995300293
			vertex -9.450037956237793 -0.39032182097435 10.923215866088867
		endloop
	endfacet
	facet normal 0.5496257868690231 -0.222967561113737 0.8051068010516365
		outer loop
			vertex -9.450037956237793 -0.39032182097435 10.923215866088867
			vertex -10.35373592376709 -2.056988477706909 11.078577995300293
			vertex -7.950336933135986 -1.5066455602645874 9.590251922607422
		endloop
	endfacet
	facet normal 0.550023236314992 -0.23364027381260602 0.8018021339247939
		outer loop
			vertex -10.35373592376709 -2.056988477706909 11.078577995300293
			vertex -8.718031883239746 -2.9061203002929688 9.70907974243164
			vertex -7.950336933135986 -1.5066455602645874 9.590251922607422
		endloop
	endfacet
	facet normal 0.9774871132735754 -0.18128782063864282 0.10795216288793782
		outer loop
			vertex -8.718031883239746 -2.9061203002929688 9.70907974243164
			vertex -9.086413383483887 -4.66513204574585 10.090737342834473
			vertex -8.554617881774902 -3.361569404602051 7.464544296264648
		endloop
	endfacet
	facet normal 0.9754574072033468 -0.19606526645001615 0.10020607777978378
		outer loop
			vertex -9.086413383483887 -4.66513204574585 10.090737342834473
			vertex -8.992594718933105 -5.321829319000244 7.892550945281982
			vertex -8.554617881774902 -3.361569404602051 7.464544296264648
		endloop
	endfacet
	facet normal 0.7368399481484198 -0.29721468342556046 -0.6072316878827043
		outer loop
			vertex -8.554617881774902 -3.361569404602051 7.464544296264648
			vertex -8.992594718933105 -5.321829319000244 7.892550945281982
			vertex -9.959218978881836 -3.1565399169921875 5.6597900390625
		endloop
	endfacet
	facet normal 0.7276945226741002 -0.3074072688533993 -0.6131569560285585
		outer loop
			vertex -8.992594718933105 -5.321829319000244 7.892550945281982
			vertex -10.546359062194824 -5.725492000579834 6.25092077255249
			vertex -9.959218978881836 -3.1565399169921875 5.6597900390625
		endloop
	endfacet
	facet normal 0.05696352255371492 -0.23622787279998045 -0.9700265713941392
		outer loop
			vertex -9.959218978881836 -3.1565399169921875 5.6597900390625
			vertex -10.546359062194824 -5.725492000579834 6.25092077255249
			vertex -12.109039306640625 -2.411135196685791 5.352018356323242
		endloop
	endfacet
	facet normal 0.04312635709337992 -0.2425240557292049 -0.9691863596422062
		outer loop
			vertex -10.546359062194824 -5.725492000579834 6.25092077255249
			vertex -12.837532997131348 -5.639659404754639 6.127490997314453
			vertex -12.109039306640625 -2.411135196685791 5.352018356323242
		endloop
	endfacet
	facet normal -0.6521154321849304 -0.034759177773617124 -0.7573224297924653
		outer loop
			vertex -12.109039306640625 -2.411135196685791 5.352018356323242
			vertex -12.837532997131348 -5.639659404754639 6.127490997314453
			vertex -13.744742393493652 -1.562003493309021 6.721517086029053
		endloop
	endfacet
	facet normal -0.6626362936513253 -0.03846482297045624 -0.7479529395155061
		outer loop
			vertex -12.837532997131348 -5.639659404754639 6.127490997314453
			vertex -14.523977279663086 -5.114611625671387 7.594566345214844
			vertex -13.744742393493652 -1.562003493309021 6.721517086029053
		endloop
	endfacet
	facet normal -0.9762234166418589 0.18731908701579164 -0.10908437303145639
		outer loop
			vertex -13.744742393493652 -1.562003493309021 6.721517086029053
			vertex -14.523977279663086 -5.114611625671387 7.594566345214844
			vertex -13.908157348632812 -1.1065545082092285 8.966053009033203
		endloop
	endfacet
	facet normal -0.9782989957779092 0.18334071526984377 -0.09652593943742174
		outer loop
			vertex -14.523977279663086 -5.114611625671387 7.594566345214844
			vertex -14.617795944213867 -4.457914352416992 9.792753219604492
			vertex -13.908157348632812 -1.1065545082092285 8.966053009033203
		endloop
	endfacet
	facet normal -0.7344354868662962 0.30506200689960233 0.606252165008797
		outer loop
			vertex -13.908157348632812 -1.1065545082092285 8.966053009033203
			vertex -14.617795944213867 -4.457914352416992 9.792753219604492
			vertex -12.503556251525879 -1.3115839958190918 10.770806312561035
		endloop
	endfacet
	facet normal -0.7287732895816564 0.2980803194246988 0.6164719097931394
		outer loop
			vertex -14.617795944213867 -4.457914352416992 9.792753219604492
			vertex -13.064030647277832 -4.0542521476745605 11.434383392333984
			vertex -12.503556251525879 -1.3115839958190918 10.770806312561035
		endloop
	endfacet
	facet normal -0.05357910688317733 0.24515328072673115 0.9680026592187244
		outer loop
			vertex -12.503556251525879 -1.3115839958190918 10.770806312561035
			vertex -13.064030647277832 -4.0542521476745605 11.434383392333984
			vertex -10.35373592376709 -2.056988477706909 11.078577995300293
		endloop
	endfacet
	facet normal -0.04364175032234058 0.23231976928749062 0.9716598800130681
		outer loop
			vertex -13.064030647277832 -4.0542521476745605 11.434383392333984
			vertex -10.772857666015625 -4.140084266662598 11.557812690734863
			vertex -10.35373592376709 -2.056988477706909 11.078577995300293
		endloop
	endfacet
	facet normal 0.6541514557842572 0.04212194668474675 0.7551897870752918
		outer loop
			vertex -10.35373592376709 -2.056988477706909 11.078577995300293
			vertex -10.772857666015625 -4.140084266662598 11.557812690734863
			vertex -8.718031883239746 -2.9061203002929688 9.70907974243164
		endloop
	endfacet
	facet normal 0.6604676161813089 0.024509543653344155 0.7504544025093624
		outer loop
			vertex -10.772857666015625 -4.140084266662598 11.557812690734863
			vertex -9.086413383483887 -4.66513204574585 10.090737342834473
			vertex -8.718031883239746 -2.9061203002929688 9.70907974243164
		endloop
	endfacet
	facet normal 0.9945017836571457 0.10410327853946194 0.011345029752773957
		outer loop
			vertex -9.086413383483887 -4.66513204574585 10.090737342834473
			vertex -8.8908109664917 -6.60481595993042 10.743049621582031
			vertex -8.992594718933105 -5.321829319000244 7.892550945281982
		endloop
	endfacet
	facet normal 0.995578828672941 0.09369600059127116 0.006622338817619538
		outer loop
			vertex -8.8908109664917 -6.60481595993042 10.743049621582031
			vertex -8.796425819396973 -7.457175254821777 8.613107681274414
			vertex -8.992594718933105 -5.321829319000244 7.892550945281982
		endloop
	endfacet
	facet normal 0.7362429548383334 -0.15467180817061535 -0.6588041766778292
		outer loop
			vertex -8.992594718933105 -5.321829319000244 7.892550945281982
			vertex -8.796425819396973 -7.457175254821777 8.613107681274414
			vertex -10.546359062194824 -5.725492000579834 6.25092077255249
		endloop
	endfacet
	facet normal 0.7315553676055052 -0.16358538832460195 -0.6618659719718665
		outer loop
			vertex -8.796425819396973 -7.457175254821777 8.613107681274414
			vertex -10.302375793457031 -8.453540802001953 7.194852352142334
			vertex -10.546359062194824 -5.725492000579834 6.25092077255249
		endloop
	endfacet
	facet normal 0.03880522128433463 -0.3236414657157475 -0.9453837085916156
		outer loop
			vertex -10.546359062194824 -5.725492000579834 6.25092077255249
			vertex -10.302375793457031 -8.453540802001953 7.194852352142334
			vertex -12.837532997131348 -5.639659404754639 6.127490997314453
		endloop
	endfacet
	facet normal 0.030088900413736953 -0.3306888627567077 -0.9432600564640525
		outer loop
			vertex -10.302375793457031 -8.453540802001953 7.194852352142334
			vertex -12.526496887207031 -9.01025676727295 7.319079399108887
			vertex -12.837532997131348 -5.639659404754639 6.127490997314453
		endloop
	endfacet
	facet normal -0.6775593189240982 -0.29992795337020867 -0.671533016408181
		outer loop
			vertex -12.837532997131348 -5.639659404754639 6.127490997314453
			vertex -12.526496887207031 -9.01025676727295 7.319079399108887
			vertex -14.523977279663086 -5.114611625671387 7.594566345214844
		endloop
	endfacet
	facet normal -0.6837907370184264 -0.3036928334866397 -0.6634763679715001
		outer loop
			vertex -12.526496887207031 -9.01025676727295 7.319079399108887
			vertex -14.16592788696289 -8.801204681396484 8.913017272949219
			vertex -14.523977279663086 -5.114611625671387 7.594566345214844
		endloop
	endfacet
	facet normal -0.9948095507293307 -0.10101042974576056 -0.012282135819316708
		outer loop
			vertex -14.523977279663086 -5.114611625671387 7.594566345214844
			vertex -14.16592788696289 -8.801204681396484 8.913017272949219
			vertex -14.617795944213867 -4.457914352416992 9.792753219604492
		endloop
	endfacet
	facet normal -0.9946876898814894 -0.10289793274510343 -0.0029008679753545264
		outer loop
			vertex -14.16592788696289 -8.801204681396484 8.913017272949219
			vertex -14.260313987731934 -7.948845386505127 11.042960166931152
			vertex -14.617795944213867 -4.457914352416992 9.792753219604492
		endloop
	endfacet
	facet normal -0.7362604509757856 0.16007268847281245 0.6574931807509632
		outer loop
			vertex -14.617795944213867 -4.457914352416992 9.792753219604492
			vertex -14.260313987731934 -7.948845386505127 11.042960166931152
			vertex -13.064030647277832 -4.0542521476745605 11.434383392333984
		endloop
	endfacet
	facet normal -0.7302595831139512 0.1574983782521658 0.6647670284529581
		outer loop
			vertex -14.260313987731934 -7.948845386505127 11.042960166931152
			vertex -12.754363059997559 -6.952479362487793 12.461215019226074
			vertex -13.064030647277832 -4.0542521476745605 11.434383392333984
		endloop
	endfacet
	facet normal -0.038445945981960834 0.3300567268041379 0.9431778550882602
		outer loop
			vertex -13.064030647277832 -4.0542521476745605 11.434383392333984
			vertex -12.754363059997559 -6.952479362487793 12.461215019226074
			vertex -10.772857666015625 -4.140084266662598 11.557812690734863
		endloop
	endfacet
	facet normal -0.028189353725412748 0.32365789126406974 0.9457541592607666
		outer loop
			vertex -12.754363059997559 -6.952479362487793 12.461215019226074
			vertex -10.530242919921875 -6.395764350891113 12.336987495422363
			vertex -10.772857666015625 -4.140084266662598 11.557812690734863
		endloop
	endfacet
	facet normal 0.6773754659663793 0.30421934811075335 0.6697858361759369
		outer loop
			vertex -10.772857666015625 -4.140084266662598 11.557812690734863
			vertex -10.530242919921875 -6.395764350891113 12.336987495422363
			vertex -9.086413383483887 -4.66513204574585 10.090737342834473
		endloop
	endfacet
	facet normal 0.6854008741749917 0.2932606547098369 0.6665011853547711
		outer loop
			vertex -10.530242919921875 -6.395764350891113 12.336987495422363
			vertex -8.8908109664917 -6.60481595993042 10.743049621582031
			vertex -9.086413383483887 -4.66513204574585 10.090737342834473
		endloop
	endfacet
	facet normal 0.924299839725198 0.3667122798007257 -0.10579182448246
		outer loop
			vertex -8.8908109664917 -6.60481595993042 10.743049621582031
			vertex -8.050127029418945 -8.470917701721191 11.619503021240234
			vertex -8.796425819396973 -7.457175254821777 8.613107681274414
		endloop
	endfacet
	facet normal 0.9256378550703342 0.3628408551747609 -0.1074293957761992
		outer loop
			vertex -8.050127029418945 -8.470917701721191 11.619503021240234
			vertex -7.8803606033325195 -9.508391380310059 9.578203201293945
			vertex -8.796425819396973 -7.457175254821777 8.613107681274414
		endloop
	endfacet
	facet normal 0.6949751182931027 -0.027680819260787207 -0.7185007704926555
		outer loop
			vertex -8.796425819396973 -7.457175254821777 8.613107681274414
			vertex -7.8803606033325195 -9.508391380310059 9.578203201293945
			vertex -10.302375793457031 -8.453540802001953 7.194852352142334
		endloop
	endfacet
	facet normal 0.6939850968081869 -0.031736229922265095 -0.719289578068842
		outer loop
			vertex -7.8803606033325195 -9.508391380310059 9.578203201293945
			vertex -9.149938583374023 -11.03153133392334 8.420492172241211
			vertex -10.302375793457031 -8.453540802001953 7.194852352142334
		endloop
	endfacet
	facet normal 0.0517210579709061 -0.40984284458447295 -0.9106886267573994
		outer loop
			vertex -10.302375793457031 -8.453540802001953 7.194852352142334
			vertex -9.149938583374023 -11.03153133392334 8.420492172241211
			vertex -12.526496887207031 -9.01025676727295 7.319079399108887
		endloop
	endfacet
	facet normal 0.04849488221954539 -0.4142430835325955 -0.908873431311489
		outer loop
			vertex -9.149938583374023 -11.03153133392334 8.420492172241211
			vertex -11.115159034729004 -12.148101806640625 8.824540138244629
			vertex -12.526496887207031 -9.01025676727295 7.319079399108887
		endloop
	endfacet
	facet normal -0.6178589103008031 -0.5482930903861594 -0.5635823400326692
		outer loop
			vertex -12.526496887207031 -9.01025676727295 7.319079399108887
			vertex -11.115159034729004 -12.148101806640625 8.824540138244629
			vertex -14.16592788696289 -8.801204681396484 8.913017272949219
		endloop
	endfacet
	facet normal -0.6200290935830145 -0.5503887273372481 -0.5591387769871715
		outer loop
			vertex -11.115159034729004 -12.148101806640625 8.824540138244629
			vertex -12.624823570251465 -12.204031944274902 10.553662300109863
			vertex -14.16592788696289 -8.801204681396484 8.913017272949219
		endloop
	endfacet
	facet normal -0.9240186396049458 -0.36734391637031494 0.10605659229083589
		outer loop
			vertex -14.16592788696289 -8.801204681396484 8.913017272949219
			vertex -12.624823570251465 -12.204031944274902 10.553662300109863
			vertex -14.260313987731934 -7.948845386505127 11.042960166931152
		endloop
	endfacet
	facet normal -0.9234590998530373 -0.36758477269127227 0.11002147873994396
		outer loop
			vertex -12.624823570251465 -12.204031944274902 10.553662300109863
			vertex -12.79458999633789 -11.166559219360352 12.594962120056152
			vertex -14.260313987731934 -7.948845386505127 11.042960166931152
		endloop
	endfacet
	facet normal -0.6955438533844474 0.02942376318780196 0.7178809025033209
		outer loop
			vertex -14.260313987731934 -7.948845386505127 11.042960166931152
			vertex -12.79458999633789 -11.166559219360352 12.594962120056152
			vertex -12.754363059997559 -6.952479362487793 12.461215019226074
		endloop
	endfacet
	facet normal -0.6925942728142883 0.0294858564430983 0.7207244671402965
		outer loop
			vertex -12.79458999633789 -11.166559219360352 12.594962120056152
			vertex -11.525012016296387 -9.64341926574707 13.752674102783203
			vertex -12.754363059997559 -6.952479362487793 12.461215019226074
		endloop
	endfacet
	facet normal -0.05245626934363223 0.41250380344401555 0.9094443094278888
		outer loop
			vertex -12.754363059997559 -6.952479362487793 12.461215019226074
			vertex -11.525012016296387 -9.64341926574707 13.752674102783203
			vertex -10.530242919921875 -6.395764350891113 12.336987495422363
		endloop
	endfacet
	facet normal -0.046371643055565244 0.41106744389536165 0.9104247510308918
		outer loop
			vertex -11.525012016296387 -9.64341926574707 13.752674102783203
			vertex -9.559791564941406 -8.526848793029785 13.348626136779785
			vertex -10.530242919921875 -6.395764350891113 12.336987495422363
		endloop
	endfacet
	facet normal 0.6176922710052135 0.5487128552606996 0.5633564243106424
		outer loop
			vertex -10.530242919921875 -6.395764350891113 12.336987495422363
			vertex -9.559791564941406 -8.526848793029785 13.348626136779785
			vertex -8.8908109664917 -6.60481595993042 10.743049621582031
		endloop
	endfacet
	facet normal 0.6230535469946508 0.5444484142138107 0.5615872165901317
		outer loop
			vertex -9.559791564941406 -8.526848793029785 13.348626136779785
			vertex -8.050127029418945 -8.470917701721191 11.619503021240234
			vertex -8.8908109664917 -6.60481595993042 10.743049621582031
		endloop
	endfacet
	facet normal 0.7784913293441422 0.5833151328503532 -0.23172118143097176
		outer loop
			vertex -8.050127029418945 -8.470917701721191 11.619503021240234
			vertex -6.607365608215332 -9.992313385009766 12.636777877807617
			vertex -7.8803606033325195 -9.508391380310059 9.578203201293945
		endloop
	endfacet
	facet normal 0.7782938024957886 0.5836311378347484 -0.23158897198779413
		outer loop
			vertex -6.607365608215332 -9.992313385009766 12.636777877807617
			vertex -6.2862868309021 -11.187841415405273 10.702947616577148
			vertex -7.8803606033325195 -9.508391380310059 9.578203201293945
		endloop
	endfacet
	facet normal 0.6240757335962203 0.07124283039123012 -0.7781092068946274
		outer loop
			vertex -7.8803606033325195 -9.508391380310059 9.578203201293945
			vertex -6.2862868309021 -11.187841415405273 10.702947616577148
			vertex -9.149938583374023 -11.03153133392334 8.420492172241211
		endloop
	endfacet
	facet normal 0.6240756659452418 0.07124885895347402 -0.7781087091614072
		outer loop
			vertex -6.2862868309021 -11.187841415405273 10.702947616577148
			vertex -7.156633377075195 -13.123910903930664 9.827613830566406
			vertex -9.149938583374023 -11.03153133392334 8.420492172241211
		endloop
	endfacet
	facet normal 0.09927306103003772 -0.48843844548566406 -0.866932952612412
		outer loop
			vertex -9.149938583374023 -11.03153133392334 8.420492172241211
			vertex -7.156633377075195 -13.123910903930664 9.827613830566406
			vertex -11.115159034729004 -12.148101806640625 8.824540138244629
		endloop
	endfacet
	facet normal 0.09866985097453969 -0.4900316378775819 -0.8661023348240534
		outer loop
			vertex -7.156633377075195 -13.123910903930664 9.827613830566406
			vertex -8.708568572998047 -14.666399002075195 10.523534774780273
			vertex -11.115159034729004 -12.148101806640625 8.824540138244629
		endloop
	endfacet
	facet normal -0.47958777025136046 -0.7573342882757572 -0.4432159140048797
		outer loop
			vertex -11.115159034729004 -12.148101806640625 8.824540138244629
			vertex -8.708568572998047 -14.666399002075195 10.523534774780273
			vertex -12.624823570251465 -12.204031944274902 10.553662300109863
		endloop
	endfacet
	facet normal -0.4799437240373614 -0.7579173477876355 -0.4418317730536196
		outer loop
			vertex -8.708568572998047 -14.666399002075195 10.523534774780273
			vertex -10.032988548278809 -14.911737442016602 12.383050918579102
			vertex -12.624823570251465 -12.204031944274902 10.553662300109863
		endloop
	endfacet
	facet normal -0.7763368664711023 -0.5856398513136487 0.23308160440317324
		outer loop
			vertex -12.624823570251465 -12.204031944274902 10.553662300109863
			vertex -10.032988548278809 -14.911737442016602 12.383050918579102
			vertex -12.79458999633789 -11.166559219360352 12.594962120056152
		endloop
	endfacet
	facet normal -0.7763210348696477 -0.5856322422455382 0.23315344231081547
		outer loop
			vertex -10.032988548278809 -14.911737442016602 12.383050918579102
			vertex -10.3540678024292 -13.716209411621094 14.31688117980957
			vertex -12.79458999633789 -11.166559219360352 12.594962120056152
		endloop
	endfacet
	facet normal -0.6238509368474745 -0.07154651645689242 0.7782615913543545
		outer loop
			vertex -12.79458999633789 -11.166559219360352 12.594962120056152
			vertex -10.3540678024292 -13.716209411621094 14.31688117980957
			vertex -11.525012016296387 -9.64341926574707 13.752674102783203
		endloop
	endfacet
	facet normal -0.6237475920339126 -0.07150479888146553 0.7783482544265239
		outer loop
			vertex -10.3540678024292 -13.716209411621094 14.31688117980957
			vertex -9.483721733093262 -11.780139923095703 15.192214965820312
			vertex -11.525012016296387 -9.64341926574707 13.752674102783203
		endloop
	endfacet
	facet normal -0.09953555004466254 0.4888131189156972 0.8666916458886721
		outer loop
			vertex -11.525012016296387 -9.64341926574707 13.752674102783203
			vertex -9.483721733093262 -11.780139923095703 15.192214965820312
			vertex -9.559791564941406 -8.526848793029785 13.348626136779785
		endloop
	endfacet
	facet normal -0.09726649829066548 0.4889639422726149 0.86686417129069
		outer loop
			vertex -9.483721733093262 -11.780139923095703 15.192214965820312
			vertex -7.93178653717041 -10.237651824951172 14.496293067932129
			vertex -9.559791564941406 -8.526848793029785 13.348626136779785
		endloop
	endfacet
	facet normal 0.4809643784275958 0.755784676840082 0.4443678531773981
		outer loop
			vertex -9.559791564941406 -8.526848793029785 13.348626136779785
			vertex -7.93178653717041 -10.237651824951172 14.496293067932129
			vertex -8.050127029418945 -8.470917701721191 11.619503021240234
		endloop
	endfacet
	facet normal 0.4831170153172517 0.7548135201474546 0.4436828814745489
		outer loop
			vertex -7.93178653717041 -10.237651824951172 14.496293067932129
			vertex -6.607365608215332 -9.992313385009766 12.636777877807617
			vertex -8.050127029418945 -8.470917701721191 11.619503021240234
		endloop
	endfacet
	facet normal 0.5748006197393118 0.7352774036860621 -0.3591258653675431
		outer loop
			vertex -6.607365608215332 -9.992313385009766 12.636777877807617
			vertex -4.7276458740234375 -10.946877479553223 13.69098949432373
			vertex -6.2862868309021 -11.187841415405273 10.702947616577148
		endloop
	endfacet
	facet normal 0.5735969533249883 0.7364756777583555 -0.3585946335441485
		outer loop
			vertex -4.7276458740234375 -10.946877479553223 13.69098949432373
			vertex -4.185490608215332 -12.25070858001709 11.880417823791504
			vertex -6.2862868309021 -11.187841415405273 10.702947616577148
		endloop
	endfacet
	facet normal 0.5358195123122558 0.13588846257929987 -0.8333257322099747
		outer loop
			vertex -6.2862868309021 -11.187841415405273 10.702947616577148
			vertex -4.185490608215332 -12.25070858001709 11.880417823791504
			vertex -7.156633377075195 -13.123910903930664 9.827613830566406
		endloop
	endfacet
	facet normal 0.5355397436493111 0.1368812180962207 -0.8333430956721998
		outer loop
			vertex -4.185490608215332 -12.25070858001709 11.880417823791504
			vertex -4.532556056976318 -14.44418716430664 11.297088623046875
			vertex -7.156633377075195 -13.123910903930664 9.827613830566406
		endloop
	endfacet
	facet normal 0.1803544686713715 -0.5495150612710362 -0.815785181936125
		outer loop
			vertex -7.156633377075195 -13.123910903930664 9.827613830566406
			vertex -4.532556056976318 -14.44418716430664 11.297088623046875
			vertex -8.708568572998047 -14.666399002075195 10.523534774780273
		endloop
	endfacet
	facet normal 0.1802940681641002 -0.5503918654277083 -0.8152072395752176
		outer loop
			vertex -4.532556056976318 -14.44418716430664 11.297088623046875
			vertex -5.5655364990234375 -16.24240493774414 12.282708168029785
			vertex -8.708568572998047 -14.666399002075195 10.523534774780273
		endloop
	endfacet
	facet normal -0.2772640968430477 -0.9069445249857032 -0.3171375871767119
		outer loop
			vertex -8.708568572998047 -14.666399002075195 10.523534774780273
			vertex -5.5655364990234375 -16.24240493774414 12.282708168029785
			vertex -10.032988548278809 -14.911737442016602 12.383050918579102
		endloop
	endfacet
	facet normal -0.277304696971559 -0.9071217704559572 -0.3165946913679405
		outer loop
			vertex -5.5655364990234375 -16.24240493774414 12.282708168029785
			vertex -6.679325580596924 -16.59198760986328 14.25991439819336
			vertex -10.032988548278809 -14.911737442016602 12.383050918579102
		endloop
	endfacet
	facet normal -0.5712897042114851 -0.7371570025405272 0.36087065198962803
		outer loop
			vertex -10.032988548278809 -14.911737442016602 12.383050918579102
			vertex -6.679325580596924 -16.59198760986328 14.25991439819336
			vertex -10.3540678024292 -13.716209411621094 14.31688117980957
		endloop
	endfacet
	facet normal -0.5715276730904034 -0.737442058803703 0.3599101676796934
		outer loop
			vertex -6.679325580596924 -16.59198760986328 14.25991439819336
			vertex -7.221480846405029 -15.288156509399414 16.070486068725586
			vertex -10.3540678024292 -13.716209411621094 14.31688117980957
		endloop
	endfacet
	facet normal -0.5351261265339649 -0.13636640770163186 0.8336931279261617
		outer loop
			vertex -10.3540678024292 -13.716209411621094 14.31688117980957
			vertex -7.221480846405029 -15.288156509399414 16.070486068725586
			vertex -9.483721733093262 -11.780139923095703 15.192214965820312
		endloop
	endfacet
	facet normal -0.5356842196402491 -0.1368353053757166 0.8332577728597268
		outer loop
			vertex -7.221480846405029 -15.288156509399414 16.070486068725586
			vertex -6.874415397644043 -13.094677925109863 16.6538143157959
			vertex -9.483721733093262 -11.780139923095703 15.192214965820312
		endloop
	endfacet
	facet normal -0.1802202033032943 0.5494221093437984 0.8158774565371509
		outer loop
			vertex -9.483721733093262 -11.780139923095703 15.192214965820312
			vertex -6.874415397644043 -13.094677925109863 16.6538143157959
			vertex -7.93178653717041 -10.237651824951172 14.496293067932129
		endloop
	endfacet
	facet normal -0.17884334226689205 0.5499114934086783 0.8158507267532734
		outer loop
			vertex -6.874415397644043 -13.094677925109863 16.6538143157959
			vertex -5.841434955596924 -11.29646110534668 15.668194770812988
			vertex -7.93178653717041 -10.237651824951172 14.496293067932129
		endloop
	endfacet
	facet normal 0.2799198624984258 0.9055297649096591 0.318842775426259
		outer loop
			vertex -7.93178653717041 -10.237651824951172 14.496293067932129
			vertex -5.841434955596924 -11.29646110534668 15.668194770812988
			vertex -6.607365608215332 -9.992313385009766 12.636777877807617
		endloop
	endfacet
	facet normal 0.2811410176324881 0.9052954634670565 0.31843343422218845
		outer loop
			vertex -5.841434955596924 -11.29646110534668 15.668194770812988
			vertex -4.7276458740234375 -10.946877479553223 13.69098949432373
			vertex -6.607365608215332 -9.992313385009766 12.636777877807617
		endloop
	endfacet
	facet normal 0.3346361083965151 0.809368292248877 -0.4826402826737245
		outer loop
			vertex -4.7276458740234375 -10.946877479553223 13.69098949432373
			vertex -2.661160707473755 -11.21554183959961 14.673236846923828
			vertex -4.185490608215332 -12.25070858001709 11.880417823791504
		endloop
	endfacet
	facet normal 0.3349844511400752 0.8091573964014004 -0.4827522401224977
		outer loop
			vertex -2.661160707473755 -11.21554183959961 14.673236846923828
			vertex -1.8444551229476929 -12.554266929626465 12.996070861816406
			vertex -4.185490608215332 -12.25070858001709 11.880417823791504
		endloop
	endfacet
	facet normal 0.44165474402017885 0.16466146776422727 -0.8819453997375353
		outer loop
			vertex -4.185490608215332 -12.25070858001709 11.880417823791504
			vertex -1.8444551229476929 -12.554266929626465 12.996070861816406
			vertex -4.532556056976318 -14.44418716430664 11.297088623046875
		endloop
	endfacet
	facet normal 0.44234707104246196 0.16355063359478988 -0.881805113951432
		outer loop
			vertex -1.8444551229476929 -12.554266929626465 12.996070861816406
			vertex -1.5940407514572144 -14.817634582519531 12.701895713806152
			vertex -4.532556056976318 -14.44418716430664 11.297088623046875
		endloop
	endfacet
	facet normal 0.289148714609109 -0.5824847683969441 -0.7596739533677974
		outer loop
			vertex -4.532556056976318 -14.44418716430664 11.297088623046875
			vertex -1.5940407514572144 -14.817634582519531 12.701895713806152
			vertex -5.5655364990234375 -16.24240493774414 12.282708168029785
		endloop
	endfacet
	facet normal 0.2898186607778732 -0.5849959842714059 -0.7574858693409726
		outer loop
			vertex -1.5940407514572144 -14.817634582519531 12.701895713806152
			vertex -2.0566070079803467 -16.679794311523438 13.963035583496094
			vertex -5.5655364990234375 -16.24240493774414 12.282708168029785
		endloop
	endfacet
	facet normal -0.030894331913070262 -0.9811284522910089 -0.19087299536784827
		outer loop
			vertex -5.5655364990234375 -16.24240493774414 12.282708168029785
			vertex -2.0566070079803467 -16.679794311523438 13.963035583496094
			vertex -6.679325580596924 -16.59198760986328 14.25991439819336
		endloop
	endfacet
	facet normal -0.030735715609785184 -0.9816397077003488 -0.18825195895907237
		outer loop
			vertex -2.0566070079803467 -16.679794311523438 13.963035583496094
			vertex -2.961188793182373 -17.049917221069336 16.04073143005371
			vertex -6.679325580596924 -16.59198760986328 14.25991439819336
		endloop
	endfacet
	facet normal -0.3315277410849489 -0.8098740711064003 0.48393527030033323
		outer loop
			vertex -6.679325580596924 -16.59198760986328 14.25991439819336
			vertex -2.961188793182373 -17.049917221069336 16.04073143005371
			vertex -7.221480846405029 -15.288156509399414 16.070486068725586
		endloop
	endfacet
	facet normal -0.33134828678852546 -0.8094540469777606 0.48476020739499087
		outer loop
			vertex -2.961188793182373 -17.049917221069336 16.04073143005371
			vertex -3.7778944969177246 -15.71119213104248 17.7178955078125
			vertex -7.221480846405029 -15.288156509399414 16.070486068725586
		endloop
	endfacet
	facet normal -0.4420515151549931 -0.16455092332328408 0.8817672320871476
		outer loop
			vertex -7.221480846405029 -15.288156509399414 16.070486068725586
			vertex -3.7778944969177246 -15.71119213104248 17.7178955078125
			vertex -6.874415397644043 -13.094677925109863 16.6538143157959
		endloop
	endfacet
	facet normal -0.44135583865729355 -0.16350699442000638 0.8823097451909127
		outer loop
			vertex -3.7778944969177246 -15.71119213104248 17.7178955078125
			vertex -4.028308868408203 -13.44782543182373 18.01207160949707
			vertex -6.874415397644043 -13.094677925109863 16.6538143157959
		endloop
	endfacet
	facet normal -0.29000322438248144 0.5827048260018246 0.7591793039868431
		outer loop
			vertex -6.874415397644043 -13.094677925109863 16.6538143157959
			vertex -4.028308868408203 -13.44782543182373 18.01207160949707
			vertex -5.841434955596924 -11.29646110534668 15.668194770812988
		endloop
	endfacet
	facet normal -0.28662361952491255 0.585015311107881 0.7586856967808131
		outer loop
			vertex -4.028308868408203 -13.44782543182373 18.01207160949707
			vertex -3.5657424926757812 -11.585665702819824 16.750930786132812
			vertex -5.841434955596924 -11.29646110534668 15.668194770812988
		endloop
	endfacet
	facet normal 0.033231326888002816 0.9808060860594696 0.1921330280351797
		outer loop
			vertex -5.841434955596924 -11.29646110534668 15.668194770812988
			vertex -3.5657424926757812 -11.585665702819824 16.750930786132812
			vertex -4.7276458740234375 -10.946877479553223 13.69098949432373
		endloop
	endfacet
	facet normal 0.03684625339442623 0.9809394502253725 0.1907882297269353
		outer loop
			vertex -3.5657424926757812 -11.585665702819824 16.750930786132812
			vertex -2.661160707473755 -11.21554183959961 14.673236846923828
			vertex -4.7276458740234375 -10.946877479553223 13.69098949432373
		endloop
	endfacet
	facet normal 0.08149491253801205 0.7979238200012074 -0.597223707420513
		outer loop
			vertex -2.661160707473755 -11.21554183959961 14.673236846923828
			vertex -0.6836732625961304 -10.809911727905273 15.485021591186523
			vertex -1.8444551229476929 -12.554266929626465 12.996070861816406
		endloop
	endfacet
	facet normal 0.08680934469299169 0.796337573874399 -0.5985905162210721
		outer loop
			vertex -0.6836732625961304 -10.809911727905273 15.485021591186523
			vertex 0.4332025945186615 -12.091705322265625 13.941754341125488
			vertex -1.8444551229476929 -12.554266929626465 12.996070861816406
		endloop
	endfacet
	facet normal 0.3509219208995412 0.15876980656535972 -0.922846657877339
		outer loop
			vertex -1.8444551229476929 -12.554266929626465 12.996070861816406
			vertex 0.4332025945186615 -12.091705322265625 13.941754341125488
			vertex -1.5940407514572144 -14.817634582519531 12.701895713806152
		endloop
	endfacet
	facet normal 0.3557466762274627 0.15465868971111638 -0.9216968004989242
		outer loop
			vertex 0.4332025945186615 -12.091705322265625 13.941754341125488
			vertex 1.2963142395019531 -14.219273567199707 13.917887687683105
			vertex -1.5940407514572144 -14.817634582519531 12.701895713806152
		endloop
	endfacet
	facet normal 0.4151417706267846 -0.5785906341180806 -0.702061385059523
		outer loop
			vertex -1.5940407514572144 -14.817634582519531 12.701895713806152
			vertex 1.2963142395019531 -14.219273567199707 13.917887687683105
			vertex -2.0566070079803467 -16.679794311523438 13.963035583496094
		endloop
	endfacet
	facet normal 0.4186507190462601 -0.5832626007973968 -0.6960864270714564
		outer loop
			vertex 1.2963142395019531 -14.219273567199707 13.917887687683105
			vertex 1.4000625610351562 -15.94631576538086 15.427403450012207
			vertex -2.0566070079803467 -16.679794311523438 13.963035583496094
		endloop
	endfacet
	facet normal 0.23542239914676577 -0.9693556816623836 -0.07018444563317844
		outer loop
			vertex -2.0566070079803467 -16.679794311523438 13.963035583496094
			vertex 1.4000625610351562 -15.94631576538086 15.427403450012207
			vertex -2.961188793182373 -17.049917221069336 16.04073143005371
		endloop
	endfacet
	facet normal 0.2365024627038957 -0.9695909886496319 -0.0629277352557849
		outer loop
			vertex 1.4000625610351562 -15.94631576538086 15.427403450012207
			vertex 0.6836732625961304 -16.26115608215332 17.58604621887207
			vertex -2.961188793182373 -17.049917221069336 16.04073143005371
		endloop
	endfacet
	facet normal -0.08068331357772889 -0.7977899211590234 0.5975127150171762
		outer loop
			vertex -2.961188793182373 -17.049917221069336 16.04073143005371
			vertex 0.6836732625961304 -16.26115608215332 17.58604621887207
			vertex -3.7778944969177246 -15.71119213104248 17.7178955078125
		endloop
	endfacet
	facet normal -0.08015183628087368 -0.794532248043038 0.6019087887383605
		outer loop
			vertex 0.6836732625961304 -16.26115608215332 17.58604621887207
			vertex -0.4332025945186615 -14.979362487792969 19.129314422607422
			vertex -3.7778944969177246 -15.71119213104248 17.7178955078125
		endloop
	endfacet
	facet normal -0.3541191693838259 -0.1589608744932447 0.9215915875566857
		outer loop
			vertex -3.7778944969177246 -15.71119213104248 17.7178955078125
			vertex -0.4332025945186615 -14.979362487792969 19.129314422607422
			vertex -4.028308868408203 -13.44782543182373 18.01207160949707
		endloop
	endfacet
	facet normal -0.3522104359564501 -0.1532411558793738 0.9232902885594114
		outer loop
			vertex -0.4332025945186615 -14.979362487792969 19.129314422607422
			vertex -1.2963142395019531 -12.851794242858887 19.153179168701172
			vertex -4.028308868408203 -13.44782543182373 18.01207160949707
		endloop
	endfacet
	facet normal -0.4186427876910297 0.578244374075606 0.7002654212255481
		outer loop
			vertex -4.028308868408203 -13.44782543182373 18.01207160949707
			vertex -1.2963142395019531 -12.851794242858887 19.153179168701172
			vertex -3.5657424926757812 -11.585665702819824 16.750930786132812
		endloop
	endfacet
	facet normal -0.41234289899464865 0.5853774963303349 0.6980734348467342
		outer loop
			vertex -1.2963142395019531 -12.851794242858887 19.153179168701172
			vertex -1.4000625610351562 -11.124752044677734 17.643665313720703
			vertex -3.5657424926757812 -11.585665702819824 16.750930786132812
		endloop
	endfacet
	facet normal -0.23527193909836125 0.969387024237373 0.0702560453847789
		outer loop
			vertex -3.5657424926757812 -11.585665702819824 16.750930786132812
			vertex -1.4000625610351562 -11.124752044677734 17.643665313720703
			vertex -2.661160707473755 -11.21554183959961 14.673236846923828
		endloop
	endfacet
	facet normal -0.22662564867347626 0.9717081154859495 0.06651431170861645
		outer loop
			vertex -1.4000625610351562 -11.124752044677734 17.643665313720703
			vertex -0.6836732625961304 -10.809911727905273 15.485021591186523
			vertex -2.661160707473755 -11.21554183959961 14.673236846923828
		endloop
	endfacet
	facet normal -0.15998693999290073 0.6993503388175255 -0.6966443013672905
		outer loop
			vertex -0.6836732625961304 -10.809911727905273 15.485021591186523
			vertex 0.9684807658195496 -9.865135192871094 16.054044723510742
			vertex 0.4332025945186615 -12.091705322265625 13.941754341125488
		endloop
	endfacet
	facet normal -0.14809605517726263 0.6991609848731962 -0.699457987067183
		outer loop
			vertex 0.9684807658195496 -9.865135192871094 16.054044723510742
			vertex 2.372136354446411 -10.993062019348145 14.629401206970215
			vertex 0.4332025945186615 -12.091705322265625 13.941754341125488
		endloop
	endfacet
	facet normal 0.27049807431206724 0.12045038256375525 -0.9551557449618928
		outer loop
			vertex 0.4332025945186615 -12.091705322265625 13.941754341125488
			vertex 2.372136354446411 -10.993062019348145 14.629401206970215
			vertex 1.2963142395019531 -14.219273567199707 13.917887687683105
		endloop
	endfacet
	facet normal 0.2817387287342985 0.11610326427973534 -0.9524407177114864
		outer loop
			vertex 2.372136354446411 -10.993062019348145 14.629401206970215
			vertex 3.79839825630188 -12.780869483947754 14.833364486694336
			vertex 1.2963142395019531 -14.219273567199707 13.917887687683105
		endloop
	endfacet
	facet normal 0.5437529225758021 -0.5335506205196239 -0.6478089954094479
		outer loop
			vertex 1.2963142395019531 -14.219273567199707 13.917887687683105
			vertex 3.79839825630188 -12.780869483947754 14.833364486694336
			vertex 1.4000625610351562 -15.94631576538086 15.427403450012207
		endloop
	endfacet
	facet normal 0.5519645618366584 -0.5377943698551717 -0.6372694392708196
		outer loop
			vertex 3.79839825630188 -12.780869483947754 14.833364486694336
			vertex 4.4117817878723145 -14.181282997131348 16.54645538330078
			vertex 1.4000625610351562 -15.94631576538086 15.427403450012207
		endloop
	endfacet
	facet normal 0.49482993363619004 -0.8681762258647161 0.03759491482768891
		outer loop
			vertex 1.4000625610351562 -15.94631576538086 15.427403450012207
			vertex 4.4117817878723145 -14.181282997131348 16.54645538330078
			vertex 0.6836732625961304 -16.26115608215332 17.58604621887207
		endloop
	endfacet
	facet normal 0.4971872093524584 -0.8662014493585081 0.049999279850160325
		outer loop
			vertex 4.4117817878723145 -14.181282997131348 16.54645538330078
			vertex 3.8529751300811768 -14.373960494995117 18.765167236328125
			vertex 0.6836732625961304 -16.26115608215332 17.58604621887207
		endloop
	endfacet
	facet normal 0.1580589976792933 -0.7003505498502721 0.6960793493395985
		outer loop
			vertex 0.6836732625961304 -16.26115608215332 17.58604621887207
			vertex 3.8529751300811768 -14.373960494995117 18.765167236328125
			vertex -0.4332025945186615 -14.979362487792969 19.129314422607422
		endloop
	endfacet
	facet normal 0.15763487071804586 -0.6927266640277155 0.7037620453525023
		outer loop
			vertex 3.8529751300811768 -14.373960494995117 18.765167236328125
			vertex 2.44931960105896 -13.24603271484375 20.18981170654297
			vertex -0.4332025945186615 -14.979362487792969 19.129314422607422
		endloop
	endfacet
	facet normal -0.27670610200797335 -0.12294446120741302 0.9530573920651223
		outer loop
			vertex -0.4332025945186615 -14.979362487792969 19.129314422607422
			vertex 2.44931960105896 -13.24603271484375 20.18981170654297
			vertex -1.2963142395019531 -12.851794242858887 19.153179168701172
		endloop
	endfacet
	facet normal -0.2759317667449837 -0.11121097967942999 0.9547218328391436
		outer loop
			vertex 2.44931960105896 -13.24603271484375 20.18981170654297
			vertex 1.0230575799942017 -11.458226203918457 19.985849380493164
			vertex -1.2963142395019531 -12.851794242858887 19.153179168701172
		endloop
	endfacet
	facet normal -0.5502491164067252 0.5305285367200699 0.6447987140335187
		outer loop
			vertex -1.2963142395019531 -12.851794242858887 19.153179168701172
			vertex 1.0230575799942017 -11.458226203918457 19.985849380493164
			vertex -1.4000625610351562 -11.124752044677734 17.643665313720703
		endloop
	endfacet
	facet normal -0.5431242235665454 0.5442497192806739 0.639381201505131
		outer loop
			vertex 1.0230575799942017 -11.458226203918457 19.985849380493164
			vertex 0.4096740484237671 -10.057812690734863 18.27275848388672
			vertex -1.4000625610351562 -11.124752044677734 17.643665313720703
		endloop
	endfacet
	facet normal -0.4974677234605837 0.8666189316326676 -0.03869743467980902
		outer loop
			vertex -1.4000625610351562 -11.124752044677734 17.643665313720703
			vertex 0.4096740484237671 -10.057812690734863 18.27275848388672
			vertex -0.6836732625961304 -10.809911727905273 15.485021591186523
		endloop
	endfacet
	facet normal -0.48390471311973154 0.873911705654333 -0.04598433799507335
		outer loop
			vertex 0.4096740484237671 -10.057812690734863 18.27275848388672
			vertex 0.9684807658195496 -9.865135192871094 16.054044723510742
			vertex -0.6836732625961304 -10.809911727905273 15.485021591186523
		endloop
	endfacet
	facet normal -0.3651045301515423 0.5205326401152943 -0.7718448371514985
		outer loop
			vertex 0.9684807658195496 -9.865135192871094 16.054044723510742
			vertex 2.1490888595581055 -8.596731185913086 16.350996017456055
			vertex 2.372136354446411 -10.993062019348145 14.629401206970215
		endloop
	endfacet
	facet normal -0.35196124309534943 0.5243029653184559 -0.7753900205168045
		outer loop
			vertex 2.1490888595581055 -8.596731185913086 16.350996017456055
			vertex 3.7787375450134277 -9.49354076385498 15.00486946105957
			vertex 2.372136354446411 -10.993062019348145 14.629401206970215
		endloop
	endfacet
	facet normal 0.2052146195637387 0.05221578243729616 -0.9773231154443095
		outer loop
			vertex 2.372136354446411 -10.993062019348145 14.629401206970215
			vertex 3.7787375450134277 -9.49354076385498 15.00486946105957
			vertex 3.79839825630188 -12.780869483947754 14.833364486694336
		endloop
	endfacet
	facet normal 0.21829658333235824 0.052146124111300596 -0.9744882674745693
		outer loop
			vertex 3.7787375450134277 -9.49354076385498 15.00486946105957
			vertex 5.655228614807129 -10.769034385681152 15.356971740722656
			vertex 3.79839825630188 -12.780869483947754 14.833364486694336
		endloop
	endfacet
	facet normal 0.657995436201375 -0.4501974226045943 -0.6036259492585971
		outer loop
			vertex 3.79839825630188 -12.780869483947754 14.833364486694336
			vertex 5.655228614807129 -10.769034385681152 15.356971740722656
			vertex 4.4117817878723145 -14.181282997131348 16.54645538330078
		endloop
	endfacet
	facet normal 0.6682104162005564 -0.4500184577950404 -0.5924341544212764
		outer loop
			vertex 5.655228614807129 -10.769034385681152 15.356971740722656
			vertex 6.679338455200195 -11.676045417785645 17.201045989990234
			vertex 4.4117817878723145 -14.181282997131348 16.54645538330078
		endloop
	endfacet
	facet normal 0.7198070364275115 -0.6833792575863102 0.12194515410719098
		outer loop
			vertex 4.4117817878723145 -14.181282997131348 16.54645538330078
			vertex 6.679338455200195 -11.676045417785645 17.201045989990234
			vertex 3.8529751300811768 -14.373960494995117 18.765167236328125
		endloop
	endfacet
	facet normal 0.7222153347468165 -0.6783824323372607 0.13491584692958
		outer loop
			vertex 6.679338455200195 -11.676045417785645 17.201045989990234
			vertex 6.251158237457275 -11.683259010314941 19.456857681274414
			vertex 3.8529751300811768 -14.373960494995117 18.765167236328125
		endloop
	endfacet
	facet normal 0.36340199555764513 -0.5222236115372055 0.7715059877782929
		outer loop
			vertex 3.8529751300811768 -14.373960494995117 18.765167236328125
			vertex 6.251158237457275 -11.683259010314941 19.456857681274414
			vertex 2.44931960105896 -13.24603271484375 20.18981170654297
		endloop
	endfacet
	facet normal 0.3610075628960672 -0.5129784373149396 0.7787982167299593
		outer loop
			vertex 6.251158237457275 -11.683259010314941 19.456857681274414
			vertex 4.621509552001953 -10.786449432373047 20.802982330322266
			vertex 2.44931960105896 -13.24603271484375 20.18981170654297
		endloop
	endfacet
	facet normal -0.21095656200741358 -0.05696698684842118 0.9758340490859212
		outer loop
			vertex 2.44931960105896 -13.24603271484375 20.18981170654297
			vertex 4.621509552001953 -10.786449432373047 20.802982330322266
			vertex 1.0230575799942017 -11.458226203918457 19.985849380493164
		endloop
	endfacet
	facet normal -0.21332806677061253 -0.044428959677057275 0.9759698783619952
		outer loop
			vertex 4.621509552001953 -10.786449432373047 20.802982330322266
			vertex 2.745018482208252 -9.510955810546875 20.450881958007812
			vertex 1.0230575799942017 -11.458226203918457 19.985849380493164
		endloop
	endfacet
	facet normal -0.6645192654889946 0.44410832228205005 0.6009841461085227
		outer loop
			vertex 1.0230575799942017 -11.458226203918457 19.985849380493164
			vertex 2.745018482208252 -9.510955810546875 20.450881958007812
			vertex 0.4096740484237671 -10.057812690734863 18.27275848388672
		endloop
	endfacet
	facet normal -0.6608899736082898 0.45976408944668795 0.5931622247238035
		outer loop
			vertex 2.745018482208252 -9.510955810546875 20.450881958007812
			vertex 1.7209084033966064 -8.603944778442383 18.606807708740234
			vertex 0.4096740484237671 -10.057812690734863 18.27275848388672
		endloop
	endfacet
	facet normal -0.7227416330965886 0.6800904079283603 -0.12296978829254257
		outer loop
			vertex 0.4096740484237671 -10.057812690734863 18.27275848388672
			vertex 1.7209084033966064 -8.603944778442383 18.606807708740234
			vertex 0.9684807658195496 -9.865135192871094 16.054044723510742
		endloop
	endfacet
	facet normal -0.7098651451055308 0.6917568620206169 -0.132528938770719
		outer loop
			vertex 1.7209084033966064 -8.603944778442383 18.606807708740234
			vertex 2.1490888595581055 -8.596731185913086 16.350996017456055
			vertex 0.9684807658195496 -9.865135192871094 16.054044723510742
		endloop
	endfacet
	facet normal -0.5129260910422535 0.2839302826915562 -0.8101175344965735
		outer loop
			vertex 2.1490888595581055 -8.596731185913086 16.350996017456055
			vertex 2.8183529376983643 -7.226213455200195 16.407590866088867
			vertex 3.7787375450134277 -9.49354076385498 15.00486946105957
		endloop
	endfacet
	facet normal -0.5177754196600893 0.2806692885673846 -0.8081666692278869
		outer loop
			vertex 2.8183529376983643 -7.226213455200195 16.407590866088867
			vertex 4.5627522468566895 -7.877148628234863 15.063926696777344
			vertex 3.7787375450134277 -9.49354076385498 15.00486946105957
		endloop
	endfacet
	facet normal 0.15766059573850105 -0.040422417223351985 -0.9866656803280441
		outer loop
			vertex 3.7787375450134277 -9.49354076385498 15.00486946105957
			vertex 4.5627522468566895 -7.877148628234863 15.063926696777344
			vertex 5.655228614807129 -10.769034385681152 15.356971740722656
		endloop
	endfacet
	facet normal 0.15188674251516474 -0.042685709857509344 -0.9874757453335716
		outer loop
			vertex 4.5627522468566895 -7.877148628234863 15.063926696777344
			vertex 6.729311943054199 -8.545690536499023 15.426071166992188
			vertex 5.655228614807129 -10.769034385681152 15.356971740722656
		endloop
	endfacet
	facet normal 0.7411448184377704 -0.34005221438666056 -0.578851319073882
		outer loop
			vertex 5.655228614807129 -10.769034385681152 15.356971740722656
			vertex 6.729311943054199 -8.545690536499023 15.426071166992188
			vertex 6.679338455200195 -11.676045417785645 17.201045989990234
		endloop
	endfacet
	facet normal 0.7398206777585596 -0.3407560472542942 -0.5801298828887328
		outer loop
			vertex 6.729311943054199 -8.545690536499023 15.426071166992188
			vertex 8.048891067504883 -8.840215682983398 17.281885147094727
			vertex 6.679338455200195 -11.676045417785645 17.201045989990234
		endloop
	endfacet
	facet normal 0.8860016170821706 -0.43264551422608 0.16679026814484646
		outer loop
			vertex 6.679338455200195 -11.676045417785645 17.201045989990234
			vertex 8.048891067504883 -8.840215682983398 17.281885147094727
			vertex 6.251158237457275 -11.683259010314941 19.456857681274414
		endloop
	endfacet
	facet normal 0.8858732778624875 -0.4332549553165389 0.16588755005375178
		outer loop
			vertex 8.048891067504883 -8.840215682983398 17.281885147094727
			vertex 7.748497486114502 -8.58819580078125 19.54425811767578
			vertex 6.251158237457275 -11.683259010314941 19.456857681274414
		endloop
	endfacet
	facet normal 0.5185094434502596 -0.27372158515842465 0.8100768178828854
		outer loop
			vertex 6.251158237457275 -11.683259010314941 19.456857681274414
			vertex 7.748497486114502 -8.58819580078125 19.54425811767578
			vertex 4.621509552001953 -10.786449432373047 20.802982330322266
		endloop
	endfacet
	facet normal 0.5196554713140537 -0.27626820430127275 0.8084763882919025
		outer loop
			vertex 7.748497486114502 -8.58819580078125 19.54425811767578
			vertex 6.004098415374756 -7.937260627746582 20.887920379638672
			vertex 4.621509552001953 -10.786449432373047 20.802982330322266
		endloop
	endfacet
	facet normal -0.15429959353962064 0.045451851113891405 0.9869780973577016
		outer loop
			vertex 4.621509552001953 -10.786449432373047 20.802982330322266
			vertex 6.004098415374756 -7.937260627746582 20.887920379638672
			vertex 2.745018482208252 -9.510955810546875 20.450881958007812
		endloop
	endfacet
	facet normal -0.15233164194629661 0.0412400438681039 0.9874686474231484
		outer loop
			vertex 6.004098415374756 -7.937260627746582 20.887920379638672
			vertex 3.837538480758667 -7.26871919631958 20.525775909423828
			vertex 2.745018482208252 -9.510955810546875 20.450881958007812
		endloop
	endfacet
	facet normal -0.7403552791385479 0.34139301890093804 0.5790724197346878
		outer loop
			vertex 2.745018482208252 -9.510955810546875 20.450881958007812
			vertex 3.837538480758667 -7.26871919631958 20.525775909423828
			vertex 1.7209084033966064 -8.603944778442383 18.606807708740234
		endloop
	endfacet
	facet normal -0.7402714877445246 0.3395539293773763 0.580259643157175
		outer loop
			vertex 3.837538480758667 -7.26871919631958 20.525775909423828
			vertex 2.5179595947265625 -6.974193572998047 18.66996192932129
			vertex 1.7209084033966064 -8.603944778442383 18.606807708740234
		endloop
	endfacet
	facet normal -0.8832630408785632 0.43841377657485403 -0.1662521011215423
		outer loop
			vertex 1.7209084033966064 -8.603944778442383 18.606807708740234
			vertex 2.5179595947265625 -6.974193572998047 18.66996192932129
			vertex 2.1490888595581055 -8.596731185913086 16.350996017456055
		endloop
	endfacet
	facet normal -0.8833766449545336 0.438238252449789 -0.166111219484498
		outer loop
			vertex 2.5179595947265625 -6.974193572998047 18.66996192932129
			vertex 2.8183529376983643 -7.226213455200195 16.407590866088867
			vertex 2.1490888595581055 -8.596731185913086 16.350996017456055
		endloop
	endfacet
	facet normal -0.6001134811064305 0.04083092589557277 -0.7988721082155968
		outer loop
			vertex 2.8183529376983643 -7.226213455200195 16.407590866088867
			vertex 3.0148138999938965 -5.881187915802002 16.328754425048828
			vertex 4.5627522468566895 -7.877148628234863 15.063926696777344
		endloop
	endfacet
	facet normal -0.6543193230137843 -0.028579376758152013 -0.7556781343633668
		outer loop
			vertex 3.0148138999938965 -5.881187915802002 16.328754425048828
			vertex 4.714826583862305 -6.403750419616699 14.876526832580566
			vertex 4.5627522468566895 -7.877148628234863 15.063926696777344
		endloop
	endfacet
	facet normal 0.12184531950993673 -0.13759829155653805 -0.9829651205786721
		outer loop
			vertex 4.5627522468566895 -7.877148628234863 15.063926696777344
			vertex 4.714826583862305 -6.403750419616699 14.876526832580566
			vertex 6.729311943054199 -8.545690536499023 15.426071166992188
		endloop
	endfacet
	facet normal 0.055580223548323864 -0.1987669112349149 -0.9784694955635818
		outer loop
			vertex 4.714826583862305 -6.403750419616699 14.876526832580566
			vertex 7.002530097961426 -6.524654865264893 15.031036376953125
			vertex 6.729311943054199 -8.545690536499023 15.426071166992188
		endloop
	endfacet
	facet normal 0.7781384180013284 -0.22017240123229334 -0.5882386557903143
		outer loop
			vertex 6.729311943054199 -8.545690536499023 15.426071166992188
			vertex 7.002530097961426 -6.524654865264893 15.031036376953125
			vertex 8.048891067504883 -8.840215682983398 17.281885147094727
		endloop
	endfacet
	facet normal 0.7366240339416847 -0.26991033777730694 -0.6201076053238017
		outer loop
			vertex 7.002530097961426 -6.524654865264893 15.031036376953125
			vertex 8.537818908691406 -6.173077583312988 16.701772689819336
			vertex 8.048891067504883 -8.840215682983398 17.281885147094727
		endloop
	endfacet
	facet normal 0.9781814548315145 -0.14749262412622727 0.14631120002262687
		outer loop
			vertex 8.048891067504883 -8.840215682983398 17.281885147094727
			vertex 8.537818908691406 -6.173077583312988 16.701772689819336
			vertex 7.748497486114502 -8.58819580078125 19.54425811767578
		endloop
	endfacet
	facet normal 0.9752378468679106 -0.19420951697139302 0.10580078238926392
		outer loop
			vertex 8.537818908691406 -6.173077583312988 16.701772689819336
			vertex 8.421340942382812 -5.554967403411865 18.91004180908203
			vertex 7.748497486114502 -8.58819580078125 19.54425811767578
		endloop
	endfacet
	facet normal 0.6164787539313328 0.027778752466389542 0.7868813677185924
		outer loop
			vertex 7.748497486114502 -8.58819580078125 19.54425811767578
			vertex 8.421340942382812 -5.554967403411865 18.91004180908203
			vertex 6.004098415374756 -7.937260627746582 20.887920379638672
		endloop
	endfacet
	facet normal 0.6455873228738117 -0.021259962029365836 0.7633904784310157
		outer loop
			vertex 8.421340942382812 -5.554967403411865 18.91004180908203
			vertex 6.7213287353515625 -5.032404899597168 20.362268447875977
			vertex 6.004098415374756 -7.937260627746582 20.887920379638672
		endloop
	endfacet
	facet normal -0.10078036572328009 0.2011986022794468 0.9743523183764069
		outer loop
			vertex 6.004098415374756 -7.937260627746582 20.887920379638672
			vertex 6.7213287353515625 -5.032404899597168 20.362268447875977
			vertex 3.837538480758667 -7.26871919631958 20.525775909423828
		endloop
	endfacet
	facet normal -0.05885040103084441 0.1480698679793351 0.9872243638074838
		outer loop
			vertex 6.7213287353515625 -5.032404899597168 20.362268447875977
			vertex 4.433625221252441 -4.911499977111816 20.207759857177734
			vertex 3.837538480758667 -7.26871919631958 20.525775909423828
		endloop
	endfacet
	facet normal -0.763317064089977 0.2720750625154519 0.5859370444222408
		outer loop
			vertex 3.837538480758667 -7.26871919631958 20.525775909423828
			vertex 4.433625221252441 -4.911499977111816 20.207759857177734
			vertex 2.5179595947265625 -6.974193572998047 18.66996192932129
		endloop
	endfacet
	facet normal -0.7412753503398563 0.21420402605774716 0.6361033643985664
		outer loop
			vertex 4.433625221252441 -4.911499977111816 20.207759857177734
			vertex 2.89833664894104 -5.263077735900879 18.53702163696289
			vertex 2.5179595947265625 -6.974193572998047 18.66996192932129
		endloop
	endfacet
	facet normal -0.9673860177792702 0.203308713577148 -0.15109553133289838
		outer loop
			vertex 2.5179595947265625 -6.974193572998047 18.66996192932129
			vertex 2.89833664894104 -5.263077735900879 18.53702163696289
			vertex 2.8183529376983643 -7.226213455200195 16.407590866088867
		endloop
	endfacet
	facet normal -0.9861564994274036 0.13871813544026979 -0.09084402862634733
		outer loop
			vertex 2.89833664894104 -5.263077735900879 18.53702163696289
			vertex 3.0148138999938965 -5.881187915802002 16.328754425048828
			vertex 2.8183529376983643 -7.226213455200195 16.407590866088867
		endloop
	endfacet
	facet normal -0.6679179690246408 -0.1433482711207284 -0.7302991577570777
		outer loop
			vertex 3.0148138999938965 -5.881187915802002 16.328754425048828
			vertex 2.8283703327178955 -4.481420040130615 16.224515914916992
			vertex 4.714826583862305 -6.403750419616699 14.876526832580566
		endloop
	endfacet
	facet normal -0.76315771589911 -0.38495070803248516 -0.5190407046166435
		outer loop
			vertex 2.8283703327178955 -4.481420040130615 16.224515914916992
			vertex 4.289454936981201 -5.1880574226379395 14.600332260131836
			vertex 4.714826583862305 -6.403750419616699 14.876526832580566
		endloop
	endfacet
	facet normal 0.05531471643138619 -0.20276197652953634 -0.9776644940980271
		outer loop
			vertex 4.714826583862305 -6.403750419616699 14.876526832580566
			vertex 4.289454936981201 -5.1880574226379395 14.600332260131836
			vertex 7.002530097961426 -6.524654865264893 15.031036376953125
		endloop
	endfacet
	facet normal -0.09208287321457874 -0.46982171143179885 -0.8779455016843832
		outer loop
			vertex 4.289454936981201 -5.1880574226379395 14.600332260131836
			vertex 6.563521862030029 -5.077754497528076 14.302790641784668
			vertex 7.002530097961426 -6.524654865264893 15.031036376953125
		endloop
	endfacet
	facet normal 0.7432107452063816 -0.10691879880561421 -0.6604590514723373
		outer loop
			vertex 7.002530097961426 -6.524654865264893 15.031036376953125
			vertex 6.563521862030029 -5.077754497528076 14.302790641784668
			vertex 8.537818908691406 -6.173077583312988 16.701772689819336
		endloop
	endfacet
	facet normal 0.6403851602567694 -0.34673708860123 -0.6853322098889374
		outer loop
			vertex 6.563521862030029 -5.077754497528076 14.302790641784668
			vertex 8.318453788757324 -4.215124607086182 15.506187438964844
			vertex 8.537818908691406 -6.173077583312988 16.701772689819336
		endloop
	endfacet
	facet normal 0.9923342834310748 0.12224638854543016 0.01812430453659197
		outer loop
			vertex 8.537818908691406 -6.173077583312988 16.701772689819336
			vertex 8.318453788757324 -4.215124607086182 15.506187438964844
			vertex 8.421340942382812 -5.554967403411865 18.91004180908203
		endloop
	endfacet
	facet normal 0.9951688922624433 -0.07731179134294704 -0.060512501125688185
		outer loop
			vertex 8.318453788757324 -4.215124607086182 15.506187438964844
			vertex 8.52623462677002 -3.1054844856262207 17.50558853149414
			vertex 8.421340942382812 -5.554967403411865 18.91004180908203
		endloop
	endfacet
	facet normal 0.6684525847745905 0.348199201459952 0.657212642917664
		outer loop
			vertex 8.421340942382812 -5.554967403411865 18.91004180908203
			vertex 8.52623462677002 -3.1054844856262207 17.50558853149414
			vertex 6.7213287353515625 -5.032404899597168 20.362268447875977
		endloop
	endfacet
	facet normal 0.7693197468664816 0.18564669380271506 0.6112956994461957
		outer loop
			vertex 8.52623462677002 -3.1054844856262207 17.50558853149414
			vertex 7.065149784088135 -2.3988468647003174 19.129772186279297
			vertex 6.7213287353515625 -5.032404899597168 20.362268447875977
		endloop
	endfacet
	facet normal -0.038393265304258954 0.4276692889030886 0.903119558258154
		outer loop
			vertex 6.7213287353515625 -5.032404899597168 20.362268447875977
			vertex 7.065149784088135 -2.3988468647003174 19.129772186279297
			vertex 4.433625221252441 -4.911499977111816 20.207759857177734
		endloop
	endfacet
	facet normal 0.11012292722786053 0.2922335338294781 0.9499855275762377
		outer loop
			vertex 7.065149784088135 -2.3988468647003174 19.129772186279297
			vertex 4.791083335876465 -2.5091500282287598 19.42731475830078
			vertex 4.433625221252441 -4.911499977111816 20.207759857177734
		endloop
	endfacet
	facet normal -0.7321396618086454 0.3065479314549046 0.6082761554815719
		outer loop
			vertex 4.433625221252441 -4.911499977111816 20.207759857177734
			vertex 4.791083335876465 -2.5091500282287598 19.42731475830078
			vertex 2.89833664894104 -5.263077735900879 18.53702163696289
		endloop
	endfacet
	facet normal -0.6132797433320962 0.1723016577462902 0.7708437553463079
		outer loop
			vertex 4.791083335876465 -2.5091500282287598 19.42731475830078
			vertex 3.03615140914917 -3.3717799186706543 18.22391700744629
			vertex 2.89833664894104 -5.263077735900879 18.53702163696289
		endloop
	endfacet
	facet normal -0.9957060390919664 0.06103217112764278 -0.06960285772318263
		outer loop
			vertex 2.89833664894104 -5.263077735900879 18.53702163696289
			vertex 3.03615140914917 -3.3717799186706543 18.22391700744629
			vertex 3.0148138999938965 -5.881187915802002 16.328754425048828
		endloop
	endfacet
	facet normal -0.9788492000647816 -0.1179297461001309 0.16717301970502257
		outer loop
			vertex 3.03615140914917 -3.3717799186706543 18.22391700744629
			vertex 2.8283703327178955 -4.481420040130615 16.224515914916992
			vertex 3.0148138999938965 -5.881187915802002 16.328754425048828
		endloop
	endfacet
	facet normal -0.7703731364536115 -0.3011509139707892 -0.5619905316330374
		outer loop
			vertex 2.8283703327178955 -4.481420040130615 16.224515914916992
			vertex 2.462460994720459 -2.8504152297973633 15.852104187011719
			vertex 4.289454936981201 -5.1880574226379395 14.600332260131836
		endloop
	endfacet
	facet normal -0.8155746186835792 -0.560578732504277 -0.1434905084771568
		outer loop
			vertex 2.462460994720459 -2.8504152297973633 15.852104187011719
			vertex 3.5706400871276855 -4.049441814422607 14.23768424987793
			vertex 4.289454936981201 -5.1880574226379395 14.600332260131836
		endloop
	endfacet
	facet normal -0.10377723800355258 -0.36072572814058396 -0.9268803773571862
		outer loop
			vertex 4.289454936981201 -5.1880574226379395 14.600332260131836
			vertex 3.5706400871276855 -4.049441814422607 14.23768424987793
			vertex 6.563521862030029 -5.077754497528076 14.302790641784668
		endloop
	endfacet
	facet normal -0.24611990285964097 -0.754821707683584 -0.6080042623419667
		outer loop
			vertex 3.5706400871276855 -4.049441814422607 14.23768424987793
			vertex 5.749207019805908 -4.186111927032471 13.525473594665527
			vertex 6.563521862030029 -5.077754497528076 14.302790641784668
		endloop
	endfacet
	facet normal 0.6041782995543631 -0.1331328752532956 -0.7856489164215712
		outer loop
			vertex 6.563521862030029 -5.077754497528076 14.302790641784668
			vertex 5.749207019805908 -4.186111927032471 13.525473594665527
			vertex 8.318453788757324 -4.215124607086182 15.506187438964844
		endloop
	endfacet
	facet normal 0.4943718011089452 -0.5774561898184338 -0.6497236882773126
		outer loop
			vertex 5.749207019805908 -4.186111927032471 13.525473594665527
			vertex 7.721986770629883 -3.180366277694702 14.132674217224121
			vertex 8.318453788757324 -4.215124607086182 15.506187438964844
		endloop
	endfacet
	facet normal 0.9435182317079318 0.23822627279471356 -0.23026417303843913
		outer loop
			vertex 8.318453788757324 -4.215124607086182 15.506187438964844
			vertex 7.721986770629883 -3.180366277694702 14.132674217224121
			vertex 8.52623462677002 -3.1054844856262207 17.50558853149414
		endloop
	endfacet
	facet normal 0.9625361847293084 -0.14953971732755209 -0.22619011036812123
		outer loop
			vertex 7.721986770629883 -3.180366277694702 14.132674217224121
			vertex 8.333352088928223 -1.6213569641113281 15.703598022460938
			vertex 8.52623462677002 -3.1054844856262207 17.50558853149414
		endloop
	endfacet
	facet normal 0.717239197474448 0.5736078988703831 0.3956537778913711
		outer loop
			vertex 8.52623462677002 -3.1054844856262207 17.50558853149414
			vertex 8.333352088928223 -1.6213569641113281 15.703598022460938
			vertex 7.065149784088135 -2.3988468647003174 19.129772186279297
		endloop
	endfacet
	facet normal 0.8758184684469017 0.2856764887393446 0.3890127942740221
		outer loop
			vertex 8.333352088928223 -1.6213569641113281 15.703598022460938
			vertex 7.225172996520996 -0.422330379486084 17.318017959594727
			vertex 7.065149784088135 -2.3988468647003174 19.129772186279297
		endloop
	endfacet
	facet normal 0.06401968789362089 0.6715063062748735 0.7382281220565085
		outer loop
			vertex 7.065149784088135 -2.3988468647003174 19.129772186279297
			vertex 7.225172996520996 -0.422330379486084 17.318017959594727
			vertex 4.791083335876465 -2.5091500282287598 19.42731475830078
		endloop
	endfacet
	facet normal 0.29934393281420635 0.4827290738800885 0.823022387981151
		outer loop
			vertex 7.225172996520996 -0.422330379486084 17.318017959594727
			vertex 5.046606063842773 -0.28566014766693115 18.030229568481445
			vertex 4.791083335876465 -2.5091500282287598 19.42731475830078
		endloop
	endfacet
	facet normal -0.6447648578566136 0.45842079502287575 0.6116605698945579
		outer loop
			vertex 4.791083335876465 -2.5091500282287598 19.42731475830078
			vertex 5.046606063842773 -0.28566014766693115 18.030229568481445
			vertex 3.03615140914917 -3.3717799186706543 18.22391700744629
		endloop
	endfacet
	facet normal -0.42780755620942185 0.3314708930150874 0.840896986517316
		outer loop
			vertex 5.046606063842773 -0.28566014766693115 18.030229568481445
			vertex 3.0738260746002197 -1.2914057970046997 17.42302703857422
			vertex 3.03615140914917 -3.3717799186706543 18.22391700744629
		endloop
	endfacet
	facet normal -0.995887802319629 0.04768875765568134 0.07702770660117922
		outer loop
			vertex 3.03615140914917 -3.3717799186706543 18.22391700744629
			vertex 3.0738260746002197 -1.2914057970046997 17.42302703857422
			vertex 2.8283703327178955 -4.481420040130615 16.224515914916992
		endloop
	endfacet
	facet normal -0.8905192478534484 -0.09836243898699217 0.4441849837613365
		outer loop
			vertex 3.0738260746002197 -1.2914057970046997 17.42302703857422
			vertex 2.462460994720459 -2.8504152297973633 15.852104187011719
			vertex 2.8283703327178955 -4.481420040130615 16.224515914916992
		endloop
	endfacet
	facet normal -0.8672748753885763 -0.39683874258202595 -0.3005882614235732
		outer loop
			vertex 2.462460994720459 -2.8504152297973633 15.852104187011719
			vertex 2.137089729309082 -1.2731693983078003 14.708593368530273
			vertex 3.5706400871276855 -4.049441814422607 14.23768424987793
		endloop
	endfacet
	facet normal -0.8910687888026139 -0.44969643182191177 -0.06139652130604622
		outer loop
			vertex 2.137089729309082 -1.2731693983078003 14.708593368530273
			vertex 3.0419726371765137 -2.8793060779571533 13.339802742004395
			vertex 3.5706400871276855 -4.049441814422607 14.23768424987793
		endloop
	endfacet
	facet normal -0.2705268741661511 -0.6600124560277572 -0.700855739965151
		outer loop
			vertex 3.5706400871276855 -4.049441814422607 14.23768424987793
			vertex 3.0419726371765137 -2.8793060779571533 13.339802742004395
			vertex 5.749207019805908 -4.186111927032471 13.525473594665527
		endloop
	endfacet
	facet normal -0.3562962296666615 -0.8054164660699145 -0.4736637128900338
		outer loop
			vertex 3.0419726371765137 -2.8793060779571533 13.339802742004395
			vertex 5.161258220672607 -3.3947951793670654 12.622183799743652
			vertex 5.749207019805908 -4.186111927032471 13.525473594665527
		endloop
	endfacet
	facet normal 0.47383414813361346 -0.4861224420025732 -0.7342793551802663
		outer loop
			vertex 5.749207019805908 -4.186111927032471 13.525473594665527
			vertex 5.161258220672607 -3.3947951793670654 12.622183799743652
			vertex 7.721986770629883 -3.180366277694702 14.132674217224121
		endloop
	endfacet
	facet normal 0.3975335622660152 -0.717408992077551 -0.5720938777494169
		outer loop
			vertex 5.161258220672607 -3.3947951793670654 12.622183799743652
			vertex 7.253498077392578 -2.517670154571533 12.97610855102539
			vertex 7.721986770629883 -3.180366277694702 14.132674217224121
		endloop
	endfacet
	facet normal 0.9286749432329575 0.00942861882504829 -0.37077479817041925
		outer loop
			vertex 7.721986770629883 -3.180366277694702 14.132674217224121
			vertex 7.253498077392578 -2.517670154571533 12.97610855102539
			vertex 8.333352088928223 -1.6213569641113281 15.703598022460938
		endloop
	endfacet
	facet normal 0.9264276618006577 -0.24418211348613136 -0.28654298613648227
		outer loop
			vertex 7.253498077392578 -2.517670154571533 12.97610855102539
			vertex 8.093086242675781 -0.7617390751838684 14.194252967834473
			vertex 8.333352088928223 -1.6213569641113281 15.703598022460938
		endloop
	endfacet
	facet normal 0.8280446199367884 0.5335989063986385 0.17208810093645951
		outer loop
			vertex 8.333352088928223 -1.6213569641113281 15.703598022460938
			vertex 8.093086242675781 -0.7617390751838684 14.194252967834473
			vertex 7.225172996520996 -0.422330379486084 17.318017959594727
		endloop
	endfacet
	facet normal 0.9180310508754769 0.33043266091887163 0.2191648836527922
		outer loop
			vertex 8.093086242675781 -0.7617390751838684 14.194252967834473
			vertex 7.188202857971191 0.8443975448608398 15.563044548034668
			vertex 7.225172996520996 -0.422330379486084 17.318017959594727
		endloop
	endfacet
	facet normal 0.23452793400525695 0.790567225643948 0.5656855220958522
		outer loop
			vertex 7.225172996520996 -0.422330379486084 17.318017959594727
			vertex 7.188202857971191 0.8443975448608398 15.563044548034668
			vertex 5.046606063842773 -0.28566014766693115 18.030229568481445
		endloop
	endfacet
	facet normal 0.37893607481463193 0.6716887508468637 0.6365859511408177
		outer loop
			vertex 7.188202857971191 0.8443975448608398 15.563044548034668
			vertex 5.068917274475098 1.359886646270752 16.280662536621094
			vertex 5.046606063842773 -0.28566014766693115 18.030229568481445
		endloop
	endfacet
	facet normal -0.5035941758991083 0.6325153706095189 0.5884872232624946
		outer loop
			vertex 5.046606063842773 -0.28566014766693115 18.030229568481445
			vertex 5.068917274475098 1.359886646270752 16.280662536621094
			vertex 3.0738260746002197 -1.2914057970046997 17.42302703857422
		endloop
	endfacet
	facet normal -0.3682062849443596 0.5875450664401444 0.7205656990374434
		outer loop
			vertex 5.068917274475098 1.359886646270752 16.280662536621094
			vertex 2.976677656173706 0.4827617108821869 15.926738739013672
			vertex 3.0738260746002197 -1.2914057970046997 17.42302703857422
		endloop
	endfacet
	facet normal -0.9620483863293886 0.1432163757508763 0.23227563814959867
		outer loop
			vertex 3.0738260746002197 -1.2914057970046997 17.42302703857422
			vertex 2.976677656173706 0.4827617108821869 15.926738739013672
			vertex 2.462460994720459 -2.8504152297973633 15.852104187011719
		endloop
	endfacet
	facet normal -0.8932424534016156 0.1281535359145113 0.43092295213143467
		outer loop
			vertex 2.976677656173706 0.4827617108821869 15.926738739013672
			vertex 2.137089729309082 -1.2731693983078003 14.708593368530273
			vertex 2.462460994720459 -2.8504152297973633 15.852104187011719
		endloop
	endfacet
	facet normal -0.9157771943140308 -0.353725372171745 -0.1903430888061931
		outer loop
			vertex 2.137089729309082 -1.2731693983078003 14.708593368530273
			vertex 2.0000181198120117 0.005769032519310713 12.991347312927246
			vertex 3.0419726371765137 -2.8793060779571533 13.339802742004395
		endloop
	endfacet
	facet normal -0.9221108004151836 -0.3523368177183685 -0.15990759405907848
		outer loop
			vertex 2.0000181198120117 0.005769032519310713 12.991347312927246
			vertex 2.878692388534546 -1.76089346408844 11.817076683044434
			vertex 3.0419726371765137 -2.8793060779571533 13.339802742004395
		endloop
	endfacet
	facet normal -0.3648752709152846 -0.7686340173414354 -0.5254215298786905
		outer loop
			vertex 3.0419726371765137 -2.8793060779571533 13.339802742004395
			vertex 2.878692388534546 -1.76089346408844 11.817076683044434
			vertex 5.161258220672607 -3.3947951793670654 12.622183799743652
		endloop
	endfacet
	facet normal -0.38267151100971064 -0.7791963315783578 -0.49640265059362326
		outer loop
			vertex 2.878692388534546 -1.76089346408844 11.817076683044434
			vertex 5 -2.4960484504699707 11.335745811462402
			vertex 5.161258220672607 -3.3947951793670654 12.622183799743652
		endloop
	endfacet
	facet normal 0.39932878888112106 -0.7273068694612542 -0.5581767067920402
		outer loop
			vertex 5.161258220672607 -3.3947951793670654 12.622183799743652
			vertex 5 -2.4960484504699707 11.335745811462402
			vertex 7.253498077392578 -2.517670154571533 12.97610855102539
		endloop
	endfacet
	facet normal 0.38261873140151925 -0.7528486895736454 -0.5355574264147004
		outer loop
			vertex 5 -2.4960484504699707 11.335745811462402
			vertex 7.121307373046875 -1.7690521478652954 11.829313278198242
			vertex 7.253498077392578 -2.517670154571533 12.97610855102539
		endloop
	endfacet
	facet normal 0.9278165374054723 -0.2542816554192037 -0.2729419583614607
		outer loop
			vertex 7.253498077392578 -2.517670154571533 12.97610855102539
			vertex 7.121307373046875 -1.7690521478652954 11.829313278198242
			vertex 8.093086242675781 -0.7617390751838684 14.194252967834473
		endloop
	endfacet
	facet normal 0.9225944927784343 -0.2883264504884169 -0.2562952591127162
		outer loop
			vertex 7.121307373046875 -1.7690521478652954 11.829313278198242
			vertex 7.999981880187988 -0.005769032519310713 13.008652687072754
			vertex 8.093086242675781 -0.7617390751838684 14.194252967834473
		endloop
	endfacet
	facet normal 0.9129228180046908 0.3728321707106395 0.1660364443414964
		outer loop
			vertex 8.093086242675781 -0.7617390751838684 14.194252967834473
			vertex 7.999981880187988 -0.005769032519310713 13.008652687072754
			vertex 7.188202857971191 0.8443975448608398 15.563044548034668
		endloop
	endfacet
	facet normal 0.9232326364349358 0.33920404030232687 0.18050517461827856
		outer loop
			vertex 7.999981880187988 -0.005769032519310713 13.008652687072754
			vertex 7.121307373046875 1.76089346408844 14.182923316955566
			vertex 7.188202857971191 0.8443975448608398 15.563044548034668
		endloop
	endfacet
	facet normal 0.3613963540432081 0.7847213894748697 0.5035921129097499
		outer loop
			vertex 7.188202857971191 0.8443975448608398 15.563044548034668
			vertex 7.121307373046875 1.76089346408844 14.182923316955566
			vertex 5.068917274475098 1.359886646270752 16.280662536621094
		endloop
	endfacet
	facet normal 0.38264088940352153 0.7634537043819276 0.5203118209516238
		outer loop
			vertex 7.121307373046875 1.76089346408844 14.182923316955566
			vertex 5 2.4960484504699707 14.664254188537598
			vertex 5.068917274475098 1.359886646270752 16.280662536621094
		endloop
	endfacet
	facet normal -0.4016879593514406 0.741068846508763 0.5380183528897938
		outer loop
			vertex 5.068917274475098 1.359886646270752 16.280662536621094
			vertex 5 2.4960484504699707 14.664254188537598
			vertex 2.976677656173706 0.4827617108821869 15.926738739013672
		endloop
	endfacet
	facet normal -0.382213789023256 0.7351814551550542 0.5598400195382455
		outer loop
			vertex 5 2.4960484504699707 14.664254188537598
			vertex 2.878692388534546 1.7690521478652954 14.170686721801758
			vertex 2.976677656173706 0.4827617108821869 15.926738739013672
		endloop
	endfacet
	facet normal -0.9295265574267663 0.2708389813638556 0.25025312228248786
		outer loop
			vertex 2.976677656173706 0.4827617108821869 15.926738739013672
			vertex 2.878692388534546 1.7690521478652954 14.170686721801758
			vertex 2.137089729309082 -1.2731693983078003 14.708593368530273
		endloop
	endfacet
	facet normal -0.9210386770158666 0.27354174851329116 0.2772411716559313
		outer loop
			vertex 2.878692388534546 1.7690521478652954 14.170686721801758
			vertex 2.0000181198120117 0.005769032519310713 12.991347312927246
			vertex 2.137089729309082 -1.2731693983078003 14.708593368530273
		endloop
	endfacet
	facet normal -0.9207274507800155 -0.2719194827031571 -0.27985845762917666
		outer loop
			vertex 2.0000181198120117 0.005769032519310713 12.991347312927246
			vertex 2.13901424407959 1.2898973226547241 11.28635311126709
			vertex 2.878692388534546 -1.76089346408844 11.817076683044434
		endloop
	endfacet
	facet normal -0.9306429541144965 -0.2688274544297937 -0.24826496269478043
		outer loop
			vertex 2.13901424407959 1.2898973226547241 11.28635311126709
			vertex 2.9727046489715576 -0.46141865849494934 10.057559967041016
			vertex 2.878692388534546 -1.76089346408844 11.817076683044434
		endloop
	endfacet
	facet normal -0.3817978787017052 -0.7336000798822225 -0.5621932964876715
		outer loop
			vertex 2.878692388534546 -1.76089346408844 11.817076683044434
			vertex 2.9727046489715576 -0.46141865849494934 10.057559967041016
			vertex 5 -2.4960484504699707 11.335745811462402
		endloop
	endfacet
	facet normal -0.4050115188801458 -0.7404828625504812 -0.5363308678823574
		outer loop
			vertex 2.9727046489715576 -0.46141865849494934 10.057559967041016
			vertex 5.061374187469482 -1.346431016921997 9.702184677124023
			vertex 5 -2.4960484504699707 11.335745811462402
		endloop
	endfacet
	facet normal 0.38269424918946576 -0.7622406577167052 -0.5220481695791258
		outer loop
			vertex 5 -2.4960484504699707 11.335745811462402
			vertex 5.061374187469482 -1.346431016921997 9.702184677124023
			vertex 7.121307373046875 -1.7690521478652954 11.829313278198242
		endloop
	endfacet
	facet normal 0.3576949530541624 -0.7869548392261022 -0.502748845427019
		outer loop
			vertex 5.061374187469482 -1.346431016921997 9.702184677124023
			vertex 7.1815080642700195 -0.8467113971710205 10.428400993347168
			vertex 7.121307373046875 -1.7690521478652954 11.829313278198242
		endloop
	endfacet
	facet normal 0.9232844882322908 -0.33785216551560643 -0.1827612323389523
		outer loop
			vertex 7.121307373046875 -1.7690521478652954 11.829313278198242
			vertex 7.1815080642700195 -0.8467113971710205 10.428400993347168
			vertex 7.999981880187988 -0.005769032519310713 13.008652687072754
		endloop
	endfacet
	facet normal 0.911423521039341 -0.37629043110987587 -0.16647124902334903
		outer loop
			vertex 7.1815080642700195 -0.8467113971710205 10.428400993347168
			vertex 8.091161727905273 0.7450111508369446 11.810800552368164
			vertex 7.999981880187988 -0.005769032519310713 13.008652687072754
		endloop
	endfacet
	facet normal 0.9227566454884949 0.29101898578025404 0.2526422829263793
		outer loop
			vertex 7.999981880187988 -0.005769032519310713 13.008652687072754
			vertex 8.091161727905273 0.7450111508369446 11.810800552368164
			vertex 7.121307373046875 1.76089346408844 14.182923316955566
		endloop
	endfacet
	facet normal 0.9288753844745298 0.25119252801239345 0.27219998895671815
		outer loop
			vertex 8.091161727905273 0.7450111508369446 11.810800552368164
			vertex 7.257471084594727 2.4963271617889404 13.039592742919922
			vertex 7.121307373046875 1.76089346408844 14.182923316955566
		endloop
	endfacet
	facet normal 0.38251482693425487 0.75567632390168 0.5316349317622954
		outer loop
			vertex 7.121307373046875 1.76089346408844 14.182923316955566
			vertex 7.257471084594727 2.4963271617889404 13.039592742919922
			vertex 5 2.4960484504699707 14.664254188537598
		endloop
	endfacet
	facet normal 0.4023023708477642 0.7249362707404212 0.5591244993516551
		outer loop
			vertex 7.257471084594727 2.4963271617889404 13.039592742919922
			vertex 5.168801784515381 3.3813395500183105 13.394968032836914
			vertex 5 2.4960484504699707 14.664254188537598
		endloop
	endfacet
	facet normal -0.38252354774574676 0.7809214661425438 0.4937989460679187
		outer loop
			vertex 5 2.4960484504699707 14.664254188537598
			vertex 5.168801784515381 3.3813395500183105 13.394968032836914
			vertex 2.878692388534546 1.7690521478652954 14.170686721801758
		endloop
	endfacet
	facet normal -0.361950097162324 0.7681934615446379 0.5280823163146547
		outer loop
			vertex 5.168801784515381 3.3813395500183105 13.394968032836914
			vertex 3.0486674308776855 2.881619930267334 12.668752670288086
			vertex 2.878692388534546 1.7690521478652954 14.170686721801758
		endloop
	endfacet
	facet normal -0.9218924904502073 0.3538586607377202 0.1577919017960736
		outer loop
			vertex 2.878692388534546 1.7690521478652954 14.170686721801758
			vertex 3.0486674308776855 2.881619930267334 12.668752670288086
			vertex 2.0000181198120117 0.005769032519310713 12.991347312927246
		endloop
	endfacet
	facet normal -0.9146762464101305 0.35516900408803437 0.1929309275056451
		outer loop
			vertex 3.0486674308776855 2.881619930267334 12.668752670288086
			vertex 2.13901424407959 1.2898973226547241 11.28635311126709
			vertex 2.0000181198120117 0.005769032519310713 12.991347312927246
		endloop
	endfacet
	facet normal -0.89299789910341 -0.12093238010668354 -0.43350906753911017
		outer loop
			vertex 2.13901424407959 1.2898973226547241 11.28635311126709
			vertex 2.465268850326538 2.866259813308716 10.17454719543457
			vertex 2.9727046489715576 -0.46141865849494934 10.057559967041016
		endloop
	endfacet
	facet normal -0.9645287493363053 -0.13919510850824063 -0.22429670856060777
		outer loop
			vertex 2.465268850326538 2.866259813308716 10.17454719543457
			vertex 3.0585970878601074 1.3244309425354004 8.579931259155273
			vertex 2.9727046489715576 -0.46141865849494934 10.057559967041016
		endloop
	endfacet
	facet normal -0.3697462182597522 -0.5816891408234253 -0.7245174100949661
		outer loop
			vertex 2.9727046489715576 -0.46141865849494934 10.057559967041016
			vertex 3.0585970878601074 1.3244309425354004 8.579931259155273
			vertex 5.061374187469482 -1.346431016921997 9.702184677124023
		endloop
	endfacet
	facet normal -0.5115177641224751 -0.6293780367372679 -0.5850067212091553
		outer loop
			vertex 3.0585970878601074 1.3244309425354004 8.579931259155273
			vertex 5.022260665893555 0.31652015447616577 7.94730281829834
			vertex 5.061374187469482 -1.346431016921997 9.702184677124023
		endloop
	endfacet
	facet normal 0.377176778218744 -0.6680403651764217 -0.6414512830040032
		outer loop
			vertex 5.061374187469482 -1.346431016921997 9.702184677124023
			vertex 5.022260665893555 0.31652015447616577 7.94730281829834
			vertex 7.1815080642700195 -0.8467113971710205 10.428400993347168
		endloop
	endfacet
	facet normal 0.22390029012677004 -0.792969081455201 -0.5666292402773114
		outer loop
			vertex 5.022260665893555 0.31652015447616577 7.94730281829834
			vertex 7.205972671508789 0.43294796347618103 8.647249221801758
			vertex 7.1815080642700195 -0.8467113971710205 10.428400993347168
		endloop
	endfacet
	facet normal 0.9171680396828255 -0.32949823225770003 -0.22412876192807993
		outer loop
			vertex 7.1815080642700195 -0.8467113971710205 10.428400993347168
			vertex 7.205972671508789 0.43294796347618103 8.647249221801758
			vertex 8.091161727905273 0.7450111508369446 11.810800552368164
		endloop
	endfacet
	facet normal 0.8207114001431424 -0.5435514645801804 -0.1760244387232187
		outer loop
			vertex 7.205972671508789 0.43294796347618103 8.647249221801758
			vertex 8.330544471740723 1.6055124998092651 10.269749641418457
			vertex 8.091161727905273 0.7450111508369446 11.810800552368164
		endloop
	endfacet
	facet normal 0.9280309760480233 0.2447431176320132 0.28081900553045896
		outer loop
			vertex 8.091161727905273 0.7450111508369446 11.810800552368164
			vertex 8.330544471740723 1.6055124998092651 10.269749641418457
			vertex 7.257471084594727 2.4963271617889404 13.039592742919922
		endloop
	endfacet
	facet normal 0.9298274622983941 -0.022091204359205818 0.36733209640009473
		outer loop
			vertex 8.330544471740723 1.6055124998092651 10.269749641418457
			vertex 7.737215995788574 3.147341251373291 11.86436653137207
			vertex 7.257471084594727 2.4963271617889404 13.039592742919922
		endloop
	endfacet
	facet normal 0.4017076475778955 0.7216741512183215 0.5637529470794355
		outer loop
			vertex 7.257471084594727 2.4963271617889404 13.039592742919922
			vertex 7.737215995788574 3.147341251373291 11.86436653137207
			vertex 5.168801784515381 3.3813395500183105 13.394968032836914
		endloop
	endfacet
	facet normal 0.4816332023986448 0.476818805792695 0.7353048924015495
		outer loop
			vertex 7.737215995788574 3.147341251373291 11.86436653137207
			vertex 5.773552417755127 4.155251979827881 12.496994972229004
			vertex 5.168801784515381 3.3813395500183105 13.394968032836914
		endloop
	endfacet
	facet normal -0.35077439707391594 0.8131147508825219 0.4645446418318538
		outer loop
			vertex 5.168801784515381 3.3813395500183105 13.394968032836914
			vertex 5.773552417755127 4.155251979827881 12.496994972229004
			vertex 3.0486674308776855 2.881619930267334 12.668752670288086
		endloop
	endfacet
	facet normal -0.2619091992151765 0.6558258208277002 0.7080226437778231
		outer loop
			vertex 5.773552417755127 4.155251979827881 12.496994972229004
			vertex 3.5898401737213135 4.038824081420898 11.797048568725586
			vertex 3.0486674308776855 2.881619930267334 12.668752670288086
		endloop
	endfacet
	facet normal -0.8872740756646392 0.4577309158417491 0.05680777531407191
		outer loop
			vertex 3.0486674308776855 2.881619930267334 12.668752670288086
			vertex 3.5898401737213135 4.038824081420898 11.797048568725586
			vertex 2.13901424407959 1.2898973226547241 11.28635311126709
		endloop
	endfacet
	facet normal -0.8632109439902235 0.3978480857412193 0.31077928960526774
		outer loop
			vertex 3.5898401737213135 4.038824081420898 11.797048568725586
			vertex 2.465268850326538 2.866259813308716 10.17454719543457
			vertex 2.13901424407959 1.2898973226547241 11.28635311126709
		endloop
	endfacet
	facet normal -0.8930908124870289 0.10799378322802254 -0.43672204367922324
		outer loop
			vertex 2.465268850326538 2.866259813308716 10.17454719543457
			vertex 2.8345484733581543 4.468379974365234 9.8155517578125
			vertex 3.0585970878601074 1.3244309425354004 8.579931259155273
		endloop
	endfacet
	facet normal -0.9966428306265122 -0.043851829645376025 -0.06913816021218885
		outer loop
			vertex 2.8345484733581543 4.468379974365234 9.8155517578125
			vertex 3.0220484733581543 3.385331630706787 7.799633502960205
			vertex 3.0585970878601074 1.3244309425354004 8.579931259155273
		endloop
	endfacet
	facet normal -0.4370943745895688 -0.32524303121693104 -0.8385496278378379
		outer loop
			vertex 3.0585970878601074 1.3244309425354004 8.579931259155273
			vertex 3.0220484733581543 3.385331630706787 7.799633502960205
			vertex 5.022260665893555 0.31652015447616577 7.94730281829834
		endloop
	endfacet
	facet normal -0.6507039613793145 -0.4534294029514657 -0.6090863084853779
		outer loop
			vertex 3.0220484733581543 3.385331630706787 7.799633502960205
			vertex 4.764960289001465 2.5413548946380615 6.565923690795898
			vertex 5.022260665893555 0.31652015447616577 7.94730281829834
		endloop
	endfacet
	facet normal 0.2908551255023642 -0.48017831191952803 -0.8275458203212174
		outer loop
			vertex 5.022260665893555 0.31652015447616577 7.94730281829834
			vertex 4.764960289001465 2.5413548946380615 6.565923690795898
			vertex 7.205972671508789 0.43294796347618103 8.647249221801758
		endloop
	endfacet
	facet normal 0.0559709447103377 -0.667852597496376 -0.7421860692343774
		outer loop
			vertex 4.764960289001465 2.5413548946380615 6.565923690795898
			vertex 7.042309761047363 2.430839776992798 6.837113380432129
			vertex 7.205972671508789 0.43294796347618103 8.647249221801758
		endloop
	endfacet
	facet normal 0.8718486089139329 -0.2876999181462001 -0.3963694743966919
		outer loop
			vertex 7.205972671508789 0.43294796347618103 8.647249221801758
			vertex 7.042309761047363 2.430839776992798 6.837113380432129
			vertex 8.330544471740723 1.6055124998092651 10.269749641418457
		endloop
	endfacet
	facet normal 0.710849588265383 -0.5750166750283247 -0.40502924129290446
		outer loop
			vertex 7.042309761047363 2.430839776992798 6.837113380432129
			vertex 8.52005672454834 3.1185245513916016 8.454343795776367
			vertex 8.330544471740723 1.6055124998092651 10.269749641418457
		endloop
	endfacet
	facet normal 0.9648285041239781 0.1434607153270556 0.22028386411114279
		outer loop
			vertex 8.330544471740723 1.6055124998092651 10.269749641418457
			vertex 8.52005672454834 3.1185245513916016 8.454343795776367
			vertex 7.737215995788574 3.147341251373291 11.86436653137207
		endloop
	endfacet
	facet normal 0.9447419129505251 -0.24397762068880643 0.21894665678564534
		outer loop
			vertex 8.52005672454834 3.1185245513916016 8.454343795776367
			vertex 8.33255672454834 4.201572895050049 10.47026252746582
			vertex 7.737215995788574 3.147341251373291 11.86436653137207
		endloop
	endfacet
	facet normal 0.5025886728221916 0.5726509928794169 0.6476692568781124
		outer loop
			vertex 7.737215995788574 3.147341251373291 11.86436653137207
			vertex 8.33255672454834 4.201572895050049 10.47026252746582
			vertex 5.773552417755127 4.155251979827881 12.496994972229004
		endloop
	endfacet
	facet normal 0.6141107325175488 0.13040174320097633 0.7783722718448457
		outer loop
			vertex 8.33255672454834 4.201572895050049 10.47026252746582
			vertex 6.589644432067871 5.045549392700195 11.703971862792969
			vertex 5.773552417755127 4.155251979827881 12.496994972229004
		endloop
	endfacet
	facet normal -0.23544487066103267 0.7578282862353458 0.6084915787921873
		outer loop
			vertex 5.773552417755127 4.155251979827881 12.496994972229004
			vertex 6.589644432067871 5.045549392700195 11.703971862792969
			vertex 3.5898401737213135 4.038824081420898 11.797048568725586
		endloop
	endfacet
	facet normal -0.09284739229010887 0.3624046252173522 0.9273846286013141
		outer loop
			vertex 6.589644432067871 5.045549392700195 11.703971862792969
			vertex 4.312294960021973 5.156064510345459 11.432782173156738
			vertex 3.5898401737213135 4.038824081420898 11.797048568725586
		endloop
	endfacet
	facet normal -0.8078878116505187 0.5705467598539188 0.14762682211146794
		outer loop
			vertex 3.5898401737213135 4.038824081420898 11.797048568725586
			vertex 4.312294960021973 5.156064510345459 11.432782173156738
			vertex 2.465268850326538 2.866259813308716 10.17454719543457
		endloop
	endfacet
	facet normal -0.7641379215544482 0.30365325825415374 0.5691115317704294
		outer loop
			vertex 4.312294960021973 5.156064510345459 11.432782173156738
			vertex 2.8345484733581543 4.468379974365234 9.8155517578125
			vertex 2.465268850326538 2.866259813308716 10.17454719543457
		endloop
	endfacet
	facet normal -0.9802276033717723 0.12129587013524351 -0.156336679880844
		outer loop
			vertex 2.8345484733581543 4.468379974365234 9.8155517578125
			vertex 3.0239369869232178 5.842734336853027 9.694400787353516
			vertex 3.0220484733581543 3.385331630706787 7.799633502960205
		endloop
	endfacet
	facet normal -0.9958124602073031 -0.05534081018281913 0.07276633029216166
		outer loop
			vertex 3.0239369869232178 5.842734336853027 9.694400787353516
			vertex 2.8953170776367188 5.246521949768066 7.480792045593262
			vertex 3.0220484733581543 3.385331630706787 7.799633502960205
		endloop
	endfacet
	facet normal -0.6234903792753187 -0.17306759876558353 -0.7624351468870219
		outer loop
			vertex 3.0220484733581543 3.385331630706787 7.799633502960205
			vertex 2.8953170776367188 5.246521949768066 7.480792045593262
			vertex 4.764960289001465 2.5413548946380615 6.565923690795898
		endloop
	endfacet
	facet normal -0.7348321749240022 -0.3025826099196918 -0.6070135409285763
		outer loop
			vertex 2.8953170776367188 5.246521949768066 7.480792045593262
			vertex 4.42023229598999 4.926540374755859 5.7942795753479
			vertex 4.764960289001465 2.5413548946380615 6.565923690795898
		endloop
	endfacet
	facet normal 0.09899758551650276 -0.29331507777191423 -0.950876302793144
		outer loop
			vertex 4.764960289001465 2.5413548946380615 6.565923690795898
			vertex 4.42023229598999 4.926540374755859 5.7942795753479
			vertex 7.042309761047363 2.430839776992798 6.837113380432129
		endloop
	endfacet
	facet normal -0.041428688736115965 -0.4219613341459203 -0.9056667688699863
		outer loop
			vertex 4.42023229598999 4.926540374755859 5.7942795753479
			vertex 6.70540714263916 5.070230484008789 5.622799873352051
			vertex 7.042309761047363 2.430839776992798 6.837113380432129
		endloop
	endfacet
	facet normal 0.763500775987459 -0.18694172146965746 -0.618158036298574
		outer loop
			vertex 7.042309761047363 2.430839776992798 6.837113380432129
			vertex 6.70540714263916 5.070230484008789 5.622799873352051
			vertex 8.52005672454834 3.1185245513916016 8.454343795776367
		endloop
	endfacet
	facet normal 0.6657903591867622 -0.3426034909528222 -0.6628318381014159
		outer loop
			vertex 6.70540714263916 5.070230484008789 5.622799873352051
			vertex 8.41221809387207 5.593420505523682 7.066803455352783
			vertex 8.52005672454834 3.1185245513916016 8.454343795776367
		endloop
	endfacet
	facet normal 0.9958893114902116 0.07325899481123196 0.05326911805915482
		outer loop
			vertex 8.52005672454834 3.1185245513916016 8.454343795776367
			vertex 8.41221809387207 5.593420505523682 7.066803455352783
			vertex 8.33255672454834 4.201572895050049 10.47026252746582
		endloop
	endfacet
	facet normal 0.9925328337813714 -0.11927280337838775 -0.02554549353958743
		outer loop
			vertex 8.41221809387207 5.593420505523682 7.066803455352783
			vertex 8.540838241577148 6.189633369445801 9.280412673950195
			vertex 8.33255672454834 4.201572895050049 10.47026252746582
		endloop
	endfacet
	facet normal 0.6474621517849202 0.34028766887017364 0.6819069323748983
		outer loop
			vertex 8.33255672454834 4.201572895050049 10.47026252746582
			vertex 8.540838241577148 6.189633369445801 9.280412673950195
			vertex 6.589644432067871 5.045549392700195 11.703971862792969
		endloop
	endfacet
	facet normal 0.7475603185295132 0.1119294524847483 0.654694866198382
		outer loop
			vertex 8.540838241577148 6.189633369445801 9.280412673950195
			vertex 7.015923023223877 6.509614944458008 10.966924667358398
			vertex 6.589644432067871 5.045549392700195 11.703971862792969
		endloop
	endfacet
	facet normal -0.08216669408230717 0.4671222920661553 0.8803666273993161
		outer loop
			vertex 6.589644432067871 5.045549392700195 11.703971862792969
			vertex 7.015923023223877 6.509614944458008 10.966924667358398
			vertex 4.312294960021973 5.156064510345459 11.432782173156738
		endloop
	endfacet
	facet normal 0.05950940524886612 0.2165191521892972 0.9744629738590146
		outer loop
			vertex 7.015923023223877 6.509614944458008 10.966924667358398
			vertex 4.730747699737549 6.365924835205078 11.138404846191406
			vertex 4.312294960021973 5.156064510345459 11.432782173156738
		endloop
	endfacet
	facet normal -0.7563863453995473 0.3894803954613027 0.525532794451901
		outer loop
			vertex 4.312294960021973 5.156064510345459 11.432782173156738
			vertex 4.730747699737549 6.365924835205078 11.138404846191406
			vertex 2.8345484733581543 4.468379974365234 9.8155517578125
		endloop
	endfacet
	facet normal -0.6654149072656266 0.1560441274796849 0.7299816651586405
		outer loop
			vertex 4.730747699737549 6.365924835205078 11.138404846191406
			vertex 3.0239369869232178 5.842734336853027 9.694400787353516
			vertex 2.8345484733581543 4.468379974365234 9.8155517578125
		endloop
	endfacet
	facet normal -0.9867563093687615 -0.1328252896189065 0.09310976510868554
		outer loop
			vertex 3.0239369869232178 5.842734336853027 9.694400787353516
			vertex 2.8346846103668213 7.180852890014648 9.597633361816406
			vertex 2.8953170776367188 5.246521949768066 7.480792045593262
		endloop
	endfacet
	facet normal -0.9685248694137085 -0.1969454237501912 0.15222377406639417
		outer loop
			vertex 2.8346846103668213 7.180852890014648 9.597633361816406
			vertex 2.527109384536743 6.944244384765625 7.334562301635742
			vertex 2.8953170776367188 5.246521949768066 7.480792045593262
		endloop
	endfacet
	facet normal -0.7442857261612149 -0.21586045025389985 -0.6320150503341332
		outer loop
			vertex 2.8953170776367188 5.246521949768066 7.480792045593262
			vertex 2.527109384536743 6.944244384765625 7.334562301635742
			vertex 4.42023229598999 4.926540374755859 5.7942795753479
		endloop
	endfacet
	facet normal -0.7644727004798737 -0.2706082386697024 -0.5851091106666266
		outer loop
			vertex 2.527109384536743 6.944244384765625 7.334562301635742
			vertex 3.834146738052368 7.271725177764893 5.475399017333984
			vertex 4.42023229598999 4.926540374755859 5.7942795753479
		endloop
	endfacet
	facet normal -0.06457991637068715 -0.15028035666322168 -0.9865319299458736
		outer loop
			vertex 4.42023229598999 4.926540374755859 5.7942795753479
			vertex 3.834146738052368 7.271725177764893 5.475399017333984
			vertex 6.70540714263916 5.070230484008789 5.622799873352051
		endloop
	endfacet
	facet normal -0.10146355720274487 -0.19761406163930337 -0.975014784094161
		outer loop
			vertex 3.834146738052368 7.271725177764893 5.475399017333984
			vertex 5.990151882171631 7.971461296081543 5.109216213226318
			vertex 6.70540714263916 5.070230484008789 5.622799873352051
		endloop
	endfacet
	facet normal 0.641694475615656 0.02248921855130485 -0.7666305727097635
		outer loop
			vertex 6.70540714263916 5.070230484008789 5.622799873352051
			vertex 5.990151882171631 7.971461296081543 5.109216213226318
			vertex 8.41221809387207 5.593420505523682 7.066803455352783
		endloop
	endfacet
	facet normal 0.6151992012012484 -0.022137809411596654 -0.7880608226753832
		outer loop
			vertex 5.990151882171631 7.971461296081543 5.109216213226318
			vertex 7.732165813446045 8.633556365966797 6.45051908493042
			vertex 8.41221809387207 5.593420505523682 7.066803455352783
		endloop
	endfacet
	facet normal 0.9745218257887529 0.19582182179081542 -0.10936647188184227
		outer loop
			vertex 8.41221809387207 5.593420505523682 7.066803455352783
			vertex 7.732165813446045 8.633556365966797 6.45051908493042
			vertex 8.540838241577148 6.189633369445801 9.280412673950195
		endloop
	endfacet
	facet normal 0.977255911201851 0.15125761398237525 -0.14863383946261627
		outer loop
			vertex 7.732165813446045 8.633556365966797 6.45051908493042
			vertex 8.039741516113281 8.87016487121582 8.713590621948242
			vertex 8.540838241577148 6.189633369445801 9.280412673950195
		endloop
	endfacet
	facet normal 0.7392739756634745 0.26876385101538347 0.617446338797228
		outer loop
			vertex 8.540838241577148 6.189633369445801 9.280412673950195
			vertex 8.039741516113281 8.87016487121582 8.713590621948242
			vertex 7.015923023223877 6.509614944458008 10.966924667358398
		endloop
	endfacet
	facet normal 0.7787659309084152 0.2222233280004753 0.5866348245277831
		outer loop
			vertex 8.039741516113281 8.87016487121582 8.713590621948242
			vertex 6.732704162597656 8.542684555053711 10.57275390625
			vertex 7.015923023223877 6.509614944458008 10.966924667358398
		endloop
	endfacet
	facet normal 0.06094986922951309 0.198157928943206 0.9782732484525195
		outer loop
			vertex 7.015923023223877 6.509614944458008 10.966924667358398
			vertex 6.732704162597656 8.542684555053711 10.57275390625
			vertex 4.730747699737549 6.365924835205078 11.138404846191406
		endloop
	endfacet
	facet normal 0.11971081092563281 0.145121877441222 0.9821450821724164
		outer loop
			vertex 6.732704162597656 8.542684555053711 10.57275390625
			vertex 4.5766987800598145 7.8429484367370605 10.938936233520508
			vertex 4.730747699737549 6.365924835205078 11.138404846191406
		endloop
	endfacet
	facet normal -0.651623016422768 0.03437201438532311 0.7577638214478098
		outer loop
			vertex 4.730747699737549 6.365924835205078 11.138404846191406
			vertex 4.5766987800598145 7.8429484367370605 10.938936233520508
			vertex 3.0239369869232178 5.842734336853027 9.694400787353516
		endloop
	endfacet
	facet normal -0.6032221637093351 -0.02767212891197898 0.7970930149557874
		outer loop
			vertex 4.5766987800598145 7.8429484367370605 10.938936233520508
			vertex 2.8346846103668213 7.180852890014648 9.597633361816406
			vertex 3.0239369869232178 5.842734336853027 9.694400787353516
		endloop
	endfacet
	facet normal -0.8871765132986359 -0.43068840272394443 0.1656059600689923
		outer loop
			vertex 2.8346846103668213 7.180852890014648 9.597633361816406
			vertex 2.175567865371704 8.555849075317383 9.642571449279785
			vertex 2.527109384536743 6.944244384765625 7.334562301635742
		endloop
	endfacet
	facet normal -0.8858979565346193 -0.4326980867391834 0.16720399618440895
		outer loop
			vertex 2.175567865371704 8.555849075317383 9.642571449279785
			vertex 1.741121530532837 8.574118614196777 7.3880205154418945
			vertex 2.527109384536743 6.944244384765625 7.334562301635742
		endloop
	endfacet
	facet normal -0.7407993084730589 -0.3382061869351049 -0.5803731210907813
		outer loop
			vertex 2.527109384536743 6.944244384765625 7.334562301635742
			vertex 1.741121530532837 8.574118614196777 7.3880205154418945
			vertex 3.834146738052368 7.271725177764893 5.475399017333984
		endloop
	endfacet
	facet normal -0.7409129796968842 -0.34105009441065504 -0.5785609644792568
		outer loop
			vertex 1.741121530532837 8.574118614196777 7.3880205154418945
			vertex 2.7471253871917725 9.50965690612793 5.548237323760986
			vertex 3.834146738052368 7.271725177764893 5.475399017333984
		endloop
	endfacet
	facet normal -0.15384108083381282 -0.042594790076512075 -0.9871770893341388
		outer loop
			vertex 3.834146738052368 7.271725177764893 5.475399017333984
			vertex 2.7471253871917725 9.50965690612793 5.548237323760986
			vertex 5.990151882171631 7.971461296081543 5.109216213226318
		endloop
	endfacet
	facet normal -0.15416665042816066 -0.04330450894383657 -0.9870954175766874
		outer loop
			vertex 2.7471253871917725 9.50965690612793 5.548237323760986
			vertex 4.604275703430176 10.814438819885254 5.200942039489746
			vertex 5.990151882171631 7.971461296081543 5.109216213226318
		endloop
	endfacet
	facet normal 0.5173381287883531 0.2782987737126466 -0.8092657493381284
		outer loop
			vertex 5.990151882171631 7.971461296081543 5.109216213226318
			vertex 4.604275703430176 10.814438819885254 5.200942039489746
			vertex 7.732165813446045 8.633556365966797 6.45051908493042
		endloop
	endfacet
	facet normal 0.5173268543234573 0.2782734929882047 -0.8092816499191985
		outer loop
			vertex 4.604275703430176 10.814438819885254 5.200942039489746
			vertex 6.224678993225098 11.724141120910645 6.549575328826904
			vertex 7.732165813446045 8.633556365966797 6.45051908493042
		endloop
	endfacet
	facet normal 0.8842335227008964 0.4366152584686984 -0.1658257923372456
		outer loop
			vertex 7.732165813446045 8.633556365966797 6.45051908493042
			vertex 6.224678993225098 11.724141120910645 6.549575328826904
			vertex 8.039741516113281 8.87016487121582 8.713590621948242
		endloop
	endfacet
	facet normal 0.8843836069126704 0.4359066977633938 -0.16688614882352762
		outer loop
			vertex 6.224678993225098 11.724141120910645 6.549575328826904
			vertex 6.659125328063965 11.70587158203125 8.804126739501953
			vertex 8.039741516113281 8.87016487121582 8.713590621948242
		endloop
	endfacet
	facet normal 0.7395197959830163 0.3415292289411564 0.5800588393672638
		outer loop
			vertex 8.039741516113281 8.87016487121582 8.713590621948242
			vertex 6.659125328063965 11.70587158203125 8.804126739501953
			vertex 6.732704162597656 8.542684555053711 10.57275390625
		endloop
	endfacet
	facet normal 0.7411272252365598 0.3406932409389654 0.5784968034411787
		outer loop
			vertex 6.659125328063965 11.70587158203125 8.804126739501953
			vertex 5.653121471405029 10.770333290100098 10.643909454345703
			vertex 6.732704162597656 8.542684555053711 10.57275390625
		endloop
	endfacet
	facet normal 0.15372108623708847 0.0429651711348247 0.987179731211822
		outer loop
			vertex 6.732704162597656 8.542684555053711 10.57275390625
			vertex 5.653121471405029 10.770333290100098 10.643909454345703
			vertex 4.5766987800598145 7.8429484367370605 10.938936233520508
		endloop
	endfacet
	facet normal 0.15464472702882787 0.042612541952477836 0.9870507482751472
		outer loop
			vertex 5.653121471405029 10.770333290100098 10.643909454345703
			vertex 3.795971393585205 9.465551376342773 10.991205215454102
			vertex 4.5766987800598145 7.8429484367370605 10.938936233520508
		endloop
	endfacet
	facet normal -0.5185173600080586 -0.27556321390940897 0.8094471338575426
		outer loop
			vertex 4.5766987800598145 7.8429484367370605 10.938936233520508
			vertex 3.795971393585205 9.465551376342773 10.991205215454102
			vertex 2.8346846103668213 7.180852890014648 9.597633361816406
		endloop
	endfacet
	facet normal -0.5190029557047147 -0.27523679945549817 0.8092469562471423
		outer loop
			vertex 3.795971393585205 9.465551376342773 10.991205215454102
			vertex 2.175567865371704 8.555849075317383 9.642571449279785
			vertex 2.8346846103668213 7.180852890014648 9.597633361816406
		endloop
	endfacet
	facet normal -0.715789477307957 -0.6856546952065312 0.13237470723835704
		outer loop
			vertex 2.175567865371704 8.555849075317383 9.642571449279785
			vertex 1.0040532350540161 9.834834098815918 9.932538032531738
			vertex 1.741121530532837 8.574118614196777 7.3880205154418945
		endloop
	endfacet
	facet normal -0.7264463935606997 -0.6758633049514089 0.12443645086071857
		outer loop
			vertex 1.0040532350540161 9.834834098815918 9.932538032531738
			vertex 0.4379698634147644 10.035252571105957 7.7163567543029785
			vertex 1.741121530532837 8.574118614196777 7.3880205154418945
		endloop
	endfacet
	facet normal -0.6619406827021291 -0.45683273679867953 -0.5942544767798285
		outer loop
			vertex 1.741121530532837 8.574118614196777 7.3880205154418945
			vertex 0.4379698634147644 10.035252571105957 7.7163567543029785
			vertex 2.7471253871917725 9.50965690612793 5.548237323760986
		endloop
	endfacet
	facet normal -0.6649152843565223 -0.44418624229797704 -0.6004883402550694
		outer loop
			vertex 0.4379698634147644 10.035252571105957 7.7163567543029785
			vertex 1.0275014638900757 11.456623077392578 6.012174129486084
			vertex 2.7471253871917725 9.50965690612793 5.548237323760986
		endloop
	endfacet
	facet normal -0.21344722226562035 0.0440354774154642 -0.975961659101362
		outer loop
			vertex 2.7471253871917725 9.50965690612793 5.548237323760986
			vertex 1.0275014638900757 11.456623077392578 6.012174129486084
			vertex 4.604275703430176 10.814438819885254 5.200942039489746
		endloop
	endfacet
	facet normal -0.2108058776231436 0.058511466594154404 -0.9757752252627332
		outer loop
			vertex 1.0275014638900757 11.456623077392578 6.012174129486084
			vertex 2.4273083209991455 13.266324996948242 5.818277835845947
			vertex 4.604275703430176 10.814438819885254 5.200942039489746
		endloop
	endfacet
	facet normal 0.3589883850529805 0.5147612514559197 -0.7785551961143081
		outer loop
			vertex 4.604275703430176 10.814438819885254 5.200942039489746
			vertex 2.4273083209991455 13.266324996948242 5.818277835845947
			vertex 6.224678993225098 11.724141120910645 6.549575328826904
		endloop
	endfacet
	facet normal 0.36175199077899073 0.5256430675321148 -0.769957701905024
		outer loop
			vertex 2.4273083209991455 13.266324996948242 5.818277835845947
			vertex 3.8174026012420654 14.404260635375977 7.248249053955078
			vertex 6.224678993225098 11.724141120910645 6.549575328826904
		endloop
	endfacet
	facet normal 0.7198215656719634 0.681262116044068 -0.13318724727511352
		outer loop
			vertex 6.224678993225098 11.724141120910645 6.549575328826904
			vertex 3.8174026012420654 14.404260635375977 7.248249053955078
			vertex 6.659125328063965 11.70587158203125 8.804126739501953
		endloop
	endfacet
	facet normal 0.7176127227371256 0.6858008702437897 -0.12128127035395933
		outer loop
			vertex 3.8174026012420654 14.404260635375977 7.248249053955078
			vertex 4.383485794067383 14.203842163085938 9.464430809020996
			vertex 6.659125328063965 11.70587158203125 8.804126739501953
		endloop
	endfacet
	facet normal 0.6667782160358584 0.4505007302581043 0.5936799665282237
		outer loop
			vertex 6.659125328063965 11.70587158203125 8.804126739501953
			vertex 4.383485794067383 14.203842163085938 9.464430809020996
			vertex 5.653121471405029 10.770333290100098 10.643909454345703
		endloop
	endfacet
	facet normal 0.6579423405269098 0.45057352881572094 0.6034031584873587
		outer loop
			vertex 4.383485794067383 14.203842163085938 9.464430809020996
			vertex 3.793954372406006 12.782472610473633 11.16861343383789
			vertex 5.653121471405029 10.770333290100098 10.643909454345703
		endloop
	endfacet
	facet normal 0.21873905418199274 -0.051983436722196505 0.9743977362874551
		outer loop
			vertex 5.653121471405029 10.770333290100098 10.643909454345703
			vertex 3.793954372406006 12.782472610473633 11.16861343383789
			vertex 3.795971393585205 9.465551376342773 10.991205215454102
		endloop
	endfacet
	facet normal 0.20289642640198072 -0.0521755334040293 0.9778091602492333
		outer loop
			vertex 3.793954372406006 12.782472610473633 11.16861343383789
			vertex 2.3941476345062256 10.972769737243652 11.362509727478027
			vertex 3.795971393585205 9.465551376342773 10.991205215454102
		endloop
	endfacet
	facet normal -0.35415312289150286 -0.5207500523449945 0.7767850079197474
		outer loop
			vertex 3.795971393585205 9.465551376342773 10.991205215454102
			vertex 2.3941476345062256 10.972769737243652 11.362509727478027
			vertex 2.175567865371704 8.555849075317383 9.642571449279785
		endloop
	endfacet
	facet normal -0.3719044966617166 -0.5156507441966145 0.7718752200791738
		outer loop
			vertex 2.3941476345062256 10.972769737243652 11.362509727478027
			vertex 1.0040532350540161 9.834834098815918 9.932538032531738
			vertex 2.175567865371704 8.555849075317383 9.642571449279785
		endloop
	endfacet
	facet normal -0.4905455377457203 -0.8701682396453445 0.046608047698701194
		outer loop
			vertex 1.0040532350540161 9.834834098815918 9.932538032531738
			vertex -0.6423370242118835 10.793224334716797 10.497490882873535
			vertex 0.4379698634147644 10.035252571105957 7.7163567543029785
		endloop
	endfacet
	facet normal -0.5015065846127108 -0.8641949061047725 0.040722350775192935
		outer loop
			vertex -0.6423370242118835 10.793224334716797 10.497490882873535
			vertex -1.3676048517227173 11.112561225891113 8.342475891113281
			vertex 0.4379698634147644 10.035252571105957 7.7163567543029785
		endloop
	endfacet
	facet normal -0.5450362052934526 -0.541443938981411 -0.6401359198323491
		outer loop
			vertex 0.4379698634147644 10.035252571105957 7.7163567543029785
			vertex -1.3676048517227173 11.112561225891113 8.342475891113281
			vertex 1.0275014638900757 11.456623077392578 6.012174129486084
		endloop
	endfacet
	facet normal -0.5505230631216048 -0.530941500953545 -0.6442247119882957
		outer loop
			vertex -1.3676048517227173 11.112561225891113 8.342475891113281
			vertex -1.291748285293579 12.851243019104004 6.84470796585083
			vertex 1.0275014638900757 11.456623077392578 6.012174129486084
		endloop
	endfacet
	facet normal -0.27590275050810187 0.11111763864832869 -0.954741086705335
		outer loop
			vertex 1.0275014638900757 11.456623077392578 6.012174129486084
			vertex -1.291748285293579 12.851243019104004 6.84470796585083
			vertex 2.4273083209991455 13.266324996948242 5.818277835845947
		endloop
	endfacet
	facet normal -0.2768378708964663 0.12413637914579448 -0.9528646035036054
		outer loop
			vertex -1.291748285293579 12.851243019104004 6.84470796585083
			vertex -0.4592030942440033 14.99077320098877 6.881558418273926
			vertex 2.4273083209991455 13.266324996948242 5.818277835845947
		endloop
	endfacet
	facet normal 0.1554440592423249 0.6937852431377424 -0.703206357231341
		outer loop
			vertex 2.4273083209991455 13.266324996948242 5.818277835845947
			vertex -0.4592030942440033 14.99077320098877 6.881558418273926
			vertex 3.8174026012420654 14.404260635375977 7.248249053955078
		endloop
	endfacet
	facet normal 0.15589041500686282 0.702623593737615 -0.6942753517389388
		outer loop
			vertex -0.4592030942440033 14.99077320098877 6.881558418273926
			vertex 0.6423370242118835 16.277843475341797 8.431441307067871
			vertex 3.8174026012420654 14.404260635375977 7.248249053955078
		endloop
	endfacet
	facet normal 0.4943600845407827 0.867942874882371 -0.04778360339860345
		outer loop
			vertex 3.8174026012420654 14.404260635375977 7.248249053955078
			vertex 0.6423370242118835 16.277843475341797 8.431441307067871
			vertex 4.383485794067383 14.203842163085938 9.464430809020996
		endloop
	endfacet
	facet normal 0.49228035977062023 0.8696581162459123 -0.036807719729975784
		outer loop
			vertex 0.6423370242118835 16.277843475341797 8.431441307067871
			vertex 1.3676048517227173 15.95850658416748 10.586456298828125
			vertex 4.383485794067383 14.203842163085938 9.464430809020996
		endloop
	endfacet
	facet normal 0.5504217900597255 0.537584180993249 0.6387793839607422
		outer loop
			vertex 4.383485794067383 14.203842163085938 9.464430809020996
			vertex 1.3676048517227173 15.95850658416748 10.586456298828125
			vertex 3.793954372406006 12.782472610473633 11.16861343383789
		endloop
	endfacet
	facet normal 0.5436879994573107 0.5340321984255616 0.6474665785126433
		outer loop
			vertex 1.3676048517227173 15.95850658416748 10.586456298828125
			vertex 1.291748285293579 14.21982479095459 12.084223747253418
			vertex 3.793954372406006 12.782472610473633 11.16861343383789
		endloop
	endfacet
	facet normal 0.2818794773420362 -0.11599001643502828 0.952412870734527
		outer loop
			vertex 3.793954372406006 12.782472610473633 11.16861343383789
			vertex 1.291748285293579 14.21982479095459 12.084223747253418
			vertex 2.3941476345062256 10.972769737243652 11.362509727478027
		endloop
	endfacet
	facet normal 0.26889414497155656 -0.12109092776759514 0.9555275642347524
		outer loop
			vertex 1.291748285293579 14.21982479095459 12.084223747253418
			vertex 0.4592030942440033 12.080294609069824 12.04737377166748
			vertex 2.3941476345062256 10.972769737243652 11.362509727478027
		endloop
	endfacet
	facet normal -0.1507418171942123 -0.6969186943753606 0.7011285459736534
		outer loop
			vertex 2.3941476345062256 10.972769737243652 11.362509727478027
			vertex 0.4592030942440033 12.080294609069824 12.04737377166748
			vertex 1.0040532350540161 9.834834098815918 9.932538032531738
		endloop
	endfacet
	facet normal -0.1665464780862455 -0.6971547255281265 0.6973073635857221
		outer loop
			vertex 0.4592030942440033 12.080294609069824 12.04737377166748
			vertex -0.6423370242118835 10.793224334716797 10.497490882873535
			vertex 1.0040532350540161 9.834834098815918 9.932538032531738
		endloop
	endfacet
	facet normal -0.23313743750232882 -0.9702480319217491 -0.0653122636785776
		outer loop
			vertex -0.6423370242118835 10.793224334716797 10.497490882873535
			vertex -2.618206262588501 11.213505744934082 11.307015419006348
			vertex -1.3676048517227173 11.112561225891113 8.342475891113281
		endloop
	endfacet
	facet normal -0.23903838260530885 -0.9686362318410039 -0.0678564809454437
		outer loop
			vertex -2.618206262588501 11.213505744934082 11.307015419006348
			vertex -3.533064126968384 11.58449649810791 9.233979225158691
			vertex -1.3676048517227173 11.112561225891113 8.342475891113281
		endloop
	endfacet
	facet normal -0.414648024714777 -0.5834620686684604 -0.6983115565600032
		outer loop
			vertex -1.3676048517227173 11.112561225891113 8.342475891113281
			vertex -3.533064126968384 11.58449649810791 9.233979225158691
			vertex -1.291748285293579 12.851243019104004 6.84470796585083
		endloop
	endfacet
	facet normal -0.41867936767651437 -0.5789199608933748 -0.6996851191508988
		outer loop
			vertex -3.533064126968384 11.58449649810791 9.233979225158691
			vertex -4.025048732757568 13.44820785522461 7.986338138580322
			vertex -1.291748285293579 12.851243019104004 6.84470796585083
		endloop
	endfacet
	facet normal -0.3522400748083174 0.1529684869692004 -0.9233241964193208
		outer loop
			vertex -1.291748285293579 12.851243019104004 6.84470796585083
			vertex -4.025048732757568 13.44820785522461 7.986338138580322
			vertex -0.4592030942440033 14.99077320098877 6.881558418273926
		endloop
	endfacet
	facet normal -0.35457448948511183 0.15984001419551452 -0.9212644035608616
		outer loop
			vertex -4.025048732757568 13.44820785522461 7.986338138580322
			vertex -3.805962562561035 15.712903022766113 8.294942855834961
			vertex -0.4592030942440033 14.99077320098877 6.881558418273926
		endloop
	endfacet
	facet normal -0.082478412728582 0.794722761529007 -0.6013427007468228
		outer loop
			vertex -0.4592030942440033 14.99077320098877 6.881558418273926
			vertex -3.805962562561035 15.712903022766113 8.294942855834961
			vertex 0.6423370242118835 16.277843475341797 8.431441307067871
		endloop
	endfacet
	facet normal -0.0831876589735145 0.7989301470439866 -0.5956428741610031
		outer loop
			vertex -3.805962562561035 15.712903022766113 8.294942855834961
			vertex -3.004142999649048 17.05195426940918 9.97901725769043
			vertex 0.6423370242118835 16.277843475341797 8.431441307067871
		endloop
	endfacet
	facet normal 0.2335991708136973 0.9701484079849271 0.065142105273509
		outer loop
			vertex 0.6423370242118835 16.277843475341797 8.431441307067871
			vertex -3.004142999649048 17.05195426940918 9.97901725769043
			vertex 1.3676048517227173 15.95850658416748 10.586456298828125
		endloop
	endfacet
	facet normal 0.23275445955160254 0.9699502745818971 0.07086484599111145
		outer loop
			vertex -3.004142999649048 17.05195426940918 9.97901725769043
			vertex -2.089285373687744 16.68096351623535 12.052053451538086
			vertex 1.3676048517227173 15.95850658416748 10.586456298828125
		endloop
	endfacet
	facet normal 0.41742562276176204 0.582561996561526 0.6974076065144428
		outer loop
			vertex 1.3676048517227173 15.95850658416748 10.586456298828125
			vertex -2.089285373687744 16.68096351623535 12.052053451538086
			vertex 1.291748285293579 14.21982479095459 12.084223747253418
		endloop
	endfacet
	facet normal 0.4149678288577786 0.5792407242792679 0.7016280242047709
		outer loop
			vertex -2.089285373687744 16.68096351623535 12.052053451538086
			vertex -1.5973007678985596 14.817251205444336 13.299695014953613
			vertex 1.291748285293579 14.21982479095459 12.084223747253418
		endloop
	endfacet
	facet normal 0.3558591106985754 -0.154348657665017 0.9217053678968277
		outer loop
			vertex 1.291748285293579 14.21982479095459 12.084223747253418
			vertex -1.5973007678985596 14.817251205444336 13.299695014953613
			vertex 0.4592030942440033 12.080294609069824 12.04737377166748
		endloop
	endfacet
	facet normal 0.3497163231733955 -0.1596280881940805 0.9231561984656681
		outer loop
			vertex -1.5973007678985596 14.817251205444336 13.299695014953613
			vertex -1.8163869380950928 12.552556991577148 12.991089820861816
			vertex 0.4592030942440033 12.080294609069824 12.04737377166748
		endloop
	endfacet
	facet normal 0.08404710535718643 -0.7951396131940515 0.6005739584852913
		outer loop
			vertex 0.4592030942440033 12.080294609069824 12.04737377166748
			vertex -1.8163869380950928 12.552556991577148 12.991089820861816
			vertex -0.6423370242118835 10.793224334716797 10.497490882873535
		endloop
	endfacet
	facet normal 0.0754658225190384 -0.7976871758999005 0.598331078113419
		outer loop
			vertex -1.8163869380950928 12.552556991577148 12.991089820861816
			vertex -2.618206262588501 11.213505744934082 11.307015419006348
			vertex -0.6423370242118835 10.793224334716797 10.497490882873535
		endloop
	endfacet
	facet normal 0.030906396901605574 -0.9814371256772585 -0.18927747613734056
		outer loop
			vertex -2.618206262588501 11.213505744934082 11.307015419006348
			vertex -4.6873040199279785 10.959118843078613 12.288201332092285
			vertex -3.533064126968384 11.58449649810791 9.233979225158691
		endloop
	endfacet
	facet normal 0.03010522282718866 -0.9814048644263109 -0.18957364700532608
		outer loop
			vertex -4.6873040199279785 10.959118843078613 12.288201332092285
			vertex -5.811988830566406 11.305463790893555 10.316600799560547
			vertex -3.533064126968384 11.58449649810791 9.233979225158691
		endloop
	endfacet
	facet normal -0.2888514796184718 -0.584068069409055 -0.7585705722073585
		outer loop
			vertex -3.533064126968384 11.58449649810791 9.233979225158691
			vertex -5.811988830566406 11.305463790893555 10.316600799560547
			vertex -4.025048732757568 13.44820785522461 7.986338138580322
		endloop
	endfacet
	facet normal -0.2897405912972615 -0.5834636621223104 -0.7586966091512046
		outer loop
			vertex -5.811988830566406 11.305463790893555 10.316600799560547
			vertex -6.873113632202148 13.09516716003418 9.34549331665039
			vertex -4.025048732757568 13.44820785522461 7.986338138580322
		endloop
	endfacet
	facet normal -0.4413141130958752 0.16294006287356919 -0.8824354874398234
		outer loop
			vertex -4.025048732757568 13.44820785522461 7.986338138580322
			vertex -6.873113632202148 13.09516716003418 9.34549331665039
			vertex -3.805962562561035 15.712903022766113 8.294942855834961
		endloop
	endfacet
	facet normal -0.44278858031196194 0.1651275823116187 -0.8812894840546078
		outer loop
			vertex -6.873113632202148 13.09516716003418 9.34549331665039
			vertex -7.249086856842041 15.279847145080566 9.94373893737793
			vertex -3.805962562561035 15.712903022766113 8.294942855834961
		endloop
	endfacet
	facet normal -0.33362584251384486 0.8088151008670013 -0.48426431813259774
		outer loop
			vertex -3.805962562561035 15.712903022766113 8.294942855834961
			vertex -7.249086856842041 15.279847145080566 9.94373893737793
			vertex -3.004142999649048 17.05195426940918 9.97901725769043
		endloop
	endfacet
	facet normal -0.3341132302560468 0.809938433328545 -0.48204572769102766
		outer loop
			vertex -7.249086856842041 15.279847145080566 9.94373893737793
			vertex -6.719667434692383 16.57974624633789 11.760894775390625
			vertex -3.004142999649048 17.05195426940918 9.97901725769043
		endloop
	endfacet
	facet normal -0.03341552363314887 0.981150629265212 0.19033351116606168
		outer loop
			vertex -3.004142999649048 17.05195426940918 9.97901725769043
			vertex -6.719667434692383 16.57974624633789 11.760894775390625
			vertex -2.089285373687744 16.68096351623535 12.052053451538086
		endloop
	endfacet
	facet normal -0.033478918765924466 0.9809379248084573 0.19141564635823868
		outer loop
			vertex -6.719667434692383 16.57974624633789 11.760894775390625
			vertex -5.594982624053955 16.233402252197266 13.732495307922363
			vertex -2.089285373687744 16.68096351623535 12.052053451538086
		endloop
	endfacet
	facet normal 0.28902033411267236 0.5840690012654538 0.7585055360576972
		outer loop
			vertex -2.089285373687744 16.68096351623535 12.052053451538086
			vertex -5.594982624053955 16.233402252197266 13.732495307922363
			vertex -1.5973007678985596 14.817251205444336 13.299695014953613
		endloop
	endfacet
	facet normal 0.2887958138513171 0.5832063043244051 0.7592544925769125
		outer loop
			vertex -5.594982624053955 16.233402252197266 13.732495307922363
			vertex -4.533857822418213 14.443697929382324 14.703603744506836
			vertex -1.5973007678985596 14.817251205444336 13.299695014953613
		endloop
	endfacet
	facet normal 0.44235401583932826 -0.1629692107954732 0.8819092702787064
		outer loop
			vertex -1.5973007678985596 14.817251205444336 13.299695014953613
			vertex -4.533857822418213 14.443697929382324 14.703603744506836
			vertex -1.8163869380950928 12.552556991577148 12.991089820861816
		endloop
	endfacet
	facet normal 0.4406258629993287 -0.16576412317816314 0.8822534240925743
		outer loop
			vertex -4.533857822418213 14.443697929382324 14.703603744506836
			vertex -4.15788459777832 12.259017944335938 14.10535717010498
			vertex -1.8163869380950928 12.552556991577148 12.991089820861816
		endloop
	endfacet
	facet normal 0.3322247485935199 -0.8089349572232775 0.48502675328701916
		outer loop
			vertex -1.8163869380950928 12.552556991577148 12.991089820861816
			vertex -4.15788459777832 12.259017944335938 14.10535717010498
			vertex -2.618206262588501 11.213505744934082 11.307015419006348
		endloop
	endfacet
	facet normal 0.32921903442157663 -0.8107468676238566 0.4840499395854002
		outer loop
			vertex -4.15788459777832 12.259017944335938 14.10535717010498
			vertex -4.6873040199279785 10.959118843078613 12.288201332092285
			vertex -2.618206262588501 11.213505744934082 11.307015419006348
		endloop
	endfacet
	facet normal 0.2759960058501011 -0.9074331523496505 -0.3168458280797886
		outer loop
			vertex -4.6873040199279785 10.959118843078613 12.288201332092285
			vertex -6.573599338531494 10.017355918884277 13.342268943786621
			vertex -5.811988830566406 11.305463790893555 10.316600799560547
		endloop
	endfacet
	facet normal 0.2776037131555108 -0.9071290442299531 -0.3163116747082298
		outer loop
			vertex -6.573599338531494 10.017355918884277 13.342268943786621
			vertex -7.908317565917969 10.255077362060547 11.48913860321045
			vertex -5.811988830566406 11.305463790893555 10.316600799560547
		endloop
	endfacet
	facet normal -0.18074190290253972 -0.5497002360624024 -0.8155746532403445
		outer loop
			vertex -5.811988830566406 11.305463790893555 10.316600799560547
			vertex -7.908317565917969 10.255077362060547 11.48913860321045
			vertex -6.873113632202148 13.09516716003418 9.34549331665039
		endloop
	endfacet
	facet normal -0.17973117688227044 -0.5500561249112261 -0.8155580687505701
		outer loop
			vertex -7.908317565917969 10.255077362060547 11.48913860321045
			vertex -9.484297752380371 11.779741287231445 10.808135032653809
			vertex -6.873113632202148 13.09516716003418 9.34549331665039
		endloop
	endfacet
	facet normal -0.535456948508415 0.13609991252858117 -0.8335242468601434
		outer loop
			vertex -6.873113632202148 13.09516716003418 9.34549331665039
			vertex -9.484297752380371 11.779741287231445 10.808135032653809
			vertex -7.249086856842041 15.279847145080566 9.94373893737793
		endloop
	endfacet
	facet normal -0.5360991855546121 0.1366336048198034 -0.8330239620092734
		outer loop
			vertex -9.484297752380371 11.779741287231445 10.808135032653809
			vertex -10.378352165222168 13.698220252990723 11.698182106018066
			vertex -7.249086856842041 15.279847145080566 9.94373893737793
		endloop
	endfacet
	facet normal -0.5735664903029664 0.7360825493812668 -0.35944952593919544
		outer loop
			vertex -7.249086856842041 15.279847145080566 9.94373893737793
			vertex -10.378352165222168 13.698220252990723 11.698182106018066
			vertex -6.719667434692383 16.57974624633789 11.760894775390625
		endloop
	endfacet
	facet normal -0.5736944356801845 0.7362338083685037 -0.35893519454743383
		outer loop
			vertex -10.378352165222168 13.698220252990723 11.698182106018066
			vertex -10.066755294799805 14.88669490814209 13.63790225982666
			vertex -6.719667434692383 16.57974624633789 11.760894775390625
		endloop
	endfacet
	facet normal -0.2795135772998136 0.9057557131703471 0.3185572918084552
		outer loop
			vertex -6.719667434692383 16.57974624633789 11.760894775390625
			vertex -10.066755294799805 14.88669490814209 13.63790225982666
			vertex -5.594982624053955 16.233402252197266 13.732495307922363
		endloop
	endfacet
	facet normal -0.2795873573603588 0.9060676606601864 0.3176040048708906
		outer loop
			vertex -10.066755294799805 14.88669490814209 13.63790225982666
			vertex -8.732037544250488 14.64897346496582 15.491033554077148
			vertex -5.594982624053955 16.233402252197266 13.732495307922363
		endloop
	endfacet
	facet normal 0.17990816229835727 0.5494115695930363 0.8159534179937875
		outer loop
			vertex -5.594982624053955 16.233402252197266 13.732495307922363
			vertex -8.732037544250488 14.64897346496582 15.491033554077148
			vertex -4.533857822418213 14.443697929382324 14.703603744506836
		endloop
	endfacet
	facet normal 0.17985368590412068 0.5501433832843478 0.8154722003202519
		outer loop
			vertex -8.732037544250488 14.64897346496582 15.491033554077148
			vertex -7.156057357788086 13.124309539794922 16.172035217285156
			vertex -4.533857822418213 14.443697929382324 14.703603744506836
		endloop
	endfacet
	facet normal 0.535321226087364 -0.13614546765244803 0.8336039806394986
		outer loop
			vertex -4.533857822418213 14.443697929382324 14.703603744506836
			vertex -7.156057357788086 13.124309539794922 16.172035217285156
			vertex -4.15788459777832 12.259017944335938 14.10535717010498
		endloop
	endfacet
	facet normal 0.5349601823439738 -0.13744191061524957 0.8336230110265266
		outer loop
			vertex -7.156057357788086 13.124309539794922 16.172035217285156
			vertex -6.262002944946289 11.205830574035645 15.281989097595215
			vertex -4.15788459777832 12.259017944335938 14.10535717010498
		endloop
	endfacet
	facet normal 0.5709659150755272 -0.7373046431440692 0.3610814132853735
		outer loop
			vertex -4.15788459777832 12.259017944335938 14.10535717010498
			vertex -6.262002944946289 11.205830574035645 15.281989097595215
			vertex -4.6873040199279785 10.959118843078613 12.288201332092285
		endloop
	endfacet
	facet normal 0.5700982101384262 -0.7381642992554256 0.36069585262615567
		outer loop
			vertex -6.262002944946289 11.205830574035645 15.281989097595215
			vertex -6.573599338531494 10.017355918884277 13.342268943786621
			vertex -4.6873040199279785 10.959118843078613 12.288201332092285
		endloop
	endfacet
	facet normal 0.4788868330694976 -0.7583692952295992 -0.442202909494757
		outer loop
			vertex -6.573599338531494 10.017355918884277 13.342268943786621
			vertex -8.026409149169922 8.506351470947266 14.360280990600586
			vertex -7.908317565917969 10.255077362060547 11.48913860321045
		endloop
	endfacet
	facet normal 0.4794965225624559 -0.75809574808752 -0.44201122336671034
		outer loop
			vertex -8.026409149169922 8.506351470947266 14.360280990600586
			vertex -9.544278144836426 8.5504732131958 12.63801383972168
			vertex -7.908317565917969 10.255077362060547 11.48913860321045
		endloop
	endfacet
	facet normal -0.09882163292743858 -0.48920126895020166 -0.8665543279697283
		outer loop
			vertex -7.908317565917969 10.255077362060547 11.48913860321045
			vertex -9.544278144836426 8.5504732131958 12.63801383972168
			vertex -9.484297752380371 11.779741287231445 10.808135032653809
		endloop
	endfacet
	facet normal -0.09899866269724111 -0.4891901026527076 -0.86654042505286
		outer loop
			vertex -9.544278144836426 8.5504732131958 12.63801383972168
			vertex -11.526790618896484 9.641395568847656 12.24864673614502
			vertex -9.484297752380371 11.779741287231445 10.808135032653809
		endloop
	endfacet
	facet normal -0.6233392517865661 0.07079373859592944 -0.7787402800406406
		outer loop
			vertex -9.484297752380371 11.779741287231445 10.808135032653809
			vertex -11.526790618896484 9.641395568847656 12.24864673614502
			vertex -10.378352165222168 13.698220252990723 11.698182106018066
		endloop
	endfacet
	facet normal -0.6250098029653607 0.0714567227528801 -0.7773394901654096
		outer loop
			vertex -11.526790618896484 9.641395568847656 12.24864673614502
			vertex -12.81261920928955 11.1400728225708 13.420266151428223
			vertex -10.378352165222168 13.698220252990723 11.698182106018066
		endloop
	endfacet
	facet normal -0.7779515425060683 0.5836673721404386 -0.2326452153196018
		outer loop
			vertex -10.378352165222168 13.698220252990723 11.698182106018066
			vertex -12.81261920928955 11.1400728225708 13.420266151428223
			vertex -10.066755294799805 14.88669490814209 13.63790225982666
		endloop
	endfacet
	facet normal -0.7783041002315756 0.5838328251592112 -0.231045363141812
		outer loop
			vertex -12.81261920928955 11.1400728225708 13.420266151428223
			vertex -12.648541450500488 12.168599128723145 15.466552734375
			vertex -10.066755294799805 14.88669490814209 13.63790225982666
		endloop
	endfacet
	facet normal -0.48145938336827926 0.7558434303395116 0.4437314176156975
		outer loop
			vertex -10.066755294799805 14.88669490814209 13.63790225982666
			vertex -12.648541450500488 12.168599128723145 15.466552734375
			vertex -8.732037544250488 14.64897346496582 15.491033554077148
		endloop
	endfacet
	facet normal -0.48146945989082435 0.7558597229820511 0.443692729674417
		outer loop
			vertex -12.648541450500488 12.168599128723145 15.466552734375
			vertex -11.130672454833984 12.12447738647461 17.188819885253906
			vertex -8.732037544250488 14.64897346496582 15.491033554077148
		endloop
	endfacet
	facet normal 0.09867205680689128 0.48908300330421745 0.8666381257967044
		outer loop
			vertex -8.732037544250488 14.64897346496582 15.491033554077148
			vertex -11.130672454833984 12.12447738647461 17.188819885253906
			vertex -7.156057357788086 13.124309539794922 16.172035217285156
		endloop
	endfacet
	facet normal 0.09876406355286442 0.4888438202180416 0.866762585247631
		outer loop
			vertex -11.130672454833984 12.12447738647461 17.188819885253906
			vertex -9.148159980773926 11.033555030822754 17.578187942504883
			vertex -7.156057357788086 13.124309539794922 16.172035217285156
		endloop
	endfacet
	facet normal 0.6236126093158109 -0.07057368100960101 0.7785413727292089
		outer loop
			vertex -7.156057357788086 13.124309539794922 16.172035217285156
			vertex -9.148159980773926 11.033555030822754 17.578187942504883
			vertex -6.262002944946289 11.205830574035645 15.281989097595215
		endloop
	endfacet
	facet normal 0.6235884099484139 -0.0734248295926125 0.7782970444356737
		outer loop
			vertex -9.148159980773926 11.033555030822754 17.578187942504883
			vertex -7.862331390380859 9.53487777709961 16.40656852722168
			vertex -6.262002944946289 11.205830574035645 15.281989097595215
		endloop
	endfacet
	facet normal 0.7760208028078827 -0.5856294614343084 0.23415774065695874
		outer loop
			vertex -6.262002944946289 11.205830574035645 15.281989097595215
			vertex -7.862331390380859 9.53487777709961 16.40656852722168
			vertex -6.573599338531494 10.017355918884277 13.342268943786621
		endloop
	endfacet
	facet normal 0.7747130684406662 -0.5877072584088042 0.2332806035675805
		outer loop
			vertex -7.862331390380859 9.53487777709961 16.40656852722168
			vertex -8.026409149169922 8.506351470947266 14.360280990600586
			vertex -6.573599338531494 10.017355918884277 13.342268943786621
		endloop
	endfacet
	facet normal 0.6198553528342603 -0.5493371044185841 -0.5603642451760464
		outer loop
			vertex -8.026409149169922 8.506351470947266 14.360280990600586
			vertex -8.879890441894531 6.6474127769470215 15.238547325134277
			vertex -9.544278144836426 8.5504732131958 12.63801383972168
		endloop
	endfacet
	facet normal 0.617063962803682 -0.5515500546587558 -0.5612705256958889
		outer loop
			vertex -8.879890441894531 6.6474127769470215 15.238547325134277
			vertex -10.523913383483887 6.423218250274658 13.651411056518555
			vertex -9.544278144836426 8.5504732131958 12.63801383972168
		endloop
	endfacet
	facet normal -0.04773631162485912 -0.4115861649495032 -0.9101198126481012
		outer loop
			vertex -9.544278144836426 8.5504732131958 12.63801383972168
			vertex -10.523913383483887 6.423218250274658 13.651411056518555
			vertex -11.526790618896484 9.641395568847656 12.24864673614502
		endloop
	endfacet
	facet normal -0.052061557249819035 -0.41262542920762074 -0.9094118150914637
		outer loop
			vertex -10.523913383483887 6.423218250274658 13.651411056518555
			vertex -12.756333351135254 6.948708534240723 13.54078197479248
			vertex -11.526790618896484 9.641395568847656 12.24864673614502
		endloop
	endfacet
	facet normal -0.6921117578999433 -0.030030303810484722 -0.7211653731493909
		outer loop
			vertex -11.526790618896484 9.641395568847656 12.24864673614502
			vertex -12.756333351135254 6.948708534240723 13.54078197479248
			vertex -12.81261920928955 11.1400728225708 13.420266151428223
		endloop
	endfacet
	facet normal -0.6967806265810259 -0.029963405229130085 -0.7166581840518029
		outer loop
			vertex -12.756333351135254 6.948708534240723 13.54078197479248
			vertex -14.269429206848145 7.916058540344238 14.971465110778809
			vertex -12.81261920928955 11.1400728225708 13.420266151428223
		endloop
	endfacet
	facet normal -0.9245113871978061 0.3651198300496537 -0.10939014876167064
		outer loop
			vertex -12.81261920928955 11.1400728225708 13.420266151428223
			vertex -14.269429206848145 7.916058540344238 14.971465110778809
			vertex -12.648541450500488 12.168599128723145 15.466552734375
		endloop
	endfacet
	facet normal -0.9252833327504237 0.36477283192961896 -0.10388231428070234
		outer loop
			vertex -14.269429206848145 7.916058540344238 14.971465110778809
			vertex -14.176849365234375 8.758607864379883 17.105384826660156
			vertex -12.648541450500488 12.168599128723145 15.466552734375
		endloop
	endfacet
	facet normal -0.6206397799914419 0.547784211399071 0.5610157941039383
		outer loop
			vertex -12.648541450500488 12.168599128723145 15.466552734375
			vertex -14.176849365234375 8.758607864379883 17.105384826660156
			vertex -11.130672454833984 12.12447738647461 17.188819885253906
		endloop
	endfacet
	facet normal -0.6191080362916096 0.5463208423464195 0.564126560815076
		outer loop
			vertex -14.176849365234375 8.758607864379883 17.105384826660156
			vertex -12.532825469970703 8.982802391052246 18.692522048950195
			vertex -11.130672454833984 12.12447738647461 17.188819885253906
		endloop
	endfacet
	facet normal 0.0488907406448772 0.4133737079833725 0.9092479711427863
		outer loop
			vertex -11.130672454833984 12.12447738647461 17.188819885253906
			vertex -12.532825469970703 8.982802391052246 18.692522048950195
			vertex -9.148159980773926 11.033555030822754 17.578187942504883
		endloop
	endfacet
	facet normal 0.051385435232292075 0.41000887312895834 0.9106328903578597
		outer loop
			vertex -12.532825469970703 8.982802391052246 18.692522048950195
			vertex -10.300405502319336 8.45731258392334 18.803150177001953
			vertex -9.148159980773926 11.033555030822754 17.578187942504883
		endloop
	endfacet
	facet normal 0.6933863911656626 0.032153618972467796 0.7198482182607887
		outer loop
			vertex -9.148159980773926 11.033555030822754 17.578187942504883
			vertex -10.300405502319336 8.45731258392334 18.803150177001953
			vertex -7.862331390380859 9.53487777709961 16.40656852722168
		endloop
	endfacet
	facet normal 0.6951813657767154 0.02487963381764046 0.7184036974417106
		outer loop
			vertex -10.300405502319336 8.45731258392334 18.803150177001953
			vertex -8.787310600280762 7.489962100982666 17.372467041015625
			vertex -7.862331390380859 9.53487777709961 16.40656852722168
		endloop
	endfacet
	facet normal 0.9240727846178595 -0.3660742809686722 0.1099050023514173
		outer loop
			vertex -7.862331390380859 9.53487777709961 16.40656852722168
			vertex -8.787310600280762 7.489962100982666 17.372467041015625
			vertex -8.026409149169922 8.506351470947266 14.360280990600586
		endloop
	endfacet
	facet normal 0.9217874438737991 -0.37260181234437384 0.10712514996160291
		outer loop
			vertex -8.787310600280762 7.489962100982666 17.372467041015625
			vertex -8.879890441894531 6.6474127769470215 15.238547325134277
			vertex -8.026409149169922 8.506351470947266 14.360280990600586
		endloop
	endfacet
	facet normal 0.6834871179941276 -0.29954246707643034 -0.6656723442909785
		outer loop
			vertex -8.879890441894531 6.6474127769470215 15.238547325134277
			vertex -9.089954376220703 4.7109694480896 15.894231796264648
			vertex -10.523913383483887 6.423218250274658 13.651411056518555
		endloop
	endfacet
	facet normal 0.6776463443126884 -0.3074985991245102 -0.6680120085568171
		outer loop
			vertex -9.089954376220703 4.7109694480896 15.894231796264648
			vertex -10.776217460632324 4.169159889221191 14.433053970336914
			vertex -10.523913383483887 6.423218250274658 13.651411056518555
		endloop
	endfacet
	facet normal -0.02954192829359676 -0.3245351589052318 -0.9454121879408219
		outer loop
			vertex -10.523913383483887 6.423218250274658 13.651411056518555
			vertex -10.776217460632324 4.169159889221191 14.433053970336914
			vertex -12.756333351135254 6.948708534240723 13.54078197479248
		endloop
	endfacet
	facet normal -0.03824656405615619 -0.33002513367673264 -0.9431970162588267
		outer loop
			vertex -10.776217460632324 4.169159889221191 14.433053970336914
			vertex -13.065240859985352 4.049533843994141 14.567730903625488
			vertex -12.756333351135254 6.948708534240723 13.54078197479248
		endloop
	endfacet
	facet normal -0.7298356555725793 -0.15784608386956908 -0.6651500053837363
		outer loop
			vertex -12.756333351135254 6.948708534240723 13.54078197479248
			vertex -13.065240859985352 4.049533843994141 14.567730903625488
			vertex -14.269429206848145 7.916058540344238 14.971465110778809
		endloop
	endfacet
	facet normal -0.737343187617086 -0.16113776779848552 -0.6560180206850998
		outer loop
			vertex -13.065240859985352 4.049533843994141 14.567730903625488
			vertex -14.6161470413208 4.422166347503662 16.219369888305664
			vertex -14.269429206848145 7.916058540344238 14.971465110778809
		endloop
	endfacet
	facet normal -0.9949760696723651 0.10004592736954213 0.0036651324807696994
		outer loop
			vertex -14.269429206848145 7.916058540344238 14.971465110778809
			vertex -14.6161470413208 4.422166347503662 16.219369888305664
			vertex -14.176849365234375 8.758607864379883 17.105384826660156
		endloop
	endfacet
	facet normal -0.9950962519901729 0.09783845507054492 0.014528798454078947
		outer loop
			vertex -14.6161470413208 4.422166347503662 16.219369888305664
			vertex -14.520435333251953 5.068774223327637 18.42046356201172
			vertex -14.176849365234375 8.758607864379883 17.105384826660156
		endloop
	endfacet
	facet normal -0.6833058894051522 0.3007492821757972 0.6653141594577531
		outer loop
			vertex -14.176849365234375 8.758607864379883 17.105384826660156
			vertex -14.520435333251953 5.068774223327637 18.42046356201172
			vertex -12.532825469970703 8.982802391052246 18.692522048950195
		endloop
	endfacet
	facet normal -0.6780158298955798 0.29759039465667525 0.6721119634548193
		outer loop
			vertex -14.520435333251953 5.068774223327637 18.42046356201172
			vertex -12.834173202514648 5.610583782196045 19.881641387939453
			vertex -12.532825469970703 8.982802391052246 18.692522048950195
		endloop
	endfacet
	facet normal 0.030908481145214942 0.3299360544826271 0.9434971466547913
		outer loop
			vertex -12.532825469970703 8.982802391052246 18.692522048950195
			vertex -12.834173202514648 5.610583782196045 19.881641387939453
			vertex -10.300405502319336 8.45731258392334 18.803150177001953
		endloop
	endfacet
	facet normal 0.03870397756072448 0.3237055602816184 0.9453659145345481
		outer loop
			vertex -12.834173202514648 5.610583782196045 19.881641387939453
			vertex -10.545149803161621 5.730210304260254 19.746965408325195
			vertex -10.300405502319336 8.45731258392334 18.803150177001953
		endloop
	endfacet
	facet normal 0.731005632139692 0.16366262549552327 0.6624540065513691
		outer loop
			vertex -10.300405502319336 8.45731258392334 18.803150177001953
			vertex -10.545149803161621 5.730210304260254 19.746965408325195
			vertex -8.787310600280762 7.489962100982666 17.372467041015625
		endloop
	endfacet
	facet normal 0.7374005656278136 0.1515740030598033 0.6582292362150189
		outer loop
			vertex -10.545149803161621 5.730210304260254 19.746965408325195
			vertex -8.994243621826172 5.357577800750732 18.095325469970703
			vertex -8.787310600280762 7.489962100982666 17.372467041015625
		endloop
	endfacet
	facet normal 0.9951683676545 -0.09808225193814922 -0.004448805976838182
		outer loop
			vertex -8.787310600280762 7.489962100982666 17.372467041015625
			vertex -8.994243621826172 5.357577800750732 18.095325469970703
			vertex -8.879890441894531 6.6474127769470215 15.238547325134277
		endloop
	endfacet
	facet normal 0.9937254146433275 -0.11135341019050955 -0.01049849183889502
		outer loop
			vertex -8.994243621826172 5.357577800750732 18.095325469970703
			vertex -9.089954376220703 4.7109694480896 15.894231796264648
			vertex -8.879890441894531 6.6474127769470215 15.238547325134277
		endloop
	endfacet
	facet normal 0.6604356361886395 -0.03232141200224444 -0.7501867079456208
		outer loop
			vertex -9.089954376220703 4.7109694480896 15.894231796264648
			vertex -8.735922813415527 2.9508354663848877 16.281742095947266
			vertex -10.776217460632324 4.169159889221191 14.433053970336914
		endloop
	endfacet
	facet normal 0.6556118753408077 -0.04574737583975935 -0.7537109834120006
		outer loop
			vertex -8.735922813415527 2.9508354663848877 16.281742095947266
			vertex -10.366479873657227 2.086061954498291 14.915898323059082
			vertex -10.776217460632324 4.169159889221191 14.433053970336914
		endloop
	endfacet
	facet normal -0.044915534399189924 -0.2339528940052973 -0.9712098836792084
		outer loop
			vertex -10.776217460632324 4.169159889221191 14.433053970336914
			vertex -10.366479873657227 2.086061954498291 14.915898323059082
			vertex -13.065240859985352 4.049533843994141 14.567730903625488
		endloop
	endfacet
	facet normal -0.05334201740149397 -0.24497650606883953 -0.9680605046451604
		outer loop
			vertex -10.366479873657227 2.086061954498291 14.915898323059082
			vertex -12.50368881225586 1.307984709739685 15.230562210083008
			vertex -13.065240859985352 4.049533843994141 14.567730903625488
		endloop
	endfacet
	facet normal -0.7284601107828269 -0.2983182611783191 -0.6167269104277968
		outer loop
			vertex -13.065240859985352 4.049533843994141 14.567730903625488
			vertex -12.50368881225586 1.307984709739685 15.230562210083008
			vertex -14.6161470413208 4.422166347503662 16.219369888305664
		endloop
	endfacet
	facet normal -0.7349937573582684 -0.306525991984323 -0.6048355089463594
		outer loop
			vertex -12.50368881225586 1.307984709739685 15.230562210083008
			vertex -13.895600318908691 1.0723910331726074 17.041404724121094
			vertex -14.6161470413208 4.422166347503662 16.219369888305664
		endloop
	endfacet
	facet normal -0.9776421233296714 -0.1864221949221093 0.09727612210545099
		outer loop
			vertex -14.6161470413208 4.422166347503662 16.219369888305664
			vertex -13.895600318908691 1.0723910331726074 17.041404724121094
			vertex -14.520435333251953 5.068774223327637 18.42046356201172
		endloop
	endfacet
	facet normal -0.9753223205728418 -0.19081726245720845 0.1110636904696744
		outer loop
			vertex -13.895600318908691 1.0723910331726074 17.041404724121094
			vertex -13.726852416992188 1.517288327217102 19.287662506103516
			vertex -14.520435333251953 5.068774223327637 18.42046356201172
		endloop
	endfacet
	facet normal -0.660921851849986 0.03535830199487659 0.7496213018766371
		outer loop
			vertex -14.520435333251953 5.068774223327637 18.42046356201172
			vertex -13.726852416992188 1.517288327217102 19.287662506103516
			vertex -12.834173202514648 5.610583782196045 19.881641387939453
		endloop
	endfacet
	facet normal -0.651781464616105 0.03218923721110612 0.7577234161556922
		outer loop
			vertex -13.726852416992188 1.517288327217102 19.287662506103516
			vertex -12.096294403076172 2.3820619583129883 20.653505325317383
			vertex -12.834173202514648 5.610583782196045 19.881641387939453
		endloop
	endfacet
	facet normal 0.04438789940882717 0.24187950195945335 0.9692904729326081
		outer loop
			vertex -12.834173202514648 5.610583782196045 19.881641387939453
			vertex -12.096294403076172 2.3820619583129883 20.653505325317383
			vertex -10.545149803161621 5.730210304260254 19.746965408325195
		endloop
	endfacet
	facet normal 0.056775504045007724 0.23633569731867463 0.9700113299922487
		outer loop
			vertex -12.096294403076172 2.3820619583129883 20.653505325317383
			vertex -9.959086418151855 3.1601390838623047 20.33884048461914
			vertex -10.545149803161621 5.730210304260254 19.746965408325195
		endloop
	endfacet
	facet normal 0.7273465219987277 0.3071872140854827 0.6136799267034518
		outer loop
			vertex -10.545149803161621 5.730210304260254 19.746965408325195
			vertex -9.959086418151855 3.1601390838623047 20.33884048461914
			vertex -8.994243621826172 5.357577800750732 18.095325469970703
		endloop
	endfacet
	facet normal 0.7387829024154418 0.29451439740722846 0.6061856916972496
		outer loop
			vertex -9.959086418151855 3.1601390838623047 20.33884048461914
			vertex -8.567173957824707 3.3957326412200928 18.527997970581055
			vertex -8.994243621826172 5.357577800750732 18.095325469970703
		endloop
	endfacet
	facet normal 0.9766560517512856 0.19087357284393905 -0.09854052855236618
		outer loop
			vertex -8.994243621826172 5.357577800750732 18.095325469970703
			vertex -8.567173957824707 3.3957326412200928 18.527997970581055
			vertex -9.089954376220703 4.7109694480896 15.894231796264648
		endloop
	endfacet
	facet normal 0.9789705559807174 0.17316662222407667 -0.10784234544143156
		outer loop
			vertex -8.567173957824707 3.3957326412200928 18.527997970581055
			vertex -8.735922813415527 2.9508354663848877 16.281742095947266
			vertex -9.089954376220703 4.7109694480896 15.894231796264648
		endloop
	endfacet
	facet normal 0.5530868698249152 0.22437415015418777 -0.8023410466689732
		outer loop
			vertex -8.735922813415527 2.9508354663848877 16.281742095947266
			vertex -7.979337215423584 1.5460293292999268 16.41043472290039
			vertex -10.366479873657227 2.086061954498291 14.915898323059082
		endloop
	endfacet
	facet normal 0.5529040824606678 0.21945900677925664 -0.8038251177599449
		outer loop
			vertex -7.979337215423584 1.5460293292999268 16.41043472290039
			vertex -9.470696449279785 0.4191819131374359 15.076966285705566
			vertex -10.366479873657227 2.086061954498291 14.915898323059082
		endloop
	endfacet
	facet normal -0.09232461536481669 -0.14480816407929928 -0.9851430155128348
		outer loop
			vertex -10.366479873657227 2.086061954498291 14.915898323059082
			vertex -9.470696449279785 0.4191819131374359 15.076966285705566
			vertex -12.50368881225586 1.307984709739685 15.230562210083008
		endloop
	endfacet
	facet normal -0.09350818497202457 -0.1489737059834065 -0.9844100031332511
		outer loop
			vertex -9.470696449279785 0.4191819131374359 15.076966285705566
			vertex -11.272114753723145 -0.9532166123390198 15.455770492553711
			vertex -12.50368881225586 1.307984709739685 15.230562210083008
		endloop
	endfacet
	facet normal -0.6868819612071065 -0.43229969241609406 -0.5842175513498629
		outer loop
			vertex -12.50368881225586 1.307984709739685 15.230562210083008
			vertex -11.272114753723145 -0.9532166123390198 15.455770492553711
			vertex -13.895600318908691 1.0723910331726074 17.041404724121094
		endloop
	endfacet
	facet normal -0.687848883741984 -0.43747515039317725 -0.5792058407193195
		outer loop
			vertex -11.272114753723145 -0.9532166123390198 15.455770492553711
			vertex -12.32834529876709 -1.7672337293624878 17.324949264526367
			vertex -13.895600318908691 1.0723910331726074 17.041404724121094
		endloop
	endfacet
	facet normal -0.8711404625624687 -0.4650702818878199 0.15755610870807893
		outer loop
			vertex -13.895600318908691 1.0723910331726074 17.041404724121094
			vertex -12.32834529876709 -1.7672337293624878 17.324949264526367
			vertex -13.726852416992188 1.517288327217102 19.287662506103516
		endloop
	endfacet
	facet normal -0.8686162468289471 -0.46766405616672374 0.1636952849488382
		outer loop
			vertex -12.32834529876709 -1.7672337293624878 17.324949264526367
			vertex -12.020663261413574 -1.5460293292999268 19.58956527709961
			vertex -13.726852416992188 1.517288327217102 19.287662506103516
		endloop
	endfacet
	facet normal -0.5513310812296203 -0.2279843750402082 0.8025317212470194
		outer loop
			vertex -13.726852416992188 1.517288327217102 19.287662506103516
			vertex -12.020663261413574 -1.5460293292999268 19.58956527709961
			vertex -12.096294403076172 2.3820619583129883 20.653505325317383
		endloop
	endfacet
	facet normal -0.5471910849866084 -0.2286218181030694 0.8051794711729962
		outer loop
			vertex -12.020663261413574 -1.5460293292999268 19.58956527709961
			vertex -10.529303550720215 -0.4191819131374359 20.923032760620117
			vertex -12.096294403076172 2.3820619583129883 20.653505325317383
		endloop
	endfacet
	facet normal 0.09181964408244751 0.14613631948200406 0.9849940756617913
		outer loop
			vertex -12.096294403076172 2.3820619583129883 20.653505325317383
			vertex -10.529303550720215 -0.4191819131374359 20.923032760620117
			vertex -9.959086418151855 3.1601390838623047 20.33884048461914
		endloop
	endfacet
	facet normal 0.09631001028086279 0.145369487431741 0.9846786755300092
		outer loop
			vertex -10.529303550720215 -0.4191819131374359 20.923032760620117
			vertex -8.727885246276855 0.9532166123390198 20.54422950744629
			vertex -9.959086418151855 3.1601390838623047 20.33884048461914
		endloop
	endfacet
	facet normal 0.6850170459461796 0.43644582584900243 0.583323827613918
		outer loop
			vertex -9.959086418151855 3.1601390838623047 20.33884048461914
			vertex -8.727885246276855 0.9532166123390198 20.54422950744629
			vertex -8.567173957824707 3.3957326412200928 18.527997970581055
		endloop
	endfacet
	facet normal 0.6912712597872873 0.43241085732905293 0.5789342759381676
		outer loop
			vertex -8.727885246276855 0.9532166123390198 20.54422950744629
			vertex -7.67165470123291 1.7672337293624878 18.675050735473633
			vertex -8.567173957824707 3.3957326412200928 18.527997970581055
		endloop
	endfacet
	facet normal 0.8712479784518254 0.46487878759283446 -0.157526737063344
		outer loop
			vertex -8.567173957824707 3.3957326412200928 18.527997970581055
			vertex -7.67165470123291 1.7672337293624878 18.675050735473633
			vertex -8.735922813415527 2.9508354663848877 16.281742095947266
		endloop
	endfacet
	facet normal 0.8747692501656997 0.456154409721908 -0.16340720135843825
		outer loop
			vertex -7.67165470123291 1.7672337293624878 18.675050735473633
			vertex -7.979337215423584 1.5460293292999268 16.41043472290039
			vertex -8.735922813415527 2.9508354663848877 16.281742095947266
		endloop
	endfacet
	facet normal 0.3903786107162661 0.4402027515789497 -0.8085951260040835
		outer loop
			vertex -7.979337215423584 1.5460293292999268 16.41043472290039
			vertex -6.977579116821289 0.5671054720878601 16.36113929748535
			vertex -9.470696449279785 0.4191819131374359 15.076966285705566
		endloop
	endfacet
	facet normal 0.3765667362052883 0.48820202086781656 -0.787309519823225
		outer loop
			vertex -6.977579116821289 0.5671054720878601 16.36113929748535
			vertex -8.313323974609375 -0.6653949618339539 14.957998275756836
			vertex -9.470696449279785 0.4191819131374359 15.076966285705566
		endloop
	endfacet
	facet normal -0.1596814732039492 -0.06233196568042485 -0.9851987379051148
		outer loop
			vertex -9.470696449279785 0.4191819131374359 15.076966285705566
			vertex -8.313323974609375 -0.6653949618339539 14.957998275756836
			vertex -11.272114753723145 -0.9532166123390198 15.455770492553711
		endloop
	endfacet
	facet normal -0.16472938450242983 -0.012279199552673493 -0.9862623642519248
		outer loop
			vertex -8.313323974609375 -0.6653949618339539 14.957998275756836
			vertex -9.690656661987305 -2.485058307647705 15.210700988769531
			vertex -11.272114753723145 -0.9532166123390198 15.455770492553711
		endloop
	endfacet
	facet normal -0.6113800855803662 -0.538400624695855 -0.5799475478720962
		outer loop
			vertex -11.272114753723145 -0.9532166123390198 15.455770492553711
			vertex -9.690656661987305 -2.485058307647705 15.210700988769531
			vertex -12.32834529876709 -1.7672337293624878 17.324949264526367
		endloop
	endfacet
	facet normal -0.6191055753248244 -0.5059477064970267 -0.6006040333631777
		outer loop
			vertex -9.690656661987305 -2.485058307647705 15.210700988769531
			vertex -10.302753448486328 -3.8259501457214355 16.97121810913086
			vertex -12.32834529876709 -1.7672337293624878 17.324949264526367
		endloop
	endfacet
	facet normal -0.6892196979481817 -0.706069838748335 0.16260870447216977
		outer loop
			vertex -12.32834529876709 -1.7672337293624878 17.324949264526367
			vertex -10.302753448486328 -3.8259501457214355 16.97121810913086
			vertex -12.020663261413574 -1.5460293292999268 19.58956527709961
		endloop
	endfacet
	facet normal -0.708161591291904 -0.6923807058051556 0.1382610532567757
		outer loop
			vertex -10.302753448486328 -3.8259501457214355 16.97121810913086
			vertex -9.791057586669922 -3.902594566345215 19.208263397216797
			vertex -12.020663261413574 -1.5460293292999268 19.58956527709961
		endloop
	endfacet
	facet normal -0.36177283979951363 -0.4723331957789667 0.8037547913067916
		outer loop
			vertex -12.020663261413574 -1.5460293292999268 19.58956527709961
			vertex -9.791057586669922 -3.902594566345215 19.208263397216797
			vertex -10.529303550720215 -0.4191819131374359 20.923032760620117
		endloop
	endfacet
	facet normal -0.3934974651304436 -0.47180535140175567 0.7890243692843594
		outer loop
			vertex -9.791057586669922 -3.902594566345215 19.208263397216797
			vertex -8.455312728881836 -2.6700942516326904 20.611404418945312
			vertex -10.529303550720215 -0.4191819131374359 20.923032760620117
		endloop
	endfacet
	facet normal 0.18231792639899588 0.03193461713281868 0.9827208932052633
		outer loop
			vertex -10.529303550720215 -0.4191819131374359 20.923032760620117
			vertex -8.455312728881836 -2.6700942516326904 20.611404418945312
			vertex -8.727885246276855 0.9532166123390198 20.54422950744629
		endloop
	endfacet
	facet normal 0.1430575954284285 0.02910288354145825 0.9892863824797188
		outer loop
			vertex -8.455312728881836 -2.6700942516326904 20.611404418945312
			vertex -7.077980041503906 -0.8504309058189392 20.358701705932617
			vertex -8.727885246276855 0.9532166123390198 20.54422950744629
		endloop
	endfacet
	facet normal 0.6296169937209123 0.5162270259763639 0.580596330396119
		outer loop
			vertex -8.727885246276855 0.9532166123390198 20.54422950744629
			vertex -7.077980041503906 -0.8504309058189392 20.358701705932617
			vertex -7.67165470123291 1.7672337293624878 18.675050735473633
		endloop
	endfacet
	facet normal 0.5954458098083273 0.5257615815916402 0.6074693793961655
		outer loop
			vertex -7.077980041503906 -0.8504309058189392 20.358701705932617
			vertex -6.465882778167725 0.4904610812664032 18.59818458557129
			vertex -7.67165470123291 1.7672337293624878 18.675050735473633
		endloop
	endfacet
	facet normal 0.7123242573851969 0.6825525486044169 -0.16345082053707444
		outer loop
			vertex -7.67165470123291 1.7672337293624878 18.675050735473633
			vertex -6.465882778167725 0.4904610812664032 18.59818458557129
			vertex -7.979337215423584 1.5460293292999268 16.41043472290039
		endloop
	endfacet
	facet normal 0.689311213040288 0.7121012243975651 -0.13327377006904131
		outer loop
			vertex -6.465882778167725 0.4904610812664032 18.59818458557129
			vertex -6.977579116821289 0.5671054720878601 16.36113929748535
			vertex -7.979337215423584 1.5460293292999268 16.41043472290039
		endloop
	endfacet
	facet normal 0.24395303928966633 0.6015768343611156 -0.7606525008053241
		outer loop
			vertex -6.977579116821289 0.5671054720878601 16.36113929748535
			vertex -5.764997959136963 -0.04744487628340721 16.26400375366211
			vertex -8.313323974609375 -0.6653949618339539 14.957998275756836
		endloop
	endfacet
	facet normal 0.13444005388741134 0.7682757339928554 -0.6258420475395443
		outer loop
			vertex -5.764997959136963 -0.04744487628340721 16.26400375366211
			vertex -7.066627025604248 -1.0999473333358765 14.69235610961914
			vertex -8.313323974609375 -0.6653949618339539 14.957998275756836
		endloop
	endfacet
	facet normal -0.20257521786053498 0.017359806040412838 -0.9791128220195036
		outer loop
			vertex -8.313323974609375 -0.6653949618339539 14.957998275756836
			vertex -7.066627025604248 -1.0999473333358765 14.69235610961914
			vertex -9.690656661987305 -2.485058307647705 15.210700988769531
		endloop
	endfacet
	facet normal -0.2976005761788815 0.21576442775498494 -0.9299890369104152
		outer loop
			vertex -7.066627025604248 -1.0999473333358765 14.69235610961914
			vertex -8.137320518493652 -3.127110004425049 14.564665794372559
			vertex -9.690656661987305 -2.485058307647705 15.210700988769531
		endloop
	endfacet
	facet normal -0.5056997115946374 -0.5924815405462555 -0.6270832686374567
		outer loop
			vertex -9.690656661987305 -2.485058307647705 15.210700988769531
			vertex -8.137320518493652 -3.127110004425049 14.564665794372559
			vertex -10.302753448486328 -3.8259501457214355 16.97121810913086
		endloop
	endfacet
	facet normal -0.5994052176749227 -0.44162543715838243 -0.6675929585299311
		outer loop
			vertex -8.137320518493652 -3.127110004425049 14.564665794372559
			vertex -8.34988021850586 -4.94144868850708 15.955734252929688
			vertex -10.302753448486328 -3.8259501457214355 16.97121810913086
		endloop
	endfacet
	facet normal -0.4644655195769765 -0.8823231361138324 0.07601095054228203
		outer loop
			vertex -10.302753448486328 -3.8259501457214355 16.97121810913086
			vertex -8.34988021850586 -4.94144868850708 15.955734252929688
			vertex -9.791057586669922 -3.902594566345215 19.208263397216797
		endloop
	endfacet
	facet normal -0.5795554168629079 -0.8149253641929831 0.003488492481722262
		outer loop
			vertex -8.34988021850586 -4.94144868850708 15.955734252929688
			vertex -7.5797929763793945 -5.4801483154296875 18.050691604614258
			vertex -9.791057586669922 -3.902594566345215 19.208263397216797
		endloop
	endfacet
	facet normal -0.11653671879435419 -0.6885563520557438 0.7157578803033412
		outer loop
			vertex -9.791057586669922 -3.902594566345215 19.208263397216797
			vertex -7.5797929763793945 -5.4801483154296875 18.050691604614258
			vertex -8.455312728881836 -2.6700942516326904 20.611404418945312
		endloop
	endfacet
	facet normal -0.2534922149741898 -0.6935145972690165 0.6743731906906391
		outer loop
			vertex -7.5797929763793945 -5.4801483154296875 18.050691604614258
			vertex -6.278164386749268 -4.427646160125732 19.62234115600586
			vertex -8.455312728881836 -2.6700942516326904 20.611404418945312
		endloop
	endfacet
	facet normal 0.3293103237091507 -0.11918186025894881 0.9366698430523911
		outer loop
			vertex -8.455312728881836 -2.6700942516326904 20.611404418945312
			vertex -6.278164386749268 -4.427646160125732 19.62234115600586
			vertex -7.077980041503906 -0.8504309058189392 20.358701705932617
		endloop
	endfacet
	facet normal 0.18433206926093781 -0.15845922343060062 0.970006372531517
		outer loop
			vertex -6.278164386749268 -4.427646160125732 19.62234115600586
			vertex -5.207470893859863 -2.4004833698272705 19.750030517578125
			vertex -7.077980041503906 -0.8504309058189392 20.358701705932617
		endloop
	endfacet
	facet normal 0.6166749782383778 0.5080307800301259 0.601345738952791
		outer loop
			vertex -7.077980041503906 -0.8504309058189392 20.358701705932617
			vertex -5.207470893859863 -2.4004833698272705 19.750030517578125
			vertex -6.465882778167725 0.4904610812664032 18.59818458557129
		endloop
	endfacet
	facet normal 0.48127335307950814 0.4971464870487414 0.7219565984397558
		outer loop
			vertex -5.207470893859863 -2.4004833698272705 19.750030517578125
			vertex -4.994910717010498 -0.5861445069313049 18.35896110534668
			vertex -6.465882778167725 0.4904610812664032 18.59818458557129
		endloop
	endfacet
	facet normal 0.5763302972377421 0.8105649084644886 -0.10405728062856276
		outer loop
			vertex -6.465882778167725 0.4904610812664032 18.59818458557129
			vertex -4.994910717010498 -0.5861445069313049 18.35896110534668
			vertex -6.977579116821289 0.5671054720878601 16.36113929748535
		endloop
	endfacet
	facet normal 0.45511415802495087 0.8883322105582988 0.061130899305069035
		outer loop
			vertex -4.994910717010498 -0.5861445069313049 18.35896110534668
			vertex -5.764997959136963 -0.04744487628340721 16.26400375366211
			vertex -6.977579116821289 0.5671054720878601 16.36113929748535
		endloop
	endfacet
	facet normal 0.1521726263173175 0.7583261885029079 -0.6338650358162552
		outer loop
			vertex -5.764997959136963 -0.04744487628340721 16.26400375366211
			vertex -4.250483989715576 -0.5342849493026733 16.045162200927734
			vertex -7.066627025604248 -1.0999473333358765 14.69235610961914
		endloop
	endfacet
	facet normal -0.07145742488571148 0.9644260210978904 -0.2545118587767461
		outer loop
			vertex -4.250483989715576 -0.5342849493026733 16.045162200927734
			vertex -5.747411251068115 -1.081387996673584 14.39229679107666
			vertex -7.066627025604248 -1.0999473333358765 14.69235610961914
		endloop
	endfacet
	facet normal -0.22065421193327778 0.17696115206774785 -0.9591644642161008
		outer loop
			vertex -7.066627025604248 -1.0999473333358765 14.69235610961914
			vertex -5.747411251068115 -1.081387996673584 14.39229679107666
			vertex -8.137320518493652 -3.127110004425049 14.564665794372559
		endloop
	endfacet
	facet normal -0.4891780326141645 0.5119863015774774 -0.7060983496686222
		outer loop
			vertex -5.747411251068115 -1.081387996673584 14.39229679107666
			vertex -6.865693092346191 -2.991619825363159 13.781937599182129
			vertex -8.137320518493652 -3.127110004425049 14.564665794372559
		endloop
	endfacet
	facet normal -0.4043972068167517 -0.5261724353981532 -0.7480678226912221
		outer loop
			vertex -8.137320518493652 -3.127110004425049 14.564665794372559
			vertex -6.865693092346191 -2.991619825363159 13.781937599182129
			vertex -8.34988021850586 -4.94144868850708 15.955734252929688
		endloop
	endfacet
	facet normal -0.7019351003201701 -0.2206739580423258 -0.677192822747293
		outer loop
			vertex -6.865693092346191 -2.991619825363159 13.781937599182129
			vertex -6.950254440307617 -5.145992279052734 14.571624755859375
			vertex -8.34988021850586 -4.94144868850708 15.955734252929688
		endloop
	endfacet
	facet normal -0.278933230899635 -0.949798743730957 -0.14169897355657454
		outer loop
			vertex -8.34988021850586 -4.94144868850708 15.955734252929688
			vertex -6.950254440307617 -5.145992279052734 14.571624755859375
			vertex -7.5797929763793945 -5.4801483154296875 18.050691604614258
		endloop
	endfacet
	facet normal -0.5850571628578148 -0.7903573751408349 -0.18177825983668736
		outer loop
			vertex -6.950254440307617 -5.145992279052734 14.571624755859375
			vertex -5.951561450958252 -6.282503604888916 16.298770904541016
			vertex -7.5797929763793945 -5.4801483154296875 18.050691604614258
		endloop
	endfacet
	facet normal 0.10407527050264744 -0.8640861239993105 0.4924667586565099
		outer loop
			vertex -7.5797929763793945 -5.4801483154296875 18.050691604614258
			vertex -5.951561450958252 -6.282503604888916 16.298770904541016
			vertex -6.278164386749268 -4.427646160125732 19.62234115600586
		endloop
	endfacet
	facet normal -0.19553078578051378 -0.8644116136215814 0.4632065133913693
		outer loop
			vertex -5.951561450958252 -6.282503604888916 16.298770904541016
			vertex -4.454633712768555 -5.735400676727295 17.951635360717773
			vertex -6.278164386749268 -4.427646160125732 19.62234115600586
		endloop
	endfacet
	facet normal 0.5063714891069976 -0.31794168217409413 0.801561601971969
		outer loop
			vertex -6.278164386749268 -4.427646160125732 19.62234115600586
			vertex -4.454633712768555 -5.735400676727295 17.951635360717773
			vertex -5.207470893859863 -2.4004833698272705 19.750030517578125
		endloop
	endfacet
	facet normal 0.23741263511346092 -0.41901127959050355 0.8763930558056766
		outer loop
			vertex -4.454633712768555 -5.735400676727295 17.951635360717773
			vertex -3.3363523483276367 -3.8251688480377197 18.561994552612305
			vertex -5.207470893859863 -2.4004833698272705 19.750030517578125
		endloop
	endfacet
	facet normal 0.6865647157447089 0.390021806052811 0.6136056403731068
		outer loop
			vertex -5.207470893859863 -2.4004833698272705 19.750030517578125
			vertex -3.3363523483276367 -3.8251688480377197 18.561994552612305
			vertex -4.994910717010498 -0.5861445069313049 18.35896110534668
		endloop
	endfacet
	facet normal 0.4620876939979318 0.28916602760824694 0.8383662514277043
		outer loop
			vertex -3.3363523483276367 -3.8251688480377197 18.561994552612305
			vertex -3.251790761947632 -1.6707961559295654 17.772308349609375
			vertex -4.994910717010498 -0.5861445069313049 18.35896110534668
		endloop
	endfacet
	facet normal 0.533373221588135 0.8456098342705888 0.02137790161736174
		outer loop
			vertex -4.994910717010498 -0.5861445069313049 18.35896110534668
			vertex -3.251790761947632 -1.6707961559295654 17.772308349609375
			vertex -5.764997959136963 -0.04744487628340721 16.26400375366211
		endloop
	endfacet
	facet normal 0.3323743671814162 0.8646269626270394 0.3767592010012406
		outer loop
			vertex -3.251790761947632 -1.6707961559295654 17.772308349609375
			vertex -4.250483989715576 -0.5342849493026733 16.045162200927734
			vertex -5.764997959136963 -0.04744487628340721 16.26400375366211
		endloop
	endfacet
	facet normal 0.08841431989674255 0.9189821729461466 -0.3842586028241599
		outer loop
			vertex -4.250483989715576 -0.5342849493026733 16.045162200927734
			vertex -2.643977642059326 -1.0510571002960205 15.178906440734863
			vertex -5.747411251068115 -1.081387996673584 14.39229679107666
		endloop
	endfacet
	facet normal 0.003432607993516926 0.9986386175149072 -0.05204929212081346
		outer loop
			vertex -2.643977642059326 -1.0510571002960205 15.178906440734863
			vertex -4.415285110473633 -1.1210293769836426 13.719573974609375
			vertex -5.747411251068115 -1.081387996673584 14.39229679107666
		endloop
	endfacet
	facet normal -0.38468299207253254 0.4775870297597929 -0.7898921601176597
		outer loop
			vertex -5.747411251068115 -1.081387996673584 14.39229679107666
			vertex -4.415285110473633 -1.1210293769836426 13.719573974609375
			vertex -6.865693092346191 -2.991619825363159 13.781937599182129
		endloop
	endfacet
	facet normal -0.5378412205875931 0.6883250660072171 -0.48676013080675395
		outer loop
			vertex -4.415285110473633 -1.1210293769836426 13.719573974609375
			vertex -5.828897476196289 -2.7630362510681152 12.959578514099121
			vertex -6.865693092346191 -2.991619825363159 13.781937599182129
		endloop
	endfacet
	facet normal -0.5626902041810001 -0.2649453450849478 -0.7830604690804936
		outer loop
			vertex -6.865693092346191 -2.991619825363159 13.781937599182129
			vertex -5.828897476196289 -2.7630362510681152 12.959578514099121
			vertex -6.950254440307617 -5.145992279052734 14.571624755859375
		endloop
	endfacet
	facet normal -0.8073802795475004 -0.01901108926144999 -0.5897250738122751
		outer loop
			vertex -5.828897476196289 -2.7630362510681152 12.959578514099121
			vertex -6.05673885345459 -5.015212535858154 13.344115257263184
			vertex -6.950254440307617 -5.145992279052734 14.571624755859375
		endloop
	endfacet
	facet normal -0.3634518906376945 -0.8607986551769325 -0.3562701200458295
		outer loop
			vertex -6.950254440307617 -5.145992279052734 14.571624755859375
			vertex -6.05673885345459 -5.015212535858154 13.344115257263184
			vertex -5.951561450958252 -6.282503604888916 16.298770904541016
		endloop
	endfacet
	facet normal -0.6587269304844856 -0.6996737184231857 -0.27665053551793506
		outer loop
			vertex -6.05673885345459 -5.015212535858154 13.344115257263184
			vertex -4.965342998504639 -6.558263778686523 14.647928237915039
			vertex -5.951561450958252 -6.282503604888916 16.298770904541016
		endloop
	endfacet
	facet normal 0.10566271852570766 -0.9686299861208397 0.2249251873430342
		outer loop
			vertex -5.951561450958252 -6.282503604888916 16.298770904541016
			vertex -4.965342998504639 -6.558263778686523 14.647928237915039
			vertex -4.454633712768555 -5.735400676727295 17.951635360717773
		endloop
	endfacet
	facet normal -0.17994060522936753 -0.9476322197932207 0.2638457022569478
		outer loop
			vertex -4.965342998504639 -6.558263778686523 14.647928237915039
			vertex -3.194035530090332 -6.488291263580322 16.10725975036621
			vertex -4.454633712768555 -5.735400676727295 17.951635360717773
		endloop
	endfacet
	facet normal 0.5793042048569099 -0.5354916558047756 0.614536674901151
		outer loop
			vertex -4.454633712768555 -5.735400676727295 17.951635360717773
			vertex -3.194035530090332 -6.488291263580322 16.10725975036621
			vertex -3.3363523483276367 -3.8251688480377197 18.561994552612305
		endloop
	endfacet
	facet normal 0.35029938642987224 -0.6246199334797508 0.6979543527814744
		outer loop
			vertex -3.194035530090332 -6.488291263580322 16.10725975036621
			vertex -1.7804235219955444 -4.84628438949585 16.86725616455078
			vertex -3.3363523483276367 -3.8251688480377197 18.561994552612305
		endloop
	endfacet
	facet normal 0.7774818612256833 0.18931587459493665 0.5997344871619454
		outer loop
			vertex -3.3363523483276367 -3.8251688480377197 18.561994552612305
			vertex -1.7804235219955444 -4.84628438949585 16.86725616455078
			vertex -3.251790761947632 -1.6707961559295654 17.772308349609375
		endloop
	endfacet
	facet normal 0.6266642940008978 0.06913480652127015 0.7762166199918829
		outer loop
			vertex -1.7804235219955444 -4.84628438949585 16.86725616455078
			vertex -1.5525821447372437 -2.5941083431243896 16.48271942138672
			vertex -3.251790761947632 -1.6707961559295654 17.772308349609375
		endloop
	endfacet
	facet normal 0.5761409446681586 0.7949678716555466 0.18996761543045287
		outer loop
			vertex -3.251790761947632 -1.6707961559295654 17.772308349609375
			vertex -1.5525821447372437 -2.5941083431243896 16.48271942138672
			vertex -4.250483989715576 -0.5342849493026733 16.045162200927734
		endloop
	endfacet
	facet normal 0.48831753310385484 0.73838691082529 0.46511370307189515
		outer loop
			vertex -1.5525821447372437 -2.5941083431243896 16.48271942138672
			vertex -2.643977642059326 -1.0510571002960205 15.178906440734863
			vertex -4.250483989715576 -0.5342849493026733 16.045162200927734
		endloop
	endfacet
	facet normal 0.1265664012352901 0.9715441016783575 -0.20020740388991842
		outer loop
			vertex -2.643977642059326 -1.0510571002960205 15.178906440734863
			vertex -1.3539810180664062 -1.5460445880889893 13.592391967773438
			vertex -4.415285110473633 -1.1210293769836426 13.719573974609375
		endloop
	endfacet
	facet normal 0.13144025557473274 0.9836290281625539 -0.12327771157203855
		outer loop
			vertex -1.3539810180664062 -1.5460445880889893 13.592391967773438
			vertex -3.2971010208129883 -1.4391130208969116 12.37381649017334
			vertex -4.415285110473633 -1.1210293769836426 13.719573974609375
		endloop
	endfacet
	facet normal -0.48198147404263925 0.6740376150742514 -0.5597920615234732
		outer loop
			vertex -4.415285110473633 -1.1210293769836426 13.719573974609375
			vertex -3.2971010208129883 -1.4391130208969116 12.37381649017334
			vertex -5.828897476196289 -2.7630362510681152 12.959578514099121
		endloop
	endfacet
	facet normal -0.4906148410159071 0.7230793239447371 -0.4862647108916688
		outer loop
			vertex -3.2971010208129883 -1.4391130208969116 12.37381649017334
			vertex -4.943887233734131 -2.936213254928589 11.809135437011719
			vertex -5.828897476196289 -2.7630362510681152 12.959578514099121
		endloop
	endfacet
	facet normal -0.7940863680643288 -0.02336620990921709 -0.6073556291736185
		outer loop
			vertex -5.828897476196289 -2.7630362510681152 12.959578514099121
			vertex -4.943887233734131 -2.936213254928589 11.809135437011719
			vertex -6.05673885345459 -5.015212535858154 13.344115257263184
		endloop
	endfacet
	facet normal -0.8344911848699793 0.04098165703060748 -0.5494951921184785
		outer loop
			vertex -4.943887233734131 -2.936213254928589 11.809135437011719
			vertex -5.329674243927002 -5.160364627838135 12.229132652282715
			vertex -6.05673885345459 -5.015212535858154 13.344115257263184
		endloop
	endfacet
	facet normal -0.6275108144069143 -0.7113389435081141 -0.31658661571698077
		outer loop
			vertex -6.05673885345459 -5.015212535858154 13.344115257263184
			vertex -5.329674243927002 -5.160364627838135 12.229132652282715
			vertex -4.965342998504639 -6.558263778686523 14.647928237915039
		endloop
	endfacet
	facet normal -0.6977857508635352 -0.6606926705831828 -0.2767313515478038
		outer loop
			vertex -5.329674243927002 -5.160364627838135 12.229132652282715
			vertex -4.228473663330078 -6.808689117431641 13.387779235839844
			vertex -4.965342998504639 -6.558263778686523 14.647928237915039
		endloop
	endfacet
	facet normal -0.08262692754089214 -0.9855973728666095 0.14754866805088301
		outer loop
			vertex -4.965342998504639 -6.558263778686523 14.647928237915039
			vertex -4.228473663330078 -6.808689117431641 13.387779235839844
			vertex -3.194035530090332 -6.488291263580322 16.10725975036621
		endloop
	endfacet
	facet normal -0.16429645701756568 -0.9704322292885477 0.17682749381681348
		outer loop
			vertex -4.228473663330078 -6.808689117431641 13.387779235839844
			vertex -2.285353422164917 -6.915620803833008 14.606355667114258
			vertex -3.194035530090332 -6.488291263580322 16.10725975036621
		endloop
	endfacet
	facet normal 0.5207824195659283 -0.6844763630730318 0.5101742642130948
		outer loop
			vertex -3.194035530090332 -6.488291263580322 16.10725975036621
			vertex -2.285353422164917 -6.915620803833008 14.606355667114258
			vertex -1.7804235219955444 -4.84628438949585 16.86725616455078
		endloop
	endfacet
	facet normal 0.45463196777329945 -0.7052659514894449 0.5439758372834824
		outer loop
			vertex -2.285353422164917 -6.915620803833008 14.606355667114258
			vertex -0.6385673880577087 -5.418520450592041 15.171035766601562
			vertex -1.7804235219955444 -4.84628438949585 16.86725616455078
		endloop
	endfacet
	facet normal 0.8311886691291697 0.010824672144840787 0.5558850805555374
		outer loop
			vertex -1.7804235219955444 -4.84628438949585 16.86725616455078
			vertex -0.6385673880577087 -5.418520450592041 15.171035766601562
			vertex -1.5525821447372437 -2.5941083431243896 16.48271942138672
		endloop
	endfacet
	facet normal 0.7955865381495902 -0.023681115324432 0.6053769611507708
		outer loop
			vertex -0.6385673880577087 -5.418520450592041 15.171035766601562
			vertex -0.2527802884578705 -3.194369077682495 14.751038551330566
			vertex -1.5525821447372437 -2.5941083431243896 16.48271942138672
		endloop
	endfacet
	facet normal 0.6697293053174879 0.6949209091072266 0.26181594238040756
		outer loop
			vertex -1.5525821447372437 -2.5941083431243896 16.48271942138672
			vertex -0.2527802884578705 -3.194369077682495 14.751038551330566
			vertex -2.643977642059326 -1.0510571002960205 15.178906440734863
		endloop
	endfacet
	facet normal 0.6623363766856646 0.6733693794243903 0.32845730768627585
		outer loop
			vertex -0.2527802884578705 -3.194369077682495 14.751038551330566
			vertex -1.3539810180664062 -1.5460445880889893 13.592391967773438
			vertex -2.643977642059326 -1.0510571002960205 15.178906440734863
		endloop
	endfacet
	facet normal 0.19999740886099202 0.9510849849020007 -0.23545357916763698
		outer loop
			vertex -1.3539810180664062 -1.5460445880889893 13.592391967773438
			vertex -0.3089112937450409 -2.2056314945220947 11.815770149230957
			vertex -3.2971010208129883 -1.4391130208969116 12.37381649017334
		endloop
	endfacet
	facet normal 0.20226009122956315 0.9529288948715787 -0.22587026545041486
		outer loop
			vertex -0.3089112937450409 -2.2056314945220947 11.815770149230957
			vertex -2.276566982269287 -2.0665462017059326 10.640583038330078
			vertex -3.2971010208129883 -1.4391130208969116 12.37381649017334
		endloop
	endfacet
	facet normal -0.4636894733788699 0.7099702690740253 -0.5300323474171953
		outer loop
			vertex -3.2971010208129883 -1.4391130208969116 12.37381649017334
			vertex -2.276566982269287 -2.0665462017059326 10.640583038330078
			vertex -4.943887233734131 -2.936213254928589 11.809135437011719
		endloop
	endfacet
	facet normal -0.46217583920613187 0.7177633889105633 -0.5207775064206703
		outer loop
			vertex -2.276566982269287 -2.0665462017059326 10.640583038330078
			vertex -4.0530314445495605 -3.474881410598755 10.276103973388672
			vertex -4.943887233734131 -2.936213254928589 11.809135437011719
		endloop
	endfacet
	facet normal -0.8555763986088158 0.05112531790084487 -0.5151458317924218
		outer loop
			vertex -4.943887233734131 -2.936213254928589 11.809135437011719
			vertex -4.0530314445495605 -3.474881410598755 10.276103973388672
			vertex -5.329674243927002 -5.160364627838135 12.229132652282715
		endloop
	endfacet
	facet normal -0.85921459081131 0.06239743946235871 -0.5077960678121626
		outer loop
			vertex -4.0530314445495605 -3.474881410598755 10.276103973388672
			vertex -4.597675800323486 -5.605653285980225 10.935840606689453
			vertex -5.329674243927002 -5.160364627838135 12.229132652282715
		endloop
	endfacet
	facet normal -0.7433533129145716 -0.637959224078773 -0.20108177588170648
		outer loop
			vertex -5.329674243927002 -5.160364627838135 12.229132652282715
			vertex -4.597675800323486 -5.605653285980225 10.935840606689453
			vertex -4.228473663330078 -6.808689117431641 13.387779235839844
		endloop
	endfacet
	facet normal -0.751905636475858 -0.6295629053115143 -0.19567437770837598
		outer loop
			vertex -4.597675800323486 -5.605653285980225 10.935840606689453
			vertex -3.59145450592041 -7.210684776306152 12.23332691192627
			vertex -4.228473663330078 -6.808689117431641 13.387779235839844
		endloop
	endfacet
	facet normal -0.19392734127525413 -0.9547584439703676 0.2254517686184647
		outer loop
			vertex -4.228473663330078 -6.808689117431641 13.387779235839844
			vertex -3.59145450592041 -7.210684776306152 12.23332691192627
			vertex -2.285353422164917 -6.915620803833008 14.606355667114258
		endloop
	endfacet
	facet normal -0.2053436764925955 -0.9509735243616003 0.23126463302412104
		outer loop
			vertex -3.59145450592041 -7.210684776306152 12.23332691192627
			vertex -1.6237988471984863 -7.3497700691223145 13.408514022827148
			vertex -2.285353422164917 -6.915620803833008 14.606355667114258
		endloop
	endfacet
	facet normal 0.4708765066931681 -0.7136008675442324 0.518699447931611
		outer loop
			vertex -2.285353422164917 -6.915620803833008 14.606355667114258
			vertex -1.6237988471984863 -7.3497700691223145 13.408514022827148
			vertex -0.6385673880577087 -5.418520450592041 15.171035766601562
		endloop
	endfacet
	facet normal 0.4588379500899488 -0.7152142272792532 0.5271966849806573
		outer loop
			vertex -1.6237988471984863 -7.3497700691223145 13.408514022827148
			vertex 0.1526654213666916 -5.941434860229492 13.772993087768555
			vertex -0.6385673880577087 -5.418520450592041 15.171035766601562
		endloop
	endfacet
	facet normal 0.8603298869431814 -0.05350280378913427 0.5069220212409736
		outer loop
			vertex -0.6385673880577087 -5.418520450592041 15.171035766601562
			vertex 0.1526654213666916 -5.941434860229492 13.772993087768555
			vertex -0.2527802884578705 -3.194369077682495 14.751038551330566
		endloop
	endfacet
	facet normal 0.853881185143164 -0.05811846623952489 0.5172128822259466
		outer loop
			vertex 0.1526654213666916 -5.941434860229492 13.772993087768555
			vertex 0.697309672832489 -3.8106629848480225 13.113256454467773
			vertex -0.2527802884578705 -3.194369077682495 14.751038551330566
		endloop
	endfacet
	facet normal 0.747135308264111 0.6356628742745233 0.19422034243133082
		outer loop
			vertex -0.2527802884578705 -3.194369077682495 14.751038551330566
			vertex 0.697309672832489 -3.8106629848480225 13.113256454467773
			vertex -1.3539810180664062 -1.5460445880889893 13.592391967773438
		endloop
	endfacet
	facet normal 0.7466470704738943 0.6331193273775614 0.20415207433120977
		outer loop
			vertex 0.697309672832489 -3.8106629848480225 13.113256454467773
			vertex -0.3089112937450409 -2.2056314945220947 11.815770149230957
			vertex -1.3539810180664062 -1.5460445880889893 13.592391967773438
		endloop
	endfacet
	facet normal 0.2921162040323593 0.8752412124262012 -0.385513869286746
		outer loop
			vertex -0.3089112937450409 -2.2056314945220947 11.815770149230957
			vertex 0.8306288123130798 -3.186875343322754 10.451495170593262
			vertex -2.276566982269287 -2.0665462017059326 10.640583038330078
		endloop
	endfacet
	facet normal 0.3148290124289659 0.9154655587437687 -0.2506102625332048
		outer loop
			vertex 0.8306288123130798 -3.186875343322754 10.451495170593262
			vertex -0.9405100345611572 -2.973501682281494 9.005945205688477
			vertex -2.276566982269287 -2.0665462017059326 10.640583038330078
		endloop
	endfacet
	facet normal -0.3753845521701698 0.6456179866551618 -0.665029212365394
		outer loop
			vertex -2.276566982269287 -2.0665462017059326 10.640583038330078
			vertex -0.9405100345611572 -2.973501682281494 9.005945205688477
			vertex -4.0530314445495605 -3.474881410598755 10.276103973388672
		endloop
	endfacet
	facet normal -0.35228127422934463 0.74201262464566 -0.570364066797522
		outer loop
			vertex -0.9405100345611572 -2.973501682281494 9.005945205688477
			vertex -2.799588203430176 -4.230144023895264 8.519368171691895
			vertex -4.0530314445495605 -3.474881410598755 10.276103973388672
		endloop
	endfacet
	facet normal -0.8087202735949287 0.024759157406706235 -0.5876721051752022
		outer loop
			vertex -4.0530314445495605 -3.474881410598755 10.276103973388672
			vertex -2.799588203430176 -4.230144023895264 8.519368171691895
			vertex -4.597675800323486 -5.605653285980225 10.935840606689453
		endloop
	endfacet
	facet normal -0.8330605523161886 0.15727248500543956 -0.5303541096615174
		outer loop
			vertex -2.799588203430176 -4.230144023895264 8.519368171691895
			vertex -3.6575827598571777 -6.220678329467773 9.276796340942383
			vertex -4.597675800323486 -5.605653285980225 10.935840606689453
		endloop
	endfacet
	facet normal -0.7531260043994934 -0.628719079936601 -0.19368412433890478
		outer loop
			vertex -4.597675800323486 -5.605653285980225 10.935840606689453
			vertex -3.6575827598571777 -6.220678329467773 9.276796340942383
			vertex -3.59145450592041 -7.210684776306152 12.23332691192627
		endloop
	endfacet
	facet normal -0.8519582496771062 -0.5019545876975595 -0.1490259463868449
		outer loop
			vertex -3.6575827598571777 -6.220678329467773 9.276796340942383
			vertex -3.011892318725586 -7.77907657623291 10.834537506103516
			vertex -3.59145450592041 -7.210684776306152 12.23332691192627
		endloop
	endfacet
	facet normal -0.23380228593457325 -0.9306982476380552 0.28131346028091403
		outer loop
			vertex -3.59145450592041 -7.210684776306152 12.23332691192627
			vertex -3.011892318725586 -7.77907657623291 10.834537506103516
			vertex -1.6237988471984863 -7.3497700691223145 13.408514022827148
		endloop
	endfacet
	facet normal -0.38995549067992646 -0.8508169561736794 0.35220054283878316
		outer loop
			vertex -3.011892318725586 -7.77907657623291 10.834537506103516
			vertex -1.240753412246704 -7.992449760437012 12.280088424682617
			vertex -1.6237988471984863 -7.3497700691223145 13.408514022827148
		endloop
	endfacet
	facet normal 0.4452700525235031 -0.7046393432895927 0.5524653620039254
		outer loop
			vertex -1.6237988471984863 -7.3497700691223145 13.408514022827148
			vertex -1.240753412246704 -7.992449760437012 12.280088424682617
			vertex 0.1526654213666916 -5.941434860229492 13.772993087768555
		endloop
	endfacet
	facet normal 0.2860625783475183 -0.6833080743178093 0.6717576027416864
		outer loop
			vertex -1.240753412246704 -7.992449760437012 12.280088424682617
			vertex 0.6183246970176697 -6.735807418823242 12.766664505004883
			vertex 0.1526654213666916 -5.941434860229492 13.772993087768555
		endloop
	endfacet
	facet normal 0.8793286465047193 -0.0793796814386632 0.46955297636249177
		outer loop
			vertex 0.1526654213666916 -5.941434860229492 13.772993087768555
			vertex 0.6183246970176697 -6.735807418823242 12.766664505004883
			vertex 0.697309672832489 -3.8106629848480225 13.113256454467773
		endloop
	endfacet
	facet normal 0.7736596511824093 -0.09511332787240774 0.6264217421141676
		outer loop
			vertex 0.6183246970176697 -6.735807418823242 12.766664505004883
			vertex 1.4763193130493164 -4.745273113250732 12.009236335754395
			vertex 0.697309672832489 -3.8106629848480225 13.113256454467773
		endloop
	endfacet
	facet normal 0.8121502270268317 0.577321793370767 0.0843300399586489
		outer loop
			vertex 0.697309672832489 -3.8106629848480225 13.113256454467773
			vertex 1.4763193130493164 -4.745273113250732 12.009236335754395
			vertex -0.3089112937450409 -2.2056314945220947 11.815770149230957
		endloop
	endfacet
	facet normal 0.7842553603789741 0.5699623631049809 0.24512534418258625
		outer loop
			vertex 1.4763193130493164 -4.745273113250732 12.009236335754395
			vertex 0.8306288123130798 -3.186875343322754 10.451495170593262
			vertex -0.3089112937450409 -2.2056314945220947 11.815770149230957
		endloop
	endfacet
	facet normal 0.4730843026931638 0.7454248341073072 -0.46960947524663155
		outer loop
			vertex 0.8306288123130798 -3.186875343322754 10.451495170593262
			vertex 2.071094274520874 -4.334217548370361 9.879929542541504
			vertex -0.9405100345611572 -2.973501682281494 9.005945205688477
		endloop
	endfacet
	facet normal 0.43868827979436076 0.8896954056524002 -0.1264700689178101
		outer loop
			vertex 2.071094274520874 -4.334217548370361 9.879929542541504
			vertex 0.8224559426307678 -3.987994909286499 7.984379768371582
			vertex -0.9405100345611572 -2.973501682281494 9.005945205688477
		endloop
	endfacet
	facet normal -0.15787408608263587 0.5508793395014621 -0.8195167638639284
		outer loop
			vertex -0.9405100345611572 -2.973501682281494 9.005945205688477
			vertex 0.8224559426307678 -3.987994909286499 7.984379768371582
			vertex -2.799588203430176 -4.230144023895264 8.519368171691895
		endloop
	endfacet
	facet normal -0.14164091463463147 0.7843416404191835 -0.6039420853078626
		outer loop
			vertex 0.8224559426307678 -3.987994909286499 7.984379768371582
			vertex -0.9079660177230835 -5.0924553871154785 6.955844402313232
			vertex -2.799588203430176 -4.230144023895264 8.519368171691895
		endloop
	endfacet
	facet normal -0.6412174811858683 -0.015543124422179712 -0.7672017681841249
		outer loop
			vertex -2.799588203430176 -4.230144023895264 8.519368171691895
			vertex -0.9079660177230835 -5.0924553871154785 6.955844402313232
			vertex -3.6575827598571777 -6.220678329467773 9.276796340942383
		endloop
	endfacet
	facet normal -0.6834686183386915 0.2728222325973122 -0.6770809974787493
		outer loop
			vertex -0.9079660177230835 -5.0924553871154785 6.955844402313232
			vertex -2.106513738632202 -7.0006208419799805 7.396825313568115
			vertex -3.6575827598571777 -6.220678329467773 9.276796340942383
		endloop
	endfacet
	facet normal -0.7106261517168988 -0.622387307181968 -0.3280922314758609
		outer loop
			vertex -3.6575827598571777 -6.220678329467773 9.276796340942383
			vertex -2.106513738632202 -7.0006208419799805 7.396825313568115
			vertex -3.011892318725586 -7.77907657623291 10.834537506103516
		endloop
	endfacet
	facet normal -0.8867403983755172 -0.34202118978030205 -0.31098709238503064
		outer loop
			vertex -2.106513738632202 -7.0006208419799805 7.396825313568115
			vertex -2.071094274520874 -8.594714164733887 9.049002647399902
			vertex -3.011892318725586 -7.77907657623291 10.834537506103516
		endloop
	endfacet
	facet normal -0.3156055660948769 -0.9149146583053213 0.2516431891945212
		outer loop
			vertex -3.011892318725586 -7.77907657623291 10.834537506103516
			vertex -2.071094274520874 -8.594714164733887 9.049002647399902
			vertex -1.240753412246704 -7.992449760437012 12.280088424682617
		endloop
	endfacet
	facet normal -0.6459687403839355 -0.7031857809670833 0.2970759900976599
		outer loop
			vertex -2.071094274520874 -8.594714164733887 9.049002647399902
			vertex -0.8224559426307678 -8.940937042236328 10.944552421569824
			vertex -1.240753412246704 -7.992449760437012 12.280088424682617
		endloop
	endfacet
	facet normal 0.3259364519849791 -0.7196005436715501 0.6131398590982754
		outer loop
			vertex -1.240753412246704 -7.992449760437012 12.280088424682617
			vertex -0.8224559426307678 -8.940937042236328 10.944552421569824
			vertex 0.6183246970176697 -6.735807418823242 12.766664505004883
		endloop
	endfacet
	facet normal -0.0914830345139207 -0.598111054766187 0.7961746168791142
		outer loop
			vertex -0.8224559426307678 -8.940937042236328 10.944552421569824
			vertex 0.9079660177230835 -7.836476802825928 11.973088264465332
			vertex 0.6183246970176697 -6.735807418823242 12.766664505004883
		endloop
	endfacet
	facet normal 0.835150560484947 -0.1597067782139691 0.5263243166662485
		outer loop
			vertex 0.6183246970176697 -6.735807418823242 12.766664505004883
			vertex 0.9079660177230835 -7.836476802825928 11.973088264465332
			vertex 1.4763193130493164 -4.745273113250732 12.009236335754395
		endloop
	endfacet
	facet normal 0.47727008276085897 -0.09796357996922202 0.8732791106519477
		outer loop
			vertex 0.9079660177230835 -7.836476802825928 11.973088264465332
			vertex 2.106513738632202 -5.928311347961426 11.532106399536133
			vertex 1.4763193130493164 -4.745273113250732 12.009236335754395
		endloop
	endfacet
	facet normal 0.8923648608392152 0.4449904853939592 0.07528893044967987
		outer loop
			vertex 1.4763193130493164 -4.745273113250732 12.009236335754395
			vertex 2.106513738632202 -5.928311347961426 11.532106399536133
			vertex 0.8306288123130798 -3.186875343322754 10.451495170593262
		endloop
	endfacet
	facet normal 0.7036091560536553 0.5188468372517744 0.4855225174915104
		outer loop
			vertex 2.106513738632202 -5.928311347961426 11.532106399536133
			vertex 2.071094274520874 -4.334217548370361 9.879929542541504
			vertex 0.8306288123130798 -3.186875343322754 10.451495170593262
		endloop
	endfacet
	facet normal 0.6112633812155696 0.7451927648545579 -0.2665423455913316
		outer loop
			vertex 2.071094274520874 -4.334217548370361 9.879929542541504
			vertex 3.1781749725341797 -5.294647216796875 9.733658790588379
			vertex 0.8224559426307678 -3.987994909286499 7.984379768371582
		endloop
	endfacet
	facet normal 0.4663278936485316 0.8840206323053437 0.03233909806695642
		outer loop
			vertex 3.1781749725341797 -5.294647216796875 9.733658790588379
			vertex 2.552889823913574 -4.885382175445557 7.562576770782471
			vertex 0.8224559426307678 -3.987994909286499 7.984379768371582
		endloop
	endfacet
	facet normal 0.1062596048892853 0.5833808080617666 -0.805217814727154
		outer loop
			vertex 0.8224559426307678 -3.987994909286499 7.984379768371582
			vertex 2.552889823913574 -4.885382175445557 7.562576770782471
			vertex -0.9079660177230835 -5.0924553871154785 6.955844402313232
		endloop
	endfacet
	facet normal 0.05990607334606941 0.7892917798983261 -0.6110889857960033
		outer loop
			vertex 2.552889823913574 -4.885382175445557 7.562576770782471
			vertex 1.3056100606918335 -6.00547456741333 5.993575572967529
			vertex -0.9079660177230835 -5.0924553871154785 6.955844402313232
		endloop
	endfacet
	facet normal -0.3878100603190351 0.030691687262226524 -0.9212281896730822
		outer loop
			vertex -0.9079660177230835 -5.0924553871154785 6.955844402313232
			vertex 1.3056100606918335 -6.00547456741333 5.993575572967529
			vertex -2.106513738632202 -7.0006208419799805 7.396825313568115
		endloop
	endfacet
	facet normal -0.43219214044096566 0.26753995581777223 -0.8611807741595731
		outer loop
			vertex 1.3056100606918335 -6.00547456741333 5.993575572967529
			vertex 0.16697515547275543 -7.998788833618164 5.9457550048828125
			vertex -2.106513738632202 -7.0006208419799805 7.396825313568115
		endloop
	endfacet
	facet normal -0.6037030539316409 -0.5801343056572752 -0.5467968636277657
		outer loop
			vertex -2.106513738632202 -7.0006208419799805 7.396825313568115
			vertex 0.16697515547275543 -7.998788833618164 5.9457550048828125
			vertex -2.071094274520874 -8.594714164733887 9.049002647399902
		endloop
	endfacet
	facet normal -0.7195402521183085 -0.36717542819708765 -0.5894438315139165
		outer loop
			vertex 0.16697515547275543 -7.998788833618164 5.9457550048828125
			vertex -0.19601796567440033 -9.69766902923584 7.4471282958984375
			vertex -2.071094274520874 -8.594714164733887 9.049002647399902
		endloop
	endfacet
	facet normal -0.4269981548383159 -0.8965844680968299 0.11751113705601908
		outer loop
			vertex -2.071094274520874 -8.594714164733887 9.049002647399902
			vertex -0.19601796567440033 -9.69766902923584 7.4471282958984375
			vertex -0.8224559426307678 -8.940937042236328 10.944552421569824
		endloop
	endfacet
	facet normal -0.654268135535976 -0.7548539613401435 0.04613787892145674
		outer loop
			vertex -0.19601796567440033 -9.69766902923584 7.4471282958984375
			vertex 0.42926713824272156 -10.10693359375 9.618210792541504
			vertex -0.8224559426307678 -8.940937042236328 10.944552421569824
		endloop
	endfacet
	facet normal 0.053700692706308624 -0.7242863396305544 0.6874049271189695
		outer loop
			vertex -0.8224559426307678 -8.940937042236328 10.944552421569824
			vertex 0.42926713824272156 -10.10693359375 9.618210792541504
			vertex 0.9079660177230835 -7.836476802825928 11.973088264465332
		endloop
	endfacet
	facet normal -0.28001802189169933 -0.6620214302053656 0.6952104238032554
		outer loop
			vertex 0.42926713824272156 -10.10693359375 9.618210792541504
			vertex 1.6765469312667847 -8.986841201782227 11.187211990356445
			vertex 0.9079660177230835 -7.836476802825928 11.973088264465332
		endloop
	endfacet
	facet normal 0.5679218647701816 -0.1706364657463397 0.8052005663644045
		outer loop
			vertex 0.9079660177230835 -7.836476802825928 11.973088264465332
			vertex 1.6765469312667847 -8.986841201782227 11.187211990356445
			vertex 2.106513738632202 -5.928311347961426 11.532106399536133
		endloop
	endfacet
	facet normal 0.19997901210085225 -0.137506434563247 0.9701032806731822
		outer loop
			vertex 1.6765469312667847 -8.986841201782227 11.187211990356445
			vertex 2.8151819705963135 -6.993526935577393 11.235032081604004
			vertex 2.106513738632202 -5.928311347961426 11.532106399536133
		endloop
	endfacet
	facet normal 0.8114288794389305 0.42919205531712534 0.3967081462046669
		outer loop
			vertex 2.106513738632202 -5.928311347961426 11.532106399536133
			vertex 2.8151819705963135 -6.993526935577393 11.235032081604004
			vertex 2.071094274520874 -4.334217548370361 9.879929542541504
		endloop
	endfacet
	facet normal 0.5237608199447499 0.4985361310152233 0.6907505552391365
		outer loop
			vertex 2.8151819705963135 -6.993526935577393 11.235032081604004
			vertex 3.1781749725341797 -5.294647216796875 9.733658790588379
			vertex 2.071094274520874 -4.334217548370361 9.879929542541504
		endloop
	endfacet
	facet normal 0.4694136242053829 0.8824287550477515 0.03115030778729241
		outer loop
			vertex 3.1781749725341797 -5.294647216796875 9.733658790588379
			vertex 4.354249000549316 -5.916297912597656 9.62121295928955
			vertex 2.552889823913574 -4.885382175445557 7.562576770782471
		endloop
	endfacet
	facet normal 0.3736324778482385 0.9180232138855434 0.13278610719590941
		outer loop
			vertex 4.354249000549316 -5.916297912597656 9.62121295928955
			vertex 4.1864213943481445 -5.521718978881836 7.365504264831543
			vertex 2.552889823913574 -4.885382175445557 7.562576770782471
		endloop
	endfacet
	facet normal 0.19832138888532835 0.7163011034676287 -0.6690152134904348
		outer loop
			vertex 2.552889823913574 -4.885382175445557 7.562576770782471
			vertex 4.1864213943481445 -5.521718978881836 7.365504264831543
			vertex 1.3056100606918335 -6.00547456741333 5.993575572967529
		endloop
	endfacet
	facet normal 0.14913619839530778 0.7917624695199786 -0.5923433009563123
		outer loop
			vertex 4.1864213943481445 -5.521718978881836 7.365504264831543
			vertex 3.589284896850586 -6.776642322540283 5.537753582000732
			vertex 1.3056100606918335 -6.00547456741333 5.993575572967529
		endloop
	endfacet
	facet normal -0.15747933076705842 0.11349060614645748 -0.9809791754658553
		outer loop
			vertex 1.3056100606918335 -6.00547456741333 5.993575572967529
			vertex 3.589284896850586 -6.776642322540283 5.537753582000732
			vertex 0.16697515547275543 -7.998788833618164 5.9457550048828125
		endloop
	endfacet
	facet normal -0.1874844218931633 0.20424969754347266 -0.9607974045556047
		outer loop
			vertex 3.589284896850586 -6.776642322540283 5.537753582000732
			vertex 2.9126336574554443 -8.945951461791992 5.208631992340088
			vertex 0.16697515547275543 -7.998788833618164 5.9457550048828125
		endloop
	endfacet
	facet normal -0.38970012117670005 -0.561700765302429 -0.729812349726648
		outer loop
			vertex 0.16697515547275543 -7.998788833618164 5.9457550048828125
			vertex 2.9126336574554443 -8.945951461791992 5.208631992340088
			vertex -0.19601796567440033 -9.69766902923584 7.4471282958984375
		endloop
	endfacet
	facet normal -0.4301557493977871 -0.48620177909601164 -0.7606404283654014
		outer loop
			vertex 2.9126336574554443 -8.945951461791992 5.208631992340088
			vertex 2.5528411865234375 -10.758893013000488 6.570934295654297
			vertex -0.19601796567440033 -9.69766902923584 7.4471282958984375
		endloop
	endfacet
	facet normal -0.37745948780657657 -0.923712677079516 -0.065415787600478
		outer loop
			vertex -0.19601796567440033 -9.69766902923584 7.4471282958984375
			vertex 2.5528411865234375 -10.758893013000488 6.570934295654297
			vertex 0.42926713824272156 -10.10693359375 9.618210792541504
		endloop
	endfacet
	facet normal -0.44685537077857584 -0.8862779705366851 -0.1217852066045645
		outer loop
			vertex 2.5528411865234375 -10.758893013000488 6.570934295654297
			vertex 2.7206687927246094 -11.153471946716309 8.826642990112305
			vertex 0.42926713824272156 -10.10693359375 9.618210792541504
		endloop
	endfacet
	facet normal -0.12492753657803493 -0.75786295074613 0.6403412047423724
		outer loop
			vertex 0.42926713824272156 -10.10693359375 9.618210792541504
			vertex 2.7206687927246094 -11.153471946716309 8.826642990112305
			vertex 1.6765469312667847 -8.986841201782227 11.187211990356445
		endloop
	endfacet
	facet normal -0.2301969647022351 -0.765527551884876 0.6008135523995998
		outer loop
			vertex 2.7206687927246094 -11.153471946716309 8.826642990112305
			vertex 3.317805528640747 -9.89854907989502 10.654393196105957
			vertex 1.6765469312667847 -8.986841201782227 11.187211990356445
		endloop
	endfacet
	facet normal 0.22728541576579625 -0.15290417632274333 0.9617492670354537
		outer loop
			vertex 1.6765469312667847 -8.986841201782227 11.187211990356445
			vertex 3.317805528640747 -9.89854907989502 10.654393196105957
			vertex 2.8151819705963135 -6.993526935577393 11.235032081604004
		endloop
	endfacet
	facet normal 0.09722547709927003 -0.17886650455197306 0.979057700113828
		outer loop
			vertex 3.317805528640747 -9.89854907989502 10.654393196105957
			vertex 3.9944565296173096 -7.7292399406433105 10.983514785766602
			vertex 2.8151819705963135 -6.993526935577393 11.235032081604004
		endloop
	endfacet
	facet normal 0.47681429644815465 0.5226801603021363 0.7067202959652317
		outer loop
			vertex 2.8151819705963135 -6.993526935577393 11.235032081604004
			vertex 3.9944565296173096 -7.7292399406433105 10.983514785766602
			vertex 3.1781749725341797 -5.294647216796875 9.733658790588379
		endloop
	endfacet
	facet normal 0.34845143059917194 0.5179050878603503 0.7812527891033435
		outer loop
			vertex 3.9944565296173096 -7.7292399406433105 10.983514785766602
			vertex 4.354249000549316 -5.916297912597656 9.62121295928955
			vertex 3.1781749725341797 -5.294647216796875 9.733658790588379
		endloop
	endfacet
	facet normal 0.17535792996091495 0.9719114089731621 0.15696435744342033
		outer loop
			vertex 4.354249000549316 -5.916297912597656 9.62121295928955
			vertex 5.788009166717529 -6.172194004058838 9.60392951965332
			vertex 4.1864213943481445 -5.521718978881836 7.365504264831543
		endloop
	endfacet
	facet normal 0.15847519931293302 0.9727425422091828 0.16928543286161007
		outer loop
			vertex 5.788009166717529 -6.172194004058838 9.60392951965332
			vertex 5.934957027435303 -5.802587032318115 7.342541694641113
			vertex 4.1864213943481445 -5.521718978881836 7.365504264831543
		endloop
	endfacet
	facet normal 0.12070091644932883 0.7995235283436112 -0.5883820326907298
		outer loop
			vertex 4.1864213943481445 -5.521718978881836 7.365504264831543
			vertex 5.934957027435303 -5.802587032318115 7.342541694641113
			vertex 3.589284896850586 -6.776642322540283 5.537753582000732
		endloop
	endfacet
	facet normal 0.10842926312353254 0.8090898426002886 -0.5775956384007136
		outer loop
			vertex 5.934957027435303 -5.802587032318115 7.342541694641113
			vertex 6.019238471984863 -7.143242359161377 5.4803876876831055
			vertex 3.589284896850586 -6.776642322540283 5.537753582000732
		endloop
	endfacet
	facet normal -0.0006785888085085398 0.1502075573183977 -0.9886542516176569
		outer loop
			vertex 3.589284896850586 -6.776642322540283 5.537753582000732
			vertex 6.019238471984863 -7.143242359161377 5.4803876876831055
			vertex 2.9126336574554443 -8.945951461791992 5.208631992340088
		endloop
	endfacet
	facet normal -0.007779519533212465 0.16215519188599545 -0.9867346010048742
		outer loop
			vertex 6.019238471984863 -7.143242359161377 5.4803876876831055
			vertex 5.991483211517334 -9.408822059631348 5.108292102813721
			vertex 2.9126336574554443 -8.945951461791992 5.208631992340088
		endloop
	endfacet
	facet normal -0.11377662837033421 -0.5823017087066351 -0.8049718000489284
		outer loop
			vertex 2.9126336574554443 -8.945951461791992 5.208631992340088
			vertex 5.991483211517334 -9.408822059631348 5.108292102813721
			vertex 2.5528411865234375 -10.758893013000488 6.570934295654297
		endloop
	endfacet
	facet normal -0.1197369019763766 -0.5732226668569429 -0.8106040022763976
		outer loop
			vertex 5.991483211517334 -9.408822059631348 5.108292102813721
			vertex 5.867949485778809 -11.272180557250977 6.444222927093506
			vertex 2.5528411865234375 -10.758893013000488 6.570934295654297
		endloop
	endfacet
	facet normal -0.1569931946775619 -0.9747447517245343 -0.15882633852862443
		outer loop
			vertex 2.5528411865234375 -10.758893013000488 6.570934295654297
			vertex 5.867949485778809 -11.272180557250977 6.444222927093506
			vertex 2.7206687927246094 -11.153471946716309 8.826642990112305
		endloop
	endfacet
	facet normal -0.16497340907653918 -0.9716199376438909 -0.16952424921097983
		outer loop
			vertex 5.867949485778809 -11.272180557250977 6.444222927093506
			vertex 5.721001625061035 -11.6417875289917 8.705610275268555
			vertex 2.7206687927246094 -11.153471946716309 8.826642990112305
		endloop
	endfacet
	facet normal -0.10703874526248656 -0.8029915707817444 0.5862996198754516
		outer loop
			vertex 2.7206687927246094 -11.153471946716309 8.826642990112305
			vertex 5.721001625061035 -11.6417875289917 8.705610275268555
			vertex 3.317805528640747 -9.89854907989502 10.654393196105957
		endloop
	endfacet
	facet normal -0.11879636232520628 -0.8083490451237058 0.5765927900571526
		outer loop
			vertex 5.721001625061035 -11.6417875289917 8.705610275268555
			vertex 5.636720180511475 -10.301132202148438 10.567765235900879
			vertex 3.317805528640747 -9.89854907989502 10.654393196105957
		endloop
	endfacet
	facet normal 0.010327892534827623 -0.15314092389713632 0.9881503893961288
		outer loop
			vertex 3.317805528640747 -9.89854907989502 10.654393196105957
			vertex 5.636720180511475 -10.301132202148438 10.567765235900879
			vertex 3.9944565296173096 -7.7292399406433105 10.983514785766602
		endloop
	endfacet
	facet normal -0.003923488611857943 -0.1620194788097363 0.9867797599886888
		outer loop
			vertex 5.636720180511475 -10.301132202148438 10.567765235900879
			vertex 5.664475440979004 -8.035552978515625 10.939861297607422
			vertex 3.9944565296173096 -7.7292399406433105 10.983514785766602
		endloop
	endfacet
	facet normal 0.12734339240553738 0.5795657736844155 0.8049143894752001
		outer loop
			vertex 3.9944565296173096 -7.7292399406433105 10.983514785766602
			vertex 5.664475440979004 -8.035552978515625 10.939861297607422
			vertex 4.354249000549316 -5.916297912597656 9.62121295928955
		endloop
	endfacet
	facet normal 0.11223552566330353 0.5740632140227838 0.8110823713316135
		outer loop
			vertex 5.664475440979004 -8.035552978515625 10.939861297607422
			vertex 5.788009166717529 -6.172194004058838 9.60392951965332
			vertex 4.354249000549316 -5.916297912597656 9.62121295928955
		endloop
	endfacet
	facet normal -0.1362186506880464 0.9790769921853023 0.15117116979804618
		outer loop
			vertex 5.788009166717529 -6.172194004058838 9.60392951965332
			vertex 7.442982196807861 -5.973043918609619 9.805389404296875
			vertex 5.934957027435303 -5.802587032318115 7.342541694641113
		endloop
	endfacet
	facet normal -0.1244302297472842 0.9817037611757131 0.1441348091839595
		outer loop
			vertex 7.442982196807861 -5.973043918609619 9.805389404296875
			vertex 7.8300089836120605 -5.596331596374512 7.573714256286621
			vertex 5.934957027435303 -5.802587032318115 7.342541694641113
		endloop
	endfacet
	facet normal -0.01695049822632113 0.8110735582817702 -0.5846985237419602
		outer loop
			vertex 5.934957027435303 -5.802587032318115 7.342541694641113
			vertex 7.8300089836120605 -5.596331596374512 7.573714256286621
			vertex 6.019238471984863 -7.143242359161377 5.4803876876831055
		endloop
	endfacet
	facet normal -0.007200377341719632 0.8071829067906579 -0.5902574942778118
		outer loop
			vertex 7.8300089836120605 -5.596331596374512 7.573714256286621
			vertex 8.565022468566895 -6.876062870025635 5.814702987670898
			vertex 6.019238471984863 -7.143242359161377 5.4803876876831055
		endloop
	endfacet
	facet normal 0.1120363436501608 0.15971029827062813 -0.9807856434144059
		outer loop
			vertex 6.019238471984863 -7.143242359161377 5.4803876876831055
			vertex 8.565022468566895 -6.876062870025635 5.814702987670898
			vertex 5.991483211517334 -9.408822059631348 5.108292102813721
		endloop
	endfacet
	facet normal 0.12080922878427587 0.15089501189669044 -0.9811400642238836
		outer loop
			vertex 8.565022468566895 -6.876062870025635 5.814702987670898
			vertex 9.217460632324219 -9.062588691711426 5.558760643005371
			vertex 5.991483211517334 -9.408822059631348 5.108292102813721
		endloop
	endfacet
	facet normal 0.17340140717636846 -0.581410315402639 -0.7949176039896585
		outer loop
			vertex 5.991483211517334 -9.408822059631348 5.108292102813721
			vertex 9.217460632324219 -9.062588691711426 5.558760643005371
			vertex 5.867949485778809 -11.272180557250977 6.444222927093506
		endloop
	endfacet
	facet normal 0.18006788557263337 -0.5887462610037015 -0.7880059623756426
		outer loop
			vertex 9.217460632324219 -9.062588691711426 5.558760643005371
			vertex 9.405134201049805 -10.875072479248047 6.955814838409424
			vertex 5.867949485778809 -11.272180557250977 6.444222927093506
		endloop
	endfacet
	facet normal 0.13189534277100437 -0.9796118526730735 -0.1515395547629332
		outer loop
			vertex 5.867949485778809 -11.272180557250977 6.444222927093506
			vertex 9.405134201049805 -10.875072479248047 6.955814838409424
			vertex 5.721001625061035 -11.6417875289917 8.705610275268555
		endloop
	endfacet
	facet normal 0.13669272760691192 -0.9804135178635145 -0.14179009912497786
		outer loop
			vertex 9.405134201049805 -10.875072479248047 6.955814838409424
			vertex 9.018106460571289 -11.251784324645996 9.187490463256836
			vertex 5.721001625061035 -11.6417875289917 8.705610275268555
		endloop
	endfacet
	facet normal 0.010529199811860365 -0.8112832139965513 0.584558536537401
		outer loop
			vertex 5.721001625061035 -11.6417875289917 8.705610275268555
			vertex 9.018106460571289 -11.251784324645996 9.187490463256836
			vertex 5.636720180511475 -10.301132202148438 10.567765235900879
		endloop
	endfacet
	facet normal 0.015375558568186337 -0.8054747614233627 0.5924305874182166
		outer loop
			vertex 9.018106460571289 -11.251784324645996 9.187490463256836
			vertex 8.28309440612793 -9.972053527832031 10.946501731872559
			vertex 5.636720180511475 -10.301132202148438 10.567765235900879
		endloop
	endfacet
	facet normal -0.12040147470542878 -0.15945208427147586 0.9798359646952343
		outer loop
			vertex 5.636720180511475 -10.301132202148438 10.567765235900879
			vertex 8.28309440612793 -9.972053527832031 10.946501731872559
			vertex 5.664475440979004 -8.035552978515625 10.939861297607422
		endloop
	endfacet
	facet normal -0.11232692235535699 -0.1485241639687077 0.9825086438457273
		outer loop
			vertex 8.28309440612793 -9.972053527832031 10.946501731872559
			vertex 7.630655765533447 -7.785527229309082 11.202444076538086
			vertex 5.664475440979004 -8.035552978515625 10.939861297607422
		endloop
	endfacet
	facet normal -0.17989059862222898 0.5810140505754949 0.7937644773868333
		outer loop
			vertex 5.664475440979004 -8.035552978515625 10.939861297607422
			vertex 7.630655765533447 -7.785527229309082 11.202444076538086
			vertex 5.788009166717529 -6.172194004058838 9.60392951965332
		endloop
	endfacet
	facet normal -0.16718115554238874 0.5909800485348746 0.7891723788027739
		outer loop
			vertex 7.630655765533447 -7.785527229309082 11.202444076538086
			vertex 7.442982196807861 -5.973043918609619 9.805389404296875
			vertex 5.788009166717529 -6.172194004058838 9.60392951965332
		endloop
	endfacet
	facet normal -0.42283349186591335 0.9027523433131166 0.07905722483843983
		outer loop
			vertex 7.442982196807861 -5.973043918609619 9.805389404296875
			vertex 9.137717247009277 -5.220775127410889 10.279455184936523
			vertex 7.8300089836120605 -5.596331596374512 7.573714256286621
		endloop
	endfacet
	facet normal -0.41026354913028135 0.9091124874763494 0.07209927440404514
		outer loop
			vertex 9.137717247009277 -5.220775127410889 10.279455184936523
			vertex 9.720423698425293 -4.785098075866699 8.101676940917969
			vertex 7.8300089836120605 -5.596331596374512 7.573714256286621
		endloop
	endfacet
	facet normal -0.1551621978650357 0.766874410982127 -0.6227586451704282
		outer loop
			vertex 7.8300089836120605 -5.596331596374512 7.573714256286621
			vertex 9.720423698425293 -4.785098075866699 8.101676940917969
			vertex 8.565022468566895 -6.876062870025635 5.814702987670898
		endloop
	endfacet
	facet normal -0.14209590814832437 0.7652405122794549 -0.6278659978480925
		outer loop
			vertex 9.720423698425293 -4.785098075866699 8.101676940917969
			vertex 11.024622917175293 -5.833133220672607 6.529175281524658
			vertex 8.565022468566895 -6.876062870025635 5.814702987670898
		endloop
	endfacet
	facet normal 0.205878642729377 0.1741504604502541 -0.9629566976727844
		outer loop
			vertex 8.565022468566895 -6.876062870025635 5.814702987670898
			vertex 11.024622917175293 -5.833133220672607 6.529175281524658
			vertex 9.217460632324219 -9.062588691711426 5.558760643005371
		endloop
	endfacet
	facet normal 0.218341538053645 0.166745039008348 -0.9615212242724929
		outer loop
			vertex 11.024622917175293 -5.833133220672607 6.529175281524658
			vertex 12.286334037780762 -7.750955104827881 6.483098983764648
			vertex 9.217460632324219 -9.062588691711426 5.558760643005371
		endloop
	endfacet
	facet normal 0.44205448749803933 -0.5184407745655533 -0.731988383344104
		outer loop
			vertex 9.217460632324219 -9.062588691711426 5.558760643005371
			vertex 12.286334037780762 -7.750955104827881 6.483098983764648
			vertex 9.405134201049805 -10.875072479248047 6.955814838409424
		endloop
	endfacet
	facet normal 0.45024739242347805 -0.5245710132238214 -0.7225666320147867
		outer loop
			vertex 12.286334037780762 -7.750955104827881 6.483098983764648
			vertex 12.766462326049805 -9.415129661560059 7.9904398918151855
			vertex 9.405134201049805 -10.875072479248047 6.955814838409424
		endloop
	endfacet
	facet normal 0.41778762815492054 -0.9049883454539135 -0.08030935408328331
		outer loop
			vertex 9.405134201049805 -10.875072479248047 6.955814838409424
			vertex 12.766462326049805 -9.415129661560059 7.9904398918151855
			vertex 9.018106460571289 -11.251784324645996 9.187490463256836
		endloop
	endfacet
	facet normal 0.42134150079328475 -0.9043356088699848 -0.0681795148047902
		outer loop
			vertex 12.766462326049805 -9.415129661560059 7.9904398918151855
			vertex 12.183756828308105 -9.85080623626709 10.168217658996582
			vertex 9.018106460571289 -11.251784324645996 9.187490463256836
		endloop
	endfacet
	facet normal 0.1479204124476678 -0.7693157873649257 0.6215084640553148
		outer loop
			vertex 9.018106460571289 -11.251784324645996 9.187490463256836
			vertex 12.183756828308105 -9.85080623626709 10.168217658996582
			vertex 8.28309440612793 -9.972053527832031 10.946501731872559
		endloop
	endfacet
	facet normal 0.14960926502801059 -0.7609973021816333 0.6312687018140964
		outer loop
			vertex 12.183756828308105 -9.85080623626709 10.168217658996582
			vertex 10.879556655883789 -8.80277156829834 11.740720748901367
			vertex 8.28309440612793 -9.972053527832031 10.946501731872559
		endloop
	endfacet
	facet normal -0.2144052417076761 -0.17642807166145963 0.9606786808595743
		outer loop
			vertex 8.28309440612793 -9.972053527832031 10.946501731872559
			vertex 10.879556655883789 -8.80277156829834 11.740720748901367
			vertex 7.630655765533447 -7.785527229309082 11.202444076538086
		endloop
	endfacet
	facet normal -0.21032448823808392 -0.16153469742537338 0.9641940422835443
		outer loop
			vertex 10.879556655883789 -8.80277156829834 11.740720748901367
			vertex 9.61784553527832 -6.884949684143066 11.786796569824219
			vertex 7.630655765533447 -7.785527229309082 11.202444076538086
		endloop
	endfacet
	facet normal -0.44846916222125055 0.5160622019444999 0.7297638071737759
		outer loop
			vertex 7.630655765533447 -7.785527229309082 11.202444076538086
			vertex 9.61784553527832 -6.884949684143066 11.786796569824219
			vertex 7.442982196807861 -5.973043918609619 9.805389404296875
		endloop
	endfacet
	facet normal -0.438440771432526 0.5305768208751329 0.7254363701219347
		outer loop
			vertex 9.61784553527832 -6.884949684143066 11.786796569824219
			vertex 9.137717247009277 -5.220775127410889 10.279455184936523
			vertex 7.442982196807861 -5.973043918609619 9.805389404296875
		endloop
	endfacet
	facet normal -0.6594052064201711 0.7513335503985733 -0.026127950387395057
		outer loop
			vertex 9.137717247009277 -5.220775127410889 10.279455184936523
			vertex 10.618988037109375 -3.895205497741699 11.013813018798828
			vertex 9.720423698425293 -4.785098075866699 8.101676940917969
		endloop
	endfacet
	facet normal -0.6530935105114282 0.7566941065333674 -0.029713560297076457
		outer loop
			vertex 10.618988037109375 -3.895205497741699 11.013813018798828
			vertex 11.356637954711914 -3.3411128520965576 8.911212921142578
			vertex 9.720423698425293 -4.785098075866699 8.101676940917969
		endloop
	endfacet
	facet normal -0.26812628070537603 0.6841020725871799 -0.6783160412941941
		outer loop
			vertex 9.720423698425293 -4.785098075866699 8.101676940917969
			vertex 11.356637954711914 -3.3411128520965576 8.911212921142578
			vertex 11.024622917175293 -5.833133220672607 6.529175281524658
		endloop
	endfacet
	facet normal -0.26010148207815703 0.6850764253297745 -0.680453900332803
		outer loop
			vertex 11.356637954711914 -3.3411128520965576 8.911212921142578
			vertex 13.103625297546387 -4.003505229949951 7.576539993286133
			vertex 11.024622917175293 -5.833133220672607 6.529175281524658
		endloop
	endfacet
	facet normal 0.2857677291024583 0.21046435195472502 -0.9349018994311123
		outer loop
			vertex 11.024622917175293 -5.833133220672607 6.529175281524658
			vertex 13.103625297546387 -4.003505229949951 7.576539993286133
			vertex 12.286334037780762 -7.750955104827881 6.483098983764648
		endloop
	endfacet
	facet normal 0.2946205035748452 0.2078986024625636 -0.9327255383913414
		outer loop
			vertex 13.103625297546387 -4.003505229949951 7.576539993286133
			vertex 14.836587905883789 -5.494361877441406 7.791629314422607
			vertex 12.286334037780762 -7.750955104827881 6.483098983764648
		endloop
	endfacet
	facet normal 0.667541911123976 -0.38477820474542646 -0.6374429621902155
		outer loop
			vertex 12.286334037780762 -7.750955104827881 6.483098983764648
			vertex 14.836587905883789 -5.494361877441406 7.791629314422607
			vertex 12.766462326049805 -9.415129661560059 7.9904398918151855
		endloop
	endfacet
	facet normal 0.6727309996931616 -0.3871661400426695 -0.6305040698173959
		outer loop
			vertex 14.836587905883789 -5.494361877441406 7.791629314422607
			vertex 15.540380477905273 -6.940359592437744 9.4304838180542
			vertex 12.766462326049805 -9.415129661560059 7.9904398918151855
		endloop
	endfacet
	facet normal 0.6580918996579084 -0.7525042499878234 0.025542226897998337
		outer loop
			vertex 12.766462326049805 -9.415129661560059 7.9904398918151855
			vertex 15.540380477905273 -6.940359592437744 9.4304838180542
			vertex 12.183756828308105 -9.85080623626709 10.168217658996582
		endloop
	endfacet
	facet normal 0.6588923588173963 -0.7515080086878074 0.03311453412225922
		outer loop
			vertex 15.540380477905273 -6.940359592437744 9.4304838180542
			vertex 14.802730560302734 -7.494452476501465 11.533084869384766
			vertex 12.183756828308105 -9.85080623626709 10.168217658996582
		endloop
	endfacet
	facet normal 0.26478842962607363 -0.6865348116796456 0.6771683984712751
		outer loop
			vertex 12.183756828308105 -9.85080623626709 10.168217658996582
			vertex 14.802730560302734 -7.494452476501465 11.533084869384766
			vertex 10.879556655883789 -8.80277156829834 11.740720748901367
		endloop
	endfacet
	facet normal 0.26337302737366447 -0.6813805866308003 0.6829020022043408
		outer loop
			vertex 14.802730560302734 -7.494452476501465 11.533084869384766
			vertex 13.055743217468262 -6.832059860229492 12.867757797241211
			vertex 10.879556655883789 -8.80277156829834 11.740720748901367
		endloop
	endfacet
	facet normal -0.290061662341488 -0.21324210295323626 0.9329480358346728
		outer loop
			vertex 10.879556655883789 -8.80277156829834 11.740720748901367
			vertex 13.055743217468262 -6.832059860229492 12.867757797241211
			vertex 9.61784553527832 -6.884949684143066 11.786796569824219
		endloop
	endfacet
	facet normal -0.29084449943144364 -0.20318876528249327 0.9349458822912955
		outer loop
			vertex 13.055743217468262 -6.832059860229492 12.867757797241211
			vertex 11.32278060913086 -5.341203212738037 12.652667999267578
			vertex 9.61784553527832 -6.884949684143066 11.786796569824219
		endloop
	endfacet
	facet normal -0.6698218678728908 0.3829501942812516 0.6361507793119673
		outer loop
			vertex 9.61784553527832 -6.884949684143066 11.786796569824219
			vertex 11.32278060913086 -5.341203212738037 12.652667999267578
			vertex 9.137717247009277 -5.220775127410889 10.279455184936523
		endloop
	endfacet
	facet normal -0.6662453399503893 0.39360338165156705 0.6333983935461481
		outer loop
			vertex 11.32278060913086 -5.341203212738037 12.652667999267578
			vertex 10.618988037109375 -3.895205497741699 11.013813018798828
			vertex 9.137717247009277 -5.220775127410889 10.279455184936523
		endloop
	endfacet
	facet normal -0.8270871668703653 0.5424526868497258 -0.1472137932663442
		outer loop
			vertex 10.618988037109375 -3.895205497741699 11.013813018798828
			vertex 11.634403228759766 -2.0935118198394775 11.947806358337402
			vertex 11.356637954711914 -3.3411128520965576 8.911212921142578
		endloop
	endfacet
	facet normal -0.8257126584770192 0.5443024368891506 -0.1480995031299759
		outer loop
			vertex 11.634403228759766 -2.0935118198394775 11.947806358337402
			vertex 12.476068496704102 -1.3629071712493896 9.940346717834473
			vertex 11.356637954711914 -3.3411128520965576 8.911212921142578
		endloop
	endfacet
	facet normal -0.34466459393076976 0.5793118325814406 -0.7386502002447914
		outer loop
			vertex 11.356637954711914 -3.3411128520965576 8.911212921142578
			vertex 12.476068496704102 -1.3629071712493896 9.940346717834473
			vertex 13.103625297546387 -4.003505229949951 7.576539993286133
		endloop
	endfacet
	facet normal -0.34234545752074047 0.5802025351815949 -0.7390295027153958
		outer loop
			vertex 12.476068496704102 -1.3629071712493896 9.940346717834473
			vertex 14.503686904907227 -1.5235443115234375 8.87496566772461
			vertex 13.103625297546387 -4.003505229949951 7.576539993286133
		endloop
	endfacet
	facet normal 0.3469015230394501 0.2738179897355063 -0.8970412709625551
		outer loop
			vertex 13.103625297546387 -4.003505229949951 7.576539993286133
			vertex 14.503686904907227 -1.5235443115234375 8.87496566772461
			vertex 14.836587905883789 -5.494361877441406 7.791629314422607
		endloop
	endfacet
	facet normal 0.3507996525145247 0.27373756762849466 -0.8955486295363999
		outer loop
			vertex 14.503686904907227 -1.5235443115234375 8.87496566772461
			vertex 16.529508590698242 -2.4813241958618164 9.375750541687012
			vertex 14.836587905883789 -5.494361877441406 7.791629314422607
		endloop
	endfacet
	facet normal 0.8298418452930127 -0.19051781644887555 -0.5244668468227902
		outer loop
			vertex 14.836587905883789 -5.494361877441406 7.791629314422607
			vertex 16.529508590698242 -2.4813241958618164 9.375750541687012
			vertex 15.540380477905273 -6.940359592437744 9.4304838180542
		endloop
	endfacet
	facet normal 0.8318021014855642 -0.190912648261652 -0.5212078517232084
		outer loop
			vertex 16.529508590698242 -2.4813241958618164 9.375750541687012
			vertex 17.366832733154297 -3.6751925945281982 11.149347305297852
			vertex 15.540380477905273 -6.940359592437744 9.4304838180542
		endloop
	endfacet
	facet normal 0.8279295339574221 -0.5409797210097763 0.14789735716783728
		outer loop
			vertex 15.540380477905273 -6.940359592437744 9.4304838180542
			vertex 17.366832733154297 -3.6751925945281982 11.149347305297852
			vertex 14.802730560302734 -7.494452476501465 11.533084869384766
		endloop
	endfacet
	facet normal 0.8277389602785746 -0.5406111334302816 0.15029243509961066
		outer loop
			vertex 17.366832733154297 -3.6751925945281982 11.149347305297852
			vertex 16.52516746520996 -4.405797481536865 13.156806945800781
			vertex 14.802730560302734 -7.494452476501465 11.533084869384766
		endloop
	endfacet
	facet normal 0.34413232543679007 -0.5800492533010405 0.7383195827921487
		outer loop
			vertex 14.802730560302734 -7.494452476501465 11.533084869384766
			vertex 16.52516746520996 -4.405797481536865 13.156806945800781
			vertex 13.055743217468262 -6.832059860229492 12.867757797241211
		endloop
	endfacet
	facet normal 0.34297827688394633 -0.5785983986654499 0.7399931044594242
		outer loop
			vertex 16.52516746520996 -4.405797481536865 13.156806945800781
			vertex 14.49754810333252 -4.245160102844238 14.222187042236328
			vertex 13.055743217468262 -6.832059860229492 12.867757797241211
		endloop
	endfacet
	facet normal -0.3480194789076771 -0.2752426460596498 0.8961718183980745
		outer loop
			vertex 13.055743217468262 -6.832059860229492 12.867757797241211
			vertex 14.49754810333252 -4.245160102844238 14.222187042236328
			vertex 11.32278060913086 -5.341203212738037 12.652667999267578
		endloop
	endfacet
	facet normal -0.34979620848802706 -0.2709699485344322 0.8967819687742656
		outer loop
			vertex 14.49754810333252 -4.245160102844238 14.222187042236328
			vertex 12.47172737121582 -3.2873802185058594 13.721402168273926
			vertex 11.32278060913086 -5.341203212738037 12.652667999267578
		endloop
	endfacet
	facet normal -0.8295454060715841 0.19099639939797003 0.524761655118342
		outer loop
			vertex 11.32278060913086 -5.341203212738037 12.652667999267578
			vertex 12.47172737121582 -3.2873802185058594 13.721402168273926
			vertex 10.618988037109375 -3.895205497741699 11.013813018798828
		endloop
	endfacet
	facet normal -0.8292257162652367 0.1960037487976376 0.5234188016700182
		outer loop
			vertex 12.47172737121582 -3.2873802185058594 13.721402168273926
			vertex 11.634403228759766 -2.0935118198394775 11.947806358337402
			vertex 10.618988037109375 -3.895205497741699 11.013813018798828
		endloop
	endfacet
	facet normal -0.9139307438226888 0.2991366571688529 -0.2743134262728519
		outer loop
			vertex 11.634403228759766 -2.0935118198394775 11.947806358337402
			vertex 12.000091552734375 -0.020999636501073837 12.989500045776367
			vertex 12.476068496704102 -1.3629071712493896 9.940346717834473
		endloop
	endfacet
	facet normal -0.9144085033604176 0.29804608328028265 -0.27390805249836025
		outer loop
			vertex 12.000091552734375 -0.020999636501073837 12.989500045776367
			vertex 12.878745079040527 0.9338469505310059 11.09521484375
			vertex 12.476068496704102 -1.3629071712493896 9.940346717834473
		endloop
	endfacet
	facet normal -0.38178845512536375 0.4677611668676931 -0.7971430651417364
		outer loop
			vertex 12.476068496704102 -1.3629071712493896 9.940346717834473
			vertex 12.878745079040527 0.9338469505310059 11.09521484375
			vertex 14.503686904907227 -1.5235443115234375 8.87496566772461
		endloop
	endfacet
	facet normal -0.38237944744010366 0.4673384492397936 -0.797107729254676
		outer loop
			vertex 12.878745079040527 0.9338469505310059 11.09521484375
			vertex 15 1.3416587114334106 10.316727638244629
			vertex 14.503686904907227 -1.5235443115234375 8.87496566772461
		endloop
	endfacet
	facet normal 0.38139691675833465 0.36195494094746594 -0.8506027348950581
		outer loop
			vertex 14.503686904907227 -1.5235443115234375 8.87496566772461
			vertex 15 1.3416587114334106 10.316727638244629
			vertex 16.529508590698242 -2.4813241958618164 9.375750541687012
		endloop
	endfacet
	facet normal 0.38246468047238064 0.362234756463318 -0.8500039702266812
		outer loop
			vertex 15 1.3416587114334106 10.316727638244629
			vertex 17.12125587463379 0.9635449051856995 11.110064506530762
			vertex 16.529508590698242 -2.4813241958618164 9.375750541687012
		endloop
	endfacet
	facet normal 0.914733233007693 0.04502596452101637 -0.4015417474562837
		outer loop
			vertex 16.529508590698242 -2.4813241958618164 9.375750541687012
			vertex 17.12125587463379 0.9635449051856995 11.110064506530762
			vertex 17.366832733154297 -3.6751925945281982 11.149347305297852
		endloop
	endfacet
	facet normal 0.9150840743331312 0.045051338680431686 -0.40073871011542866
		outer loop
			vertex 17.12125587463379 0.9635449051856995 11.110064506530762
			vertex 17.999908447265625 0.020999636501073837 13.010499954223633
			vertex 17.366832733154297 -3.6751925945281982 11.149347305297852
		endloop
	endfacet
	facet normal 0.9146129717640744 -0.29557527616559504 0.2758955744489582
		outer loop
			vertex 17.366832733154297 -3.6751925945281982 11.149347305297852
			vertex 17.999908447265625 0.020999636501073837 13.010499954223633
			vertex 16.52516746520996 -4.405797481536865 13.156806945800781
		endloop
	endfacet
	facet normal 0.9147731354086195 -0.2956488089967884 0.27528511124553096
		outer loop
			vertex 17.999908447265625 0.020999636501073837 13.010499954223633
			vertex 17.12125587463379 -0.9338469505310059 14.90478515625
			vertex 16.52516746520996 -4.405797481536865 13.156806945800781
		endloop
	endfacet
	facet normal 0.38200312091816 -0.46706576319508797 0.7974479220988515
		outer loop
			vertex 16.52516746520996 -4.405797481536865 13.156806945800781
			vertex 17.12125587463379 -0.9338469505310059 14.90478515625
			vertex 14.49754810333252 -4.245160102844238 14.222187042236328
		endloop
	endfacet
	facet normal 0.3823800692668012 -0.46729901357652026 0.7971305504984285
		outer loop
			vertex 17.12125587463379 -0.9338469505310059 14.90478515625
			vertex 15 -1.3416587114334106 15.683272361755371
			vertex 14.49754810333252 -4.245160102844238 14.222187042236328
		endloop
	endfacet
	facet normal -0.3814167804012791 -0.36201448074255776 0.8505684895180511
		outer loop
			vertex 14.49754810333252 -4.245160102844238 14.222187042236328
			vertex 15 -1.3416587114334106 15.683272361755371
			vertex 12.47172737121582 -3.2873802185058594 13.721402168273926
		endloop
	endfacet
	facet normal -0.38244049983864664 -0.36075872947268656 0.8506423474013148
		outer loop
			vertex 15 -1.3416587114334106 15.683272361755371
			vertex 12.878745079040527 -0.9635449051856995 14.889935493469238
			vertex 12.47172737121582 -3.2873802185058594 13.721402168273926
		endloop
	endfacet
	facet normal -0.9142173645609535 -0.042516651237286554 0.402987524252044
		outer loop
			vertex 12.47172737121582 -3.2873802185058594 13.721402168273926
			vertex 12.878745079040527 -0.9635449051856995 14.889935493469238
			vertex 11.634403228759766 -2.0935118198394775 11.947806358337402
		endloop
	endfacet
	facet normal -0.9145014738134898 -0.04094764662058481 0.4025050864637498
		outer loop
			vertex 12.878745079040527 -0.9635449051856995 14.889935493469238
			vertex 12.000091552734375 -0.020999636501073837 12.989500045776367
			vertex 11.634403228759766 -2.0935118198394775 11.947806358337402
		endloop
	endfacet
endsolid exported
